line,sura,sura_name,aya,word_in_line,before,after
5,1,الفاتحة,5,1,اياك,إياك
5,1,الفاتحة,5,3,واياك,وإياك
7,1,الفاتحة,7,3,انعمت,أنعمت
9,2,البقرة,2,6,هدي,هدى
10,2,البقرة,3,2,يومنون,يؤمنون
10,2,البقرة,3,5,الصلاه,الصلاة
11,2,البقرة,4,2,يومنون,يؤمنون
11,2,البقرة,4,4,انزل,أنزل
11,2,البقرة,4,5,اليك,إليك
11,2,البقرة,4,7,انزل,أنزل
11,2,البقرة,4,10,وبالاخره,وبالآخرة
12,2,البقرة,5,1,اوليك,أولئك
12,2,البقرة,5,2,علي,على
12,2,البقرة,5,3,هدي,هدى
12,2,البقرة,5,6,واوليك,وأولئك
13,2,البقرة,6,1,ان,إن
13,2,البقرة,6,6,اانذرتهم,أأنذرتهم
13,2,البقرة,6,7,ام,أم
13,2,البقرة,6,11,يومنون,يؤمنون
14,2,البقرة,7,3,علي,على
14,2,البقرة,7,5,وعلي,وعلى
14,2,البقرة,7,7,وعلي,وعلى
14,2,البقرة,7,8,ابصارهم,أبصارهم
14,2,البقرة,7,9,غشاوه,غشاوة
15,2,البقرة,8,5,امنا,آمنا
15,2,البقرة,8,8,الاخر,الآخر
15,2,البقرة,8,11,بمومنين,بمؤمنين
16,2,البقرة,9,4,امنوا,آمنوا
16,2,البقرة,9,7,الا,إلا
16,2,البقرة,9,8,انفسهم,أنفسهم
17,2,البقرة,10,9,اليم,أليم
18,2,البقرة,11,1,واذا,وإذا
18,2,البقرة,11,7,الارض,الأرض
18,2,البقرة,11,9,انما,إنما
19,2,البقرة,12,1,الا,ألا
19,2,البقرة,12,2,انهم,إنهم
20,2,البقرة,13,1,واذا,وإذا
20,2,البقرة,13,4,امنوا,آمنوا
20,2,البقرة,13,6,امن,آمن
20,2,البقرة,13,9,انومن,أنؤمن
20,2,البقرة,13,11,امن,آمن
20,2,البقرة,13,13,الا,ألا
20,2,البقرة,13,14,انهم,إنهم
21,2,البقرة,14,1,واذا,وإذا
21,2,البقرة,14,4,امنوا,آمنوا
21,2,البقرة,14,6,امنا,آمنا
21,2,البقرة,14,7,واذا,وإذا
21,2,البقرة,14,9,الي,إلى
21,2,البقرة,14,12,انا,إنا
21,2,البقرة,14,14,انما,إنما
21,2,البقرة,14,16,مستهزيون,مستهزئون
22,2,البقرة,15,2,يستهزي,يستهزئ
23,2,البقرة,16,1,اوليك,أولئك
23,2,البقرة,16,4,الضلاله,الضلالة
23,2,البقرة,16,5,بالهدي,بالهدى
24,2,البقرة,17,7,اضاءت,أضاءت
26,2,البقرة,19,1,او,أو
26,2,البقرة,19,10,اصابعهم,أصابعهم
26,2,البقرة,19,12,اذانهم,آذانهم
27,2,البقرة,20,4,ابصارهم,أبصارهم
27,2,البقرة,20,6,اضاء,أضاء
27,2,البقرة,20,10,واذا,وإذا
27,2,البقرة,20,11,اظلم,أظلم
27,2,البقرة,20,19,وابصارهم,وأبصارهم
27,2,البقرة,20,20,ان,إن
27,2,البقرة,20,22,علي,على
28,2,البقرة,21,2,ايها,أيها
29,2,البقرة,22,4,الارض,الأرض
29,2,البقرة,22,8,وانزل,وأنزل
29,2,البقرة,22,12,فاخرج,فأخرج
29,2,البقرة,22,21,اندادا,أندادا
29,2,البقرة,22,22,وانتم,وأنتم
30,2,البقرة,23,1,وان,وإن
30,2,البقرة,23,7,علي,على
30,2,البقرة,23,9,فاتوا,فأتوا
30,2,البقرة,23,10,بسوره,بسورة
30,2,البقرة,23,18,ان,إن
31,2,البقرة,24,1,فان,فإن
31,2,البقرة,24,11,والحجاره,والحجارة
31,2,البقرة,24,12,اعدت,أعدت
32,2,البقرة,25,3,امنوا,آمنوا
32,2,البقرة,25,6,ان,أن
32,2,البقرة,25,12,الانهار,الأنهار
32,2,البقرة,25,17,ثمره,ثمرة
32,2,البقرة,25,25,واتوا,وأتوا
32,2,البقرة,25,30,ازواج,أزواج
32,2,البقرة,25,31,مطهره,مطهرة
33,2,البقرة,26,1,ان,إن
33,2,البقرة,26,5,ان,أن
33,2,البقرة,26,9,بعوضه,بعوضة
33,2,البقرة,26,12,فاما,فأما
33,2,البقرة,26,14,امنوا,آمنوا
33,2,البقرة,26,16,انه,أنه
33,2,البقرة,26,20,واما,وأما
33,2,البقرة,26,25,اراد,أراد
33,2,البقرة,26,38,الا,إلا
34,2,البقرة,27,10,امر,أمر
34,2,البقرة,27,13,ان,أن
34,2,البقرة,27,17,الارض,الأرض
34,2,البقرة,27,18,اوليك,أولئك
35,2,البقرة,28,5,امواتا,أمواتا
35,2,البقرة,28,6,فاحياكم,فأحياكم
35,2,البقرة,28,12,اليه,إليه
36,2,البقرة,29,7,الارض,الأرض
36,2,البقرة,29,10,استوي,استوى
36,2,البقرة,29,11,الي,إلى
37,2,البقرة,30,1,واذ,وإذ
37,2,البقرة,30,4,للملايكه,للملائكة
37,2,البقرة,30,5,اني,إني
37,2,البقرة,30,8,الارض,الأرض
37,2,البقرة,30,9,خليفه,خليفة
37,2,البقرة,30,11,اتجعل,أتجعل
37,2,البقرة,30,24,اني,إني
37,2,البقرة,30,25,اعلم,أعلم
38,2,البقرة,31,2,ادم,آدم
38,2,البقرة,31,3,الاسماء,الأسماء
38,2,البقرة,31,7,علي,على
38,2,البقرة,31,8,الملايكه,الملائكة
38,2,البقرة,31,10,انبيوني,أنبئوني
38,2,البقرة,31,11,باسماء,بأسماء
38,2,البقرة,31,12,هولاء,هؤلاء
38,2,البقرة,31,13,ان,إن
39,2,البقرة,32,6,الا,إلا
39,2,البقرة,32,9,انك,إنك
39,2,البقرة,32,10,انت,أنت
40,2,البقرة,33,3,ادم,آدم
40,2,البقرة,33,4,انبيهم,أنبئهم
40,2,البقرة,33,5,باسمايهم,بأسمائهم
40,2,البقرة,33,7,انباهم,أنبأهم
40,2,البقرة,33,8,باسمايهم,بأسمائهم
40,2,البقرة,33,10,الم,ألم
40,2,البقرة,33,11,اقل,أقل
40,2,البقرة,33,13,اني,إني
40,2,البقرة,33,14,اعلم,أعلم
40,2,البقرة,33,17,والارض,والأرض
40,2,البقرة,33,18,واعلم,وأعلم
41,2,البقرة,34,1,واذ,وإذ
41,2,البقرة,34,3,للملايكه,للملائكة
41,2,البقرة,34,5,لادم,لآدم
41,2,البقرة,34,7,الا,إلا
41,2,البقرة,34,8,ابليس,إبليس
41,2,البقرة,34,9,ابي,أبى
42,2,البقرة,35,3,ادم,آدم
42,2,البقرة,35,5,انت,أنت
42,2,البقرة,35,7,الجنه,الجنة
42,2,البقرة,35,12,شيتما,شئتما
42,2,البقرة,35,16,الشجره,الشجرة
43,2,البقرة,36,1,فازلهما,فأزلهما
43,2,البقرة,36,4,فاخرجهما,فأخرجهما
43,2,البقرة,36,15,الارض,الأرض
43,2,البقرة,36,18,الي,إلى
44,2,البقرة,37,1,فتلقي,فتلقى
44,2,البقرة,37,2,ادم,آدم
44,2,البقرة,37,8,انه,إنه
45,2,البقرة,38,5,فاما,فإما
45,2,البقرة,38,6,ياتينكم,يأتينكم
45,2,البقرة,38,8,هدي,هدى
46,2,البقرة,39,4,باياتنا,بآياتنا
46,2,البقرة,39,5,اوليك,أولئك
46,2,البقرة,39,6,اصحاب,أصحاب
47,2,البقرة,40,3,اسراييل,إسرائيل
47,2,البقرة,40,7,انعمت,أنعمت
47,2,البقرة,40,9,واوفوا,وأوفوا
47,2,البقرة,40,11,اوف,أوف
47,2,البقرة,40,13,واياي,وإياي
48,2,البقرة,41,1,وامنوا,وآمنوا
48,2,البقرة,41,3,انزلت,أنزلت
48,2,البقرة,41,9,اول,أول
48,2,البقرة,41,14,باياتي,بآياتي
48,2,البقرة,41,17,واياي,وإياي
49,2,البقرة,42,7,وانتم,وأنتم
50,2,البقرة,43,1,واقيموا,وأقيموا
50,2,البقرة,43,2,الصلاه,الصلاة
50,2,البقرة,43,3,واتوا,وآتوا
50,2,البقرة,43,4,الزكاه,الزكاة
51,2,البقرة,44,1,اتامرون,أتأمرون
51,2,البقرة,44,5,انفسكم,أنفسكم
51,2,البقرة,44,6,وانتم,وأنتم
51,2,البقرة,44,9,افلا,أفلا
52,2,البقرة,45,3,والصلاه,والصلاة
52,2,البقرة,45,4,وانها,وإنها
52,2,البقرة,45,5,لكبيره,لكبيرة
52,2,البقرة,45,6,الا,إلا
52,2,البقرة,45,7,علي,على
53,2,البقرة,46,3,انهم,أنهم
53,2,البقرة,46,6,وانهم,وأنهم
53,2,البقرة,46,7,اليه,إليه
54,2,البقرة,47,3,اسراييل,إسرائيل
54,2,البقرة,47,7,انعمت,أنعمت
54,2,البقرة,47,9,واني,وأني
54,2,البقرة,47,11,علي,على
55,2,البقرة,48,8,شييا,شيئا
55,2,البقرة,48,12,شفاعه,شفاعة
55,2,البقرة,48,14,يوخذ,يؤخذ
56,2,البقرة,49,1,واذ,وإذ
56,2,البقرة,49,4,ال,آل
56,2,البقرة,49,10,ابناءكم,أبناءكم
57,2,البقرة,50,1,واذ,وإذ
57,2,البقرة,50,5,فانجيناكم,فأنجيناكم
57,2,البقرة,50,6,واغرقنا,وأغرقنا
57,2,البقرة,50,7,ال,آل
57,2,البقرة,50,9,وانتم,وأنتم
58,2,البقرة,51,1,واذ,وإذ
58,2,البقرة,51,3,موسي,موسى
58,2,البقرة,51,4,اربعين,أربعين
58,2,البقرة,51,5,ليله,ليلة
58,2,البقرة,51,11,وانتم,وأنتم
60,2,البقرة,53,1,واذ,وإذ
60,2,البقرة,53,2,اتينا,آتينا
60,2,البقرة,53,3,موسي,موسى
61,2,البقرة,54,1,واذ,وإذ
61,2,البقرة,54,3,موسي,موسى
61,2,البقرة,54,7,انكم,إنكم
61,2,البقرة,54,9,انفسكم,أنفسكم
61,2,البقرة,54,13,الي,إلى
61,2,البقرة,54,14,باريكم,بارئكم
61,2,البقرة,54,16,انفسكم,أنفسكم
61,2,البقرة,54,21,باريكم,بارئكم
61,2,البقرة,54,24,انه,إنه
62,2,البقرة,55,1,واذ,وإذ
62,2,البقرة,55,4,موسي,موسى
62,2,البقرة,55,6,نومن,نؤمن
62,2,البقرة,55,8,حتي,حتى
62,2,البقرة,55,9,نري,نرى
62,2,البقرة,55,11,جهره,جهرة
62,2,البقرة,55,12,فاخذتكم,فأخذتكم
62,2,البقرة,55,13,الصاعقه,الصاعقة
62,2,البقرة,55,14,وانتم,وأنتم
64,2,البقرة,57,4,وانزلنا,وأنزلنا
64,2,البقرة,57,7,والسلوي,والسلوى
64,2,البقرة,57,17,انفسهم,أنفسهم
65,2,البقرة,58,1,واذ,وإذ
65,2,البقرة,58,5,القريه,القرية
65,2,البقرة,58,9,شيتم,شئتم
65,2,البقرة,58,15,حطه,حطة
66,2,البقرة,59,9,فانزلنا,فأنزلنا
66,2,البقرة,59,10,علي,على
67,2,البقرة,60,1,واذ,وإذ
67,2,البقرة,60,2,استسقي,استسقى
67,2,البقرة,60,3,موسي,موسى
67,2,البقرة,60,12,عشره,عشرة
67,2,البقرة,60,17,اناس,أناس
67,2,البقرة,60,27,الارض,الأرض
68,2,البقرة,61,1,واذ,وإذ
68,2,البقرة,61,4,موسي,موسى
68,2,البقرة,61,7,علي,على
68,2,البقرة,61,17,الارض,الأرض
68,2,البقرة,61,20,وقثايها,وقثائها
68,2,البقرة,61,25,اتستبدلون,أتستبدلون
68,2,البقرة,61,28,ادني,أدنى
68,2,البقرة,61,34,فان,فإن
68,2,البقرة,61,37,سالتم,سألتم
68,2,البقرة,61,40,الذله,الذلة
68,2,البقرة,61,41,والمسكنه,والمسكنة
68,2,البقرة,61,47,بانهم,بأنهم
68,2,البقرة,61,50,بايات,بآيات
69,2,البقرة,62,1,ان,إن
69,2,البقرة,62,3,امنوا,آمنوا
69,2,البقرة,62,6,والنصاري,والنصارى
69,2,البقرة,62,7,والصابيين,والصابئين
69,2,البقرة,62,9,امن,آمن
69,2,البقرة,62,12,الاخر,الآخر
69,2,البقرة,62,16,اجرهم,أجرهم
70,2,البقرة,63,1,واذ,وإذ
70,2,البقرة,63,2,اخذنا,أخذنا
70,2,البقرة,63,9,اتيناكم,آتيناكم
70,2,البقرة,63,10,بقوه,بقوة
72,2,البقرة,65,11,قرده,قردة
72,2,البقرة,65,12,خاسيين,خاسئين
73,2,البقرة,66,8,وموعظه,وموعظة
74,2,البقرة,67,1,واذ,وإذ
74,2,البقرة,67,3,موسي,موسى
74,2,البقرة,67,5,ان,إن
74,2,البقرة,67,7,يامركم,يأمركم
74,2,البقرة,67,8,ان,أن
74,2,البقرة,67,10,بقره,بقرة
74,2,البقرة,67,12,اتتخذنا,أتتخذنا
74,2,البقرة,67,15,اعوذ,أعوذ
74,2,البقرة,67,17,ان,أن
74,2,البقرة,67,18,اكون,أكون
75,2,البقرة,68,10,انه,إنه
75,2,البقرة,68,12,انها,إنها
75,2,البقرة,68,13,بقره,بقرة
75,2,البقرة,68,23,تومرون,تؤمرون
76,2,البقرة,69,10,انه,إنه
76,2,البقرة,69,12,انها,إنها
76,2,البقرة,69,13,بقره,بقرة
77,2,البقرة,70,9,ان,إن
77,2,البقرة,70,13,وانا,وإنا
77,2,البقرة,70,14,ان,إن
78,2,البقرة,71,2,انه,إنه
78,2,البقرة,71,4,انها,إنها
78,2,البقرة,71,5,بقره,بقرة
78,2,البقرة,71,9,الارض,الأرض
78,2,البقرة,71,13,مسلمه,مسلمة
78,2,البقرة,71,15,شيه,شية
78,2,البقرة,71,18,الان,الآن
78,2,البقرة,71,19,جيت,جئت
79,2,البقرة,72,1,واذ,وإذ
79,2,البقرة,72,4,فاداراتم,فادارأتم
80,2,البقرة,73,7,الموتي,الموتى
80,2,البقرة,73,9,اياته,آياته
81,2,البقرة,74,8,كالحجاره,كالحجارة
81,2,البقرة,74,9,او,أو
81,2,البقرة,74,10,اشد,أشد
81,2,البقرة,74,11,قسوه,قسوة
81,2,البقرة,74,12,وان,وإن
81,2,البقرة,74,14,الحجاره,الحجارة
81,2,البقرة,74,18,الانهار,الأنهار
81,2,البقرة,74,19,وان,وإن
81,2,البقرة,74,26,وان,وإن
81,2,البقرة,74,31,خشيه,خشية
82,2,البقرة,75,1,افتطمعون,أفتطمعون
82,2,البقرة,75,2,ان,أن
82,2,البقرة,75,3,يومنوا,يؤمنوا
83,2,البقرة,76,1,واذا,وإذا
83,2,البقرة,76,4,امنوا,آمنوا
83,2,البقرة,76,6,امنا,آمنا
83,2,البقرة,76,7,واذا,وإذا
83,2,البقرة,76,10,الي,إلى
83,2,البقرة,76,13,اتحدثونهم,أتحدثونهم
83,2,البقرة,76,22,افلا,أفلا
84,2,البقرة,77,1,اولا,أولا
84,2,البقرة,77,3,ان,أن
85,2,البقرة,78,2,اميون,أميون
85,2,البقرة,78,6,الا,إلا
85,2,البقرة,78,7,اماني,أماني
85,2,البقرة,78,8,وان,وإن
85,2,البقرة,78,10,الا,إلا
86,2,البقرة,79,5,بايديهم,بأيديهم
86,2,البقرة,79,20,ايديهم,أيديهم
87,2,البقرة,80,5,الا,إلا
87,2,البقرة,80,6,اياما,أياما
87,2,البقرة,80,7,معدوده,معدودة
87,2,البقرة,80,9,اتخذتم,أتخذتم
87,2,البقرة,80,17,ام,أم
87,2,البقرة,80,19,علي,على
88,2,البقرة,81,1,بلي,بلى
88,2,البقرة,81,4,سييه,سيئة
88,2,البقرة,81,5,واحاطت,وأحاطت
88,2,البقرة,81,7,خطييته,خطيئته
88,2,البقرة,81,8,فاوليك,فأولئك
88,2,البقرة,81,9,اصحاب,أصحاب
89,2,البقرة,82,2,امنوا,آمنوا
89,2,البقرة,82,5,اوليك,أولئك
89,2,البقرة,82,6,اصحاب,أصحاب
89,2,البقرة,82,7,الجنه,الجنة
90,2,البقرة,83,1,واذ,وإذ
90,2,البقرة,83,2,اخذنا,أخذنا
90,2,البقرة,83,5,اسراييل,إسرائيل
90,2,البقرة,83,8,الا,إلا
90,2,البقرة,83,11,احسانا,إحسانا
90,2,البقرة,83,13,القربي,القربى
90,2,البقرة,83,14,واليتامي,واليتامى
90,2,البقرة,83,19,واقيموا,وأقيموا
90,2,البقرة,83,20,الصلاه,الصلاة
90,2,البقرة,83,21,واتوا,وآتوا
90,2,البقرة,83,22,الزكاه,الزكاة
90,2,البقرة,83,25,الا,إلا
90,2,البقرة,83,28,وانتم,وأنتم
91,2,البقرة,84,1,واذ,وإذ
91,2,البقرة,84,2,اخذنا,أخذنا
91,2,البقرة,84,9,انفسكم,أنفسكم
91,2,البقرة,84,13,اقررتم,أقررتم
91,2,البقرة,84,14,وانتم,وأنتم
92,2,البقرة,85,2,انتم,أنتم
92,2,البقرة,85,3,هولاء,هؤلاء
92,2,البقرة,85,5,انفسكم,أنفسكم
92,2,البقرة,85,13,بالاثم,بالإثم
92,2,البقرة,85,15,وان,وإن
92,2,البقرة,85,16,ياتوكم,يأتوكم
92,2,البقرة,85,17,اساري,أسارى
92,2,البقرة,85,22,اخراجهم,إخراجهم
92,2,البقرة,85,23,افتومنون,أفتؤمنون
92,2,البقرة,85,34,الا,إلا
92,2,البقرة,85,37,الحياه,الحياة
92,2,البقرة,85,40,القيامه,القيامة
92,2,البقرة,85,42,الي,إلى
92,2,البقرة,85,43,اشد,أشد
93,2,البقرة,86,1,اوليك,أولئك
93,2,البقرة,86,4,الحياه,الحياة
93,2,البقرة,86,6,بالاخره,بالآخرة
94,2,البقرة,87,2,اتينا,آتينا
94,2,البقرة,87,3,موسي,موسى
94,2,البقرة,87,9,واتينا,وآتينا
94,2,البقرة,87,10,عيسي,عيسى
94,2,البقرة,87,14,وايدناه,وأيدناه
94,2,البقرة,87,17,افكلما,أفكلما
94,2,البقرة,87,22,تهوي,تهوى
94,2,البقرة,87,23,انفسكم,أنفسكم
95,2,البقرة,88,10,يومنون,يؤمنون
96,2,البقرة,89,14,علي,على
96,2,البقرة,89,23,فلعنه,فلعنة
96,2,البقرة,89,25,علي,على
97,2,البقرة,90,1,بيسما,بئسما
97,2,البقرة,90,4,انفسهم,أنفسهم
97,2,البقرة,90,5,ان,أن
97,2,البقرة,90,8,انزل,أنزل
97,2,البقرة,90,11,ان,أن
97,2,البقرة,90,16,علي,على
97,2,البقرة,90,23,علي,على
98,2,البقرة,91,1,واذا,وإذا
98,2,البقرة,91,4,امنوا,آمنوا
98,2,البقرة,91,6,انزل,أنزل
98,2,البقرة,91,9,نومن,نؤمن
98,2,البقرة,91,11,انزل,أنزل
98,2,البقرة,91,24,انبياء,أنبياء
98,2,البقرة,91,28,ان,إن
98,2,البقرة,91,30,مومنين,مؤمنين
99,2,البقرة,92,3,موسي,موسى
99,2,البقرة,92,10,وانتم,وأنتم
100,2,البقرة,93,1,واذ,وإذ
100,2,البقرة,93,2,اخذنا,أخذنا
100,2,البقرة,93,9,اتيناكم,آتيناكم
100,2,البقرة,93,10,بقوه,بقوة
100,2,البقرة,93,15,واشربوا,وأشربوا
100,2,البقرة,93,21,بيسما,بئسما
100,2,البقرة,93,22,يامركم,يأمركم
100,2,البقرة,93,24,ايمانكم,إيمانكم
100,2,البقرة,93,25,ان,إن
100,2,البقرة,93,27,مومنين,مؤمنين
101,2,البقرة,94,2,ان,إن
101,2,البقرة,94,6,الاخره,الآخرة
101,2,البقرة,94,9,خالصه,خالصة
101,2,البقرة,94,15,ان,إن
102,2,البقرة,95,3,ابدا,أبدا
102,2,البقرة,95,6,ايديهم,أيديهم
103,2,البقرة,96,2,احرص,أحرص
103,2,البقرة,96,4,علي,على
103,2,البقرة,96,5,حياه,حياة
103,2,البقرة,96,8,اشركوا,أشركوا
103,2,البقرة,96,10,احدهم,أحدهم
103,2,البقرة,96,13,الف,ألف
103,2,البقرة,96,14,سنه,سنة
103,2,البقرة,96,20,ان,أن
104,2,البقرة,97,6,فانه,فإنه
104,2,البقرة,97,8,علي,على
104,2,البقرة,97,10,باذن,بإذن
104,2,البقرة,97,16,وهدي,وهدى
104,2,البقرة,97,17,وبشري,وبشرى
104,2,البقرة,97,18,للمومنين,للمؤمنين
105,2,البقرة,98,5,وملايكته,وملائكته
105,2,البقرة,98,9,فان,فإن
106,2,البقرة,99,2,انزلنا,أنزلنا
106,2,البقرة,99,3,اليك,إليك
106,2,البقرة,99,4,ايات,آيات
106,2,البقرة,99,9,الا,إلا
107,2,البقرة,100,1,اوكلما,أوكلما
107,2,البقرة,100,8,اكثرهم,أكثرهم
107,2,البقرة,100,10,يومنون,يؤمنون
108,2,البقرة,101,14,اوتوا,أوتوا
108,2,البقرة,101,20,كانهم,كأنهم
109,2,البقرة,102,5,علي,على
109,2,البقرة,102,18,انزل,أنزل
109,2,البقرة,102,19,علي,على
109,2,البقرة,102,27,احد,أحد
109,2,البقرة,102,28,حتي,حتى
109,2,البقرة,102,30,انما,إنما
109,2,البقرة,102,32,فتنه,فتنة
109,2,البقرة,102,48,احد,أحد
109,2,البقرة,102,49,الا,إلا
109,2,البقرة,102,50,باذن,بإذن
109,2,البقرة,102,64,الاخره,الآخرة
109,2,البقرة,102,67,ولبيس,ولبئس
109,2,البقرة,102,71,انفسهم,أنفسهم
110,2,البقرة,103,2,انهم,أنهم
110,2,البقرة,103,3,امنوا,آمنوا
110,2,البقرة,103,5,لمثوبه,لمثوبة
111,2,البقرة,104,2,ايها,أيها
111,2,البقرة,104,4,امنوا,آمنوا
111,2,البقرة,104,13,اليم,أليم
112,2,البقرة,105,6,اهل,أهل
112,2,البقرة,105,10,ان,أن
113,2,البقرة,106,4,ايه,آية
113,2,البقرة,106,5,او,أو
113,2,البقرة,106,7,نات,نأت
113,2,البقرة,106,10,او,أو
113,2,البقرة,106,12,الم,ألم
113,2,البقرة,106,14,ان,أن
113,2,البقرة,106,16,علي,على
114,2,البقرة,107,1,الم,ألم
114,2,البقرة,107,3,ان,أن
114,2,البقرة,107,8,والارض,والأرض
115,2,البقرة,108,1,ام,أم
115,2,البقرة,108,3,ان,أن
115,2,البقرة,108,4,تسالوا,تسألوا
115,2,البقرة,108,7,سيل,سئل
115,2,البقرة,108,8,موسي,موسى
115,2,البقرة,108,14,بالايمان,بالإيمان
116,2,البقرة,109,4,اهل,أهل
116,2,البقرة,109,10,ايمانكم,إيمانكم
116,2,البقرة,109,15,انفسهم,أنفسهم
116,2,البقرة,109,24,حتي,حتى
116,2,البقرة,109,25,ياتي,يأتي
116,2,البقرة,109,27,بامره,بأمره
116,2,البقرة,109,28,ان,إن
116,2,البقرة,109,30,علي,على
117,2,البقرة,110,1,واقيموا,وأقيموا
117,2,البقرة,110,2,الصلاه,الصلاة
117,2,البقرة,110,3,واتوا,وآتوا
117,2,البقرة,110,4,الزكاه,الزكاة
117,2,البقرة,110,7,لانفسكم,لأنفسكم
117,2,البقرة,110,13,ان,إن
118,2,البقرة,111,4,الجنه,الجنة
118,2,البقرة,111,5,الا,إلا
118,2,البقرة,111,9,او,أو
118,2,البقرة,111,10,نصاري,نصارى
118,2,البقرة,111,12,امانيهم,أمانيهم
118,2,البقرة,111,16,ان,إن
119,2,البقرة,112,1,بلي,بلى
119,2,البقرة,112,3,اسلم,أسلم
119,2,البقرة,112,9,اجره,أجره
120,2,البقرة,113,4,النصاري,النصارى
120,2,البقرة,113,5,علي,على
120,2,البقرة,113,8,النصاري,النصارى
120,2,البقرة,113,11,علي,على
120,2,البقرة,113,27,القيامه,القيامة
121,2,البقرة,114,2,اظلم,أظلم
121,2,البقرة,114,7,ان,أن
121,2,البقرة,114,11,وسعي,وسعى
121,2,البقرة,114,14,اوليك,أولئك
121,2,البقرة,114,18,ان,أن
121,2,البقرة,114,20,الا,إلا
121,2,البقرة,114,21,خايفين,خائفين
121,2,البقرة,114,28,الاخره,الآخرة
122,2,البقرة,115,4,فاينما,فأينما
122,2,البقرة,115,9,ان,إن
123,2,البقرة,116,11,والارض,والأرض
124,2,البقرة,117,3,والارض,والأرض
124,2,البقرة,117,4,واذا,وإذا
124,2,البقرة,117,5,قضي,قضى
124,2,البقرة,117,6,امرا,أمرا
124,2,البقرة,117,7,فانما,فإنما
125,2,البقرة,118,8,او,أو
125,2,البقرة,118,9,تاتينا,تأتينا
125,2,البقرة,118,10,ايه,آية
125,2,البقرة,118,22,الايات,الآيات
126,2,البقرة,119,1,انا,إنا
126,2,البقرة,119,2,ارسلناك,أرسلناك
126,2,البقرة,119,7,تسال,تسأل
126,2,البقرة,119,9,اصحاب,أصحاب
127,2,البقرة,120,2,ترضي,ترضى
127,2,البقرة,120,6,النصاري,النصارى
127,2,البقرة,120,7,حتي,حتى
127,2,البقرة,120,11,ان,إن
127,2,البقرة,120,12,هدي,هدى
127,2,البقرة,120,15,الهدي,الهدى
127,2,البقرة,120,16,ولين,ولئن
127,2,البقرة,120,18,اهواءهم,أهواءهم
128,2,البقرة,121,2,اتيناهم,آتيناهم
128,2,البقرة,121,7,اوليك,أولئك
128,2,البقرة,121,8,يومنون,يؤمنون
128,2,البقرة,121,13,فاوليك,فأولئك
129,2,البقرة,122,3,اسراييل,إسرائيل
129,2,البقرة,122,7,انعمت,أنعمت
129,2,البقرة,122,9,واني,وأني
129,2,البقرة,122,11,علي,على
130,2,البقرة,123,8,شييا,شيئا
130,2,البقرة,123,15,شفاعه,شفاعة
131,2,البقرة,124,1,واذ,وإذ
131,2,البقرة,124,2,ابتلي,ابتلى
131,2,البقرة,124,3,ابراهيم,إبراهيم
131,2,البقرة,124,6,فاتمهن,فأتمهن
131,2,البقرة,124,8,اني,إني
131,2,البقرة,124,11,اماما,إماما
132,2,البقرة,125,1,واذ,وإذ
132,2,البقرة,125,4,مثابه,مثابة
132,2,البقرة,125,6,وامنا,وأمنا
132,2,البقرة,125,10,ابراهيم,إبراهيم
132,2,البقرة,125,11,مصلي,مصلى
132,2,البقرة,125,13,الي,إلى
132,2,البقرة,125,14,ابراهيم,إبراهيم
132,2,البقرة,125,15,واسماعيل,وإسماعيل
132,2,البقرة,125,16,ان,أن
132,2,البقرة,125,19,للطايفين,للطائفين
133,2,البقرة,126,1,واذ,وإذ
133,2,البقرة,126,3,ابراهيم,إبراهيم
133,2,البقرة,126,8,امنا,آمنا
133,2,البقرة,126,10,اهله,أهله
133,2,البقرة,126,14,امن,آمن
133,2,البقرة,126,18,الاخر,الآخر
133,2,البقرة,126,22,فامتعه,فأمتعه
133,2,البقرة,126,25,اضطره,أضطره
133,2,البقرة,126,26,الي,إلى
133,2,البقرة,126,29,وبيس,وبئس
134,2,البقرة,127,1,واذ,وإذ
134,2,البقرة,127,3,ابراهيم,إبراهيم
134,2,البقرة,127,7,واسماعيل,وإسماعيل
134,2,البقرة,127,11,انك,إنك
134,2,البقرة,127,12,انت,أنت
135,2,البقرة,128,7,امه,أمة
135,2,البقرة,128,8,مسلمه,مسلمة
135,2,البقرة,128,10,وارنا,وأرنا
135,2,البقرة,128,14,انك,إنك
135,2,البقرة,128,15,انت,أنت
136,2,البقرة,129,8,اياتك,آياتك
136,2,البقرة,129,11,والحكمه,والحكمة
136,2,البقرة,129,13,انك,إنك
136,2,البقرة,129,14,انت,أنت
137,2,البقرة,130,4,مله,ملة
137,2,البقرة,130,5,ابراهيم,إبراهيم
137,2,البقرة,130,6,الا,إلا
137,2,البقرة,130,14,وانه,وإنه
137,2,البقرة,130,16,الاخره,الآخرة
138,2,البقرة,131,1,اذ,إذ
138,2,البقرة,131,5,اسلم,أسلم
138,2,البقرة,131,7,اسلمت,أسلمت
139,2,البقرة,132,1,ووصي,ووصى
139,2,البقرة,132,3,ابراهيم,إبراهيم
139,2,البقرة,132,8,ان,إن
139,2,البقرة,132,10,اصطفي,اصطفى
139,2,البقرة,132,15,الا,إلا
139,2,البقرة,132,16,وانتم,وأنتم
140,2,البقرة,133,1,ام,أم
140,2,البقرة,133,4,اذ,إذ
140,2,البقرة,133,8,اذ,إذ
140,2,البقرة,133,17,الهك,إلهك
140,2,البقرة,133,18,واله,وإله
140,2,البقرة,133,19,ابايك,آبائك
140,2,البقرة,133,20,ابراهيم,إبراهيم
140,2,البقرة,133,21,واسماعيل,وإسماعيل
140,2,البقرة,133,22,واسحاق,وإسحاق
140,2,البقرة,133,23,الها,إلها
141,2,البقرة,134,2,امه,أمة
141,2,البقرة,134,12,تسالون,تسألون
142,2,البقرة,135,4,او,أو
142,2,البقرة,135,5,نصاري,نصارى
142,2,البقرة,135,9,مله,ملة
142,2,البقرة,135,10,ابراهيم,إبراهيم
143,2,البقرة,136,2,امنا,آمنا
143,2,البقرة,136,5,انزل,أنزل
143,2,البقرة,136,6,الينا,إلينا
143,2,البقرة,136,8,انزل,أنزل
143,2,البقرة,136,9,الي,إلى
143,2,البقرة,136,10,ابراهيم,إبراهيم
143,2,البقرة,136,11,واسماعيل,وإسماعيل
143,2,البقرة,136,12,واسحاق,وإسحاق
143,2,البقرة,136,14,والاسباط,والأسباط
143,2,البقرة,136,16,اوتي,أوتي
143,2,البقرة,136,17,موسي,موسى
143,2,البقرة,136,18,وعيسي,وعيسى
143,2,البقرة,136,20,اوتي,أوتي
143,2,البقرة,136,27,احد,أحد
144,2,البقرة,137,1,فان,فإن
144,2,البقرة,137,2,امنوا,آمنوا
144,2,البقرة,137,5,امنتم,آمنتم
144,2,البقرة,137,9,وان,وإن
144,2,البقرة,137,11,فانما,فإنما
145,2,البقرة,138,1,صبغه,صبغة
145,2,البقرة,138,4,احسن,أحسن
145,2,البقرة,138,7,صبغه,صبغة
146,2,البقرة,139,2,اتحاجوننا,أتحاجوننا
146,2,البقرة,139,9,اعمالنا,أعمالنا
146,2,البقرة,139,11,اعمالكم,أعمالكم
147,2,البقرة,140,1,ام,أم
147,2,البقرة,140,3,ان,إن
147,2,البقرة,140,4,ابراهيم,إبراهيم
147,2,البقرة,140,5,واسماعيل,وإسماعيل
147,2,البقرة,140,6,واسحاق,وإسحاق
147,2,البقرة,140,8,والاسباط,والأسباط
147,2,البقرة,140,11,او,أو
147,2,البقرة,140,12,نصاري,نصارى
147,2,البقرة,140,14,اانتم,أأنتم
147,2,البقرة,140,15,اعلم,أعلم
147,2,البقرة,140,16,ام,أم
147,2,البقرة,140,19,اظلم,أظلم
147,2,البقرة,140,22,شهاده,شهادة
148,2,البقرة,141,2,امه,أمة
148,2,البقرة,141,12,تسالون,تسألون
149,2,البقرة,142,19,الي,إلى
150,2,البقرة,143,3,امه,أمة
150,2,البقرة,143,7,علي,على
150,2,البقرة,143,15,القبله,القبلة
150,2,البقرة,143,19,الا,إلا
150,2,البقرة,143,26,علي,على
150,2,البقرة,143,28,وان,وإن
150,2,البقرة,143,30,لكبيره,لكبيرة
150,2,البقرة,143,31,الا,إلا
150,2,البقرة,143,32,علي,على
150,2,البقرة,143,34,هدي,هدى
150,2,البقرة,143,40,ايمانكم,إيمانكم
150,2,البقرة,143,41,ان,إن
151,2,البقرة,144,2,نري,نرى
151,2,البقرة,144,8,قبله,قبلة
151,2,البقرة,144,21,وان,وإن
151,2,البقرة,144,23,اوتوا,أوتوا
151,2,البقرة,144,26,انه,أنه
152,2,البقرة,145,1,ولين,ولئن
152,2,البقرة,145,2,اتيت,أتيت
152,2,البقرة,145,4,اوتوا,أوتوا
152,2,البقرة,145,7,ايه,آية
152,2,البقرة,145,12,انت,أنت
152,2,البقرة,145,18,قبله,قبلة
152,2,البقرة,145,20,ولين,ولئن
152,2,البقرة,145,22,اهواءهم,أهواءهم
152,2,البقرة,145,29,انك,إنك
152,2,البقرة,145,30,اذا,إذا
153,2,البقرة,146,2,اتيناهم,آتيناهم
153,2,البقرة,146,7,ابناءهم,أبناءهم
153,2,البقرة,146,8,وان,وإن
155,2,البقرة,148,2,وجهه,وجهة
155,2,البقرة,148,7,اين,أين
155,2,البقرة,148,10,يات,يأت
155,2,البقرة,148,14,ان,إن
155,2,البقرة,148,16,علي,على
156,2,البقرة,149,9,وانه,وإنه
157,2,البقرة,150,15,ليلا,لئلا
157,2,البقرة,150,19,حجه,حجة
157,2,البقرة,150,20,الا,إلا
157,2,البقرة,150,27,ولاتم,ولأتم
158,2,البقرة,151,2,ارسلنا,أرسلنا
158,2,البقرة,151,8,اياتنا,آياتنا
158,2,البقرة,151,12,والحكمه,والحكمة
159,2,البقرة,152,2,اذكركم,أذكركم
160,2,البقرة,153,2,ايها,أيها
160,2,البقرة,153,4,امنوا,آمنوا
160,2,البقرة,153,7,والصلاه,والصلاة
160,2,البقرة,153,8,ان,إن
161,2,البقرة,154,8,اموات,أموات
161,2,البقرة,154,10,احياء,أحياء
162,2,البقرة,155,8,الاموال,الأموال
162,2,البقرة,155,9,والانفس,والأنفس
163,2,البقرة,156,2,اذا,إذا
163,2,البقرة,156,3,اصابتهم,أصابتهم
163,2,البقرة,156,4,مصيبه,مصيبة
163,2,البقرة,156,6,انا,إنا
163,2,البقرة,156,8,وانا,وإنا
163,2,البقرة,156,9,اليه,إليه
164,2,البقرة,157,1,اوليك,أولئك
164,2,البقرة,157,6,ورحمه,ورحمة
164,2,البقرة,157,7,واوليك,وأولئك
165,2,البقرة,158,1,ان,إن
165,2,البقرة,158,3,والمروه,والمروة
165,2,البقرة,158,5,شعاير,شعائر
165,2,البقرة,158,10,او,أو
165,2,البقرة,158,15,ان,أن
165,2,البقرة,158,21,فان,فإن
166,2,البقرة,159,1,ان,إن
166,2,البقرة,159,5,انزلنا,أنزلنا
166,2,البقرة,159,8,والهدي,والهدى
166,2,البقرة,159,16,اوليك,أولئك
167,2,البقرة,160,1,الا,إلا
167,2,البقرة,160,4,واصلحوا,وأصلحوا
167,2,البقرة,160,6,فاوليك,فأولئك
167,2,البقرة,160,7,اتوب,أتوب
167,2,البقرة,160,9,وانا,وأنا
168,2,البقرة,161,1,ان,إن
168,2,البقرة,161,7,اوليك,أولئك
168,2,البقرة,161,9,لعنه,لعنة
168,2,البقرة,161,11,والملايكه,والملائكة
168,2,البقرة,161,13,اجمعين,أجمعين
170,2,البقرة,163,1,والهكم,وإلهكم
170,2,البقرة,163,2,اله,إله
170,2,البقرة,163,5,اله,إله
170,2,البقرة,163,6,الا,إلا
171,2,البقرة,164,1,ان,إن
171,2,البقرة,164,5,والارض,والأرض
171,2,البقرة,164,18,انزل,أنزل
171,2,البقرة,164,24,فاحيا,فأحيا
171,2,البقرة,164,26,الارض,الأرض
171,2,البقرة,164,33,دابه,دابة
171,2,البقرة,164,40,والارض,والأرض
171,2,البقرة,164,41,لايات,لآيات
172,2,البقرة,165,8,اندادا,أندادا
172,2,البقرة,165,13,امنوا,آمنوا
172,2,البقرة,165,14,اشد,أشد
172,2,البقرة,165,18,يري,يرى
172,2,البقرة,165,21,اذ,إذ
172,2,البقرة,165,24,ان,أن
172,2,البقرة,165,25,القوه,القوة
172,2,البقرة,165,28,وان,وأن
173,2,البقرة,166,1,اذ,إذ
173,2,البقرة,166,2,تبرا,تبرأ
173,2,البقرة,166,8,وراوا,ورأوا
173,2,البقرة,166,12,الاسباب,الأسباب
174,2,البقرة,167,5,ان,أن
174,2,البقرة,167,7,كره,كرة
174,2,البقرة,167,8,فنتبرا,فنتبرأ
174,2,البقرة,167,16,اعمالهم,أعمالهم
175,2,البقرة,168,2,ايها,أيها
175,2,البقرة,168,7,الارض,الأرض
175,2,البقرة,168,14,انه,إنه
176,2,البقرة,169,1,انما,إنما
176,2,البقرة,169,2,يامركم,يأمركم
176,2,البقرة,169,5,وان,وأن
176,2,البقرة,169,7,علي,على
177,2,البقرة,170,1,واذا,وإذا
177,2,البقرة,170,6,انزل,أنزل
177,2,البقرة,170,12,الفينا,ألفينا
177,2,البقرة,170,14,اباءنا,آباءنا
177,2,البقرة,170,15,اولو,أولو
177,2,البقرة,170,17,اباوهم,آباؤهم
177,2,البقرة,170,20,شييا,شيئا
178,2,البقرة,171,10,الا,إلا
179,2,البقرة,172,2,ايها,أيها
179,2,البقرة,172,4,امنوا,آمنوا
179,2,البقرة,172,12,ان,إن
179,2,البقرة,172,14,اياه,إياه
180,2,البقرة,173,1,انما,إنما
180,2,البقرة,173,4,الميته,الميتة
180,2,البقرة,173,9,اهل,أهل
180,2,البقرة,173,20,اثم,إثم
180,2,البقرة,173,22,ان,إن
181,2,البقرة,174,1,ان,إن
181,2,البقرة,174,5,انزل,أنزل
181,2,البقرة,174,13,اوليك,أولئك
181,2,البقرة,174,15,ياكلون,يأكلون
181,2,البقرة,174,18,الا,إلا
181,2,البقرة,174,24,القيامه,القيامة
181,2,البقرة,174,29,اليم,أليم
182,2,البقرة,175,1,اوليك,أولئك
182,2,البقرة,175,4,الضلاله,الضلالة
182,2,البقرة,175,5,بالهدي,بالهدى
182,2,البقرة,175,7,بالمغفره,بالمغفرة
182,2,البقرة,175,9,اصبرهم,أصبرهم
182,2,البقرة,175,10,علي,على
183,2,البقرة,176,2,بان,بأن
183,2,البقرة,176,7,وان,وإن
184,2,البقرة,177,3,ان,أن
184,2,البقرة,177,12,امن,آمن
184,2,البقرة,177,15,الاخر,الآخر
184,2,البقرة,177,16,والملايكه,والملائكة
184,2,البقرة,177,19,واتي,وآتى
184,2,البقرة,177,21,علي,على
184,2,البقرة,177,24,القربي,القربى
184,2,البقرة,177,25,واليتامي,واليتامى
184,2,البقرة,177,29,والسايلين,والسائلين
184,2,البقرة,177,32,واقام,وأقام
184,2,البقرة,177,33,الصلاه,الصلاة
184,2,البقرة,177,34,واتي,وآتى
184,2,البقرة,177,35,الزكاه,الزكاة
184,2,البقرة,177,38,اذا,إذا
184,2,البقرة,177,42,الباساء,البأساء
184,2,البقرة,177,45,الباس,البأس
184,2,البقرة,177,46,اوليك,أولئك
184,2,البقرة,177,49,واوليك,وأولئك
185,2,البقرة,178,2,ايها,أيها
185,2,البقرة,178,4,امنوا,آمنوا
185,2,البقرة,178,9,القتلي,القتلى
185,2,البقرة,178,14,والانثي,والأنثى
185,2,البقرة,178,15,بالانثي,بالأنثى
185,2,البقرة,178,20,اخيه,أخيه
185,2,البقرة,178,24,واداء,وأداء
185,2,البقرة,178,25,اليه,إليه
185,2,البقرة,178,26,باحسان,بإحسان
185,2,البقرة,178,31,ورحمه,ورحمة
185,2,البقرة,178,33,اعتدي,اعتدى
185,2,البقرة,178,38,اليم,أليم
186,2,البقرة,179,4,حياه,حياة
186,2,البقرة,179,6,اولي,أولي
186,2,البقرة,179,7,الالباب,الألباب
187,2,البقرة,180,3,اذا,إذا
187,2,البقرة,180,5,احدكم,أحدكم
187,2,البقرة,180,7,ان,إن
187,2,البقرة,180,10,الوصيه,الوصية
187,2,البقرة,180,12,والاقربين,والأقربين
187,2,البقرة,180,15,علي,على
188,2,البقرة,181,6,فانما,فإنما
188,2,البقرة,181,7,اثمه,إثمه
188,2,البقرة,181,8,علي,على
188,2,البقرة,181,11,ان,إن
189,2,البقرة,182,6,او,أو
189,2,البقرة,182,7,اثما,إثما
189,2,البقرة,182,8,فاصلح,فأصلح
189,2,البقرة,182,11,اثم,إثم
189,2,البقرة,182,13,ان,إن
190,2,البقرة,183,2,ايها,أيها
190,2,البقرة,183,4,امنوا,آمنوا
190,2,البقرة,183,10,علي,على
191,2,البقرة,184,1,اياما,أياما
191,2,البقرة,184,7,او,أو
191,2,البقرة,184,8,علي,على
191,2,البقرة,184,10,فعده,فعدة
191,2,البقرة,184,12,ايام,أيام
191,2,البقرة,184,13,اخر,أخر
191,2,البقرة,184,14,وعلي,وعلى
191,2,البقرة,184,17,فديه,فدية
191,2,البقرة,184,26,وان,وأن
191,2,البقرة,184,30,ان,إن
192,2,البقرة,185,4,انزل,أنزل
192,2,البقرة,185,6,القران,القرآن
192,2,البقرة,185,7,هدي,هدى
192,2,البقرة,185,11,الهدي,الهدى
192,2,البقرة,185,21,او,أو
192,2,البقرة,185,22,علي,على
192,2,البقرة,185,24,فعده,فعدة
192,2,البقرة,185,26,ايام,أيام
192,2,البقرة,185,27,اخر,أخر
192,2,البقرة,185,37,العده,العدة
192,2,البقرة,185,40,علي,على
193,2,البقرة,186,1,واذا,وإذا
193,2,البقرة,186,2,سالك,سألك
193,2,البقرة,186,5,فاني,فإني
193,2,البقرة,186,7,اجيب,أجيب
193,2,البقرة,186,8,دعوه,دعوة
193,2,البقرة,186,10,اذا,إذا
193,2,البقرة,186,14,وليومنوا,وليؤمنوا
194,2,البقرة,187,1,احل,أحل
194,2,البقرة,187,3,ليله,ليلة
194,2,البقرة,187,6,الي,إلى
194,2,البقرة,187,7,نسايكم,نسائكم
194,2,البقرة,187,11,وانتم,وأنتم
194,2,البقرة,187,16,انكم,أنكم
194,2,البقرة,187,19,انفسكم,أنفسكم
194,2,البقرة,187,24,فالان,فالآن
194,2,البقرة,187,33,حتي,حتى
194,2,البقرة,187,37,الابيض,الأبيض
194,2,البقرة,187,40,الاسود,الأسود
194,2,البقرة,187,44,اتموا,أتموا
194,2,البقرة,187,46,الي,إلى
194,2,البقرة,187,50,وانتم,وأنتم
194,2,البقرة,187,62,اياته,آياته
195,2,البقرة,188,2,تاكلوا,تأكلوا
195,2,البقرة,188,3,اموالكم,أموالكم
195,2,البقرة,188,8,الي,إلى
195,2,البقرة,188,10,لتاكلوا,لتأكلوا
195,2,البقرة,188,13,اموال,أموال
195,2,البقرة,188,15,بالاثم,بالإثم
195,2,البقرة,188,16,وانتم,وأنتم
196,2,البقرة,189,1,يسالونك,يسألونك
196,2,البقرة,189,3,الاهله,الأهلة
196,2,البقرة,189,11,بان,بأن
196,2,البقرة,189,12,تاتوا,تأتوا
196,2,البقرة,189,19,اتقي,اتقى
196,2,البقرة,189,20,واتوا,وأتوا
196,2,البقرة,189,23,ابوابها,أبوابها
197,2,البقرة,190,9,ان,إن
198,2,البقرة,191,4,واخرجوهم,وأخرجوهم
198,2,البقرة,191,7,اخرجوكم,أخرجوكم
198,2,البقرة,191,8,والفتنه,والفتنة
198,2,البقرة,191,9,اشد,أشد
198,2,البقرة,191,17,حتي,حتى
198,2,البقرة,191,20,فان,فإن
199,2,البقرة,192,1,فان,فإن
199,2,البقرة,192,3,فان,فإن
200,2,البقرة,193,2,حتي,حتى
200,2,البقرة,193,5,فتنه,فتنة
200,2,البقرة,193,9,فان,فإن
200,2,البقرة,193,13,الا,إلا
200,2,البقرة,193,14,علي,على
201,2,البقرة,194,8,اعتدي,اعتدى
201,2,البقرة,194,14,اعتدي,اعتدى
201,2,البقرة,194,19,ان,أن
202,2,البقرة,195,1,وانفقوا,وأنفقوا
202,2,البقرة,195,7,بايديكم,بأيديكم
202,2,البقرة,195,8,الي,إلى
202,2,البقرة,195,9,التهلكه,التهلكة
202,2,البقرة,195,10,واحسنوا,وأحسنوا
202,2,البقرة,195,11,ان,إن
203,2,البقرة,196,1,واتموا,وأتموا
203,2,البقرة,196,3,والعمره,والعمرة
203,2,البقرة,196,5,فان,فإن
203,2,البقرة,196,6,احصرتم,أحصرتم
203,2,البقرة,196,14,حتي,حتى
203,2,البقرة,196,22,او,أو
203,2,البقرة,196,24,اذي,أذى
203,2,البقرة,196,26,راسه,رأسه
203,2,البقرة,196,27,ففديه,ففدية
203,2,البقرة,196,30,او,أو
203,2,البقرة,196,31,صدقه,صدقة
203,2,البقرة,196,32,او,أو
203,2,البقرة,196,34,فاذا,فإذا
203,2,البقرة,196,35,امنتم,أمنتم
203,2,البقرة,196,38,بالعمره,بالعمرة
203,2,البقرة,196,39,الي,إلى
203,2,البقرة,196,49,ثلاثه,ثلاثة
203,2,البقرة,196,50,ايام,أيام
203,2,البقرة,196,53,وسبعه,وسبعة
203,2,البقرة,196,54,اذا,إذا
203,2,البقرة,196,57,عشره,عشرة
203,2,البقرة,196,58,كامله,كاملة
203,2,البقرة,196,63,اهله,أهله
203,2,البقرة,196,70,ان,أن
204,2,البقرة,197,2,اشهر,أشهر
204,2,البقرة,197,23,فان,فإن
204,2,البقرة,197,26,التقوي,التقوى
204,2,البقرة,197,29,اولي,أولي
204,2,البقرة,197,30,الالباب,الألباب
205,2,البقرة,198,4,ان,أن
205,2,البقرة,198,9,فاذا,فإذا
205,2,البقرة,198,10,افضتم,أفضتم
205,2,البقرة,198,21,وان,وإن
206,2,البقرة,199,2,افيضوا,أفيضوا
206,2,البقرة,199,5,افاض,أفاض
206,2,البقرة,199,9,ان,إن
207,2,البقرة,200,1,فاذا,فإذا
207,2,البقرة,200,7,اباءكم,آباءكم
207,2,البقرة,200,8,او,أو
207,2,البقرة,200,9,اشد,أشد
207,2,البقرة,200,16,اتنا,آتنا
207,2,البقرة,200,22,الاخره,الآخرة
208,2,البقرة,201,5,اتنا,آتنا
208,2,البقرة,201,8,حسنه,حسنة
208,2,البقرة,201,10,الاخره,الآخرة
208,2,البقرة,201,11,حسنه,حسنة
209,2,البقرة,202,1,اوليك,أولئك
210,2,البقرة,203,4,ايام,أيام
210,2,البقرة,203,11,اثم,إثم
210,2,البقرة,203,14,تاخر,تأخر
210,2,البقرة,203,16,اثم,إثم
210,2,البقرة,203,19,اتقي,اتقى
210,2,البقرة,203,23,انكم,أنكم
210,2,البقرة,203,24,اليه,إليه
211,2,البقرة,204,7,الحياه,الحياة
211,2,البقرة,204,11,علي,على
211,2,البقرة,204,16,الد,ألد
212,2,البقرة,205,1,واذا,وإذا
212,2,البقرة,205,2,تولي,تولى
212,2,البقرة,205,3,سعي,سعى
212,2,البقرة,205,5,الارض,الأرض
213,2,البقرة,206,1,واذا,وإذا
213,2,البقرة,206,6,اخذته,أخذته
213,2,البقرة,206,7,العزه,العزة
213,2,البقرة,206,8,بالاثم,بالإثم
213,2,البقرة,206,11,ولبيس,ولبئس
215,2,البقرة,208,2,ايها,أيها
215,2,البقرة,208,4,امنوا,آمنوا
215,2,البقرة,208,8,كافه,كافة
215,2,البقرة,208,13,انه,إنه
216,2,البقرة,209,1,فان,فإن
216,2,البقرة,209,9,ان,أن
217,2,البقرة,210,3,الا,إلا
217,2,البقرة,210,4,ان,أن
217,2,البقرة,210,5,ياتيهم,يأتيهم
217,2,البقرة,210,11,والملايكه,والملائكة
217,2,البقرة,210,13,الامر,الأمر
217,2,البقرة,210,14,والي,وإلى
217,2,البقرة,210,17,الامور,الأمور
218,2,البقرة,211,3,اسراييل,إسرائيل
218,2,البقرة,211,5,اتيناهم,آتيناهم
218,2,البقرة,211,7,ايه,آية
218,2,البقرة,211,8,بينه,بينة
218,2,البقرة,211,11,نعمه,نعمة
218,2,البقرة,211,17,فان,فإن
219,2,البقرة,212,4,الحياه,الحياة
219,2,البقرة,212,9,امنوا,آمنوا
219,2,البقرة,212,14,القيامه,القيامة
220,2,البقرة,213,3,امه,أمة
220,2,البقرة,213,4,واحده,واحدة
220,2,البقرة,213,10,وانزل,وأنزل
220,2,البقرة,213,23,الا,إلا
220,2,البقرة,213,25,اوتوه,أوتوه
220,2,البقرة,213,33,فهدي,فهدى
220,2,البقرة,213,36,امنوا,آمنوا
220,2,البقرة,213,42,باذنه,بإذنه
220,2,البقرة,213,47,الي,إلى
221,2,البقرة,214,1,ام,أم
221,2,البقرة,214,3,ان,أن
221,2,البقرة,214,5,الجنه,الجنة
221,2,البقرة,214,7,ياتكم,يأتكم
221,2,البقرة,214,14,الباساء,البأساء
221,2,البقرة,214,17,حتي,حتى
221,2,البقرة,214,21,امنوا,آمنوا
221,2,البقرة,214,23,متي,متى
221,2,البقرة,214,26,الا,ألا
221,2,البقرة,214,27,ان,إن
222,2,البقرة,215,1,يسالونك,يسألونك
222,2,البقرة,215,6,انفقتم,أنفقتم
222,2,البقرة,215,10,والاقربين,والأقربين
222,2,البقرة,215,11,واليتامي,واليتامى
222,2,البقرة,215,19,فان,فإن
223,2,البقرة,216,7,وعسي,وعسى
223,2,البقرة,216,8,ان,أن
223,2,البقرة,216,10,شييا,شيئا
223,2,البقرة,216,14,وعسي,وعسى
223,2,البقرة,216,15,ان,أن
223,2,البقرة,216,17,شييا,شيئا
223,2,البقرة,216,23,وانتم,وأنتم
224,2,البقرة,217,1,يسالونك,يسألونك
224,2,البقرة,217,19,واخراج,وإخراج
224,2,البقرة,217,20,اهله,أهله
224,2,البقرة,217,22,اكبر,أكبر
224,2,البقرة,217,25,والفتنه,والفتنة
224,2,البقرة,217,26,اكبر,أكبر
224,2,البقرة,217,32,حتي,حتى
224,2,البقرة,217,36,ان,إن
224,2,البقرة,217,46,فاوليك,فأولئك
224,2,البقرة,217,48,اعمالهم,أعمالهم
224,2,البقرة,217,51,والاخره,والآخرة
224,2,البقرة,217,52,واوليك,وأولئك
224,2,البقرة,217,53,اصحاب,أصحاب
225,2,البقرة,218,1,ان,إن
225,2,البقرة,218,3,امنوا,آمنوا
225,2,البقرة,218,10,اوليك,أولئك
226,2,البقرة,219,1,يسالونك,يسألونك
226,2,البقرة,219,7,اثم,إثم
226,2,البقرة,219,11,واثمهما,وإثمهما
226,2,البقرة,219,12,اكبر,أكبر
226,2,البقرة,219,15,ويسالونك,ويسألونك
226,2,البقرة,219,24,الايات,الآيات
227,2,البقرة,220,3,والاخره,والآخرة
227,2,البقرة,220,4,ويسالونك,ويسألونك
227,2,البقرة,220,6,اليتامي,اليتامى
227,2,البقرة,220,8,اصلاح,إصلاح
227,2,البقرة,220,11,وان,وإن
227,2,البقرة,220,13,فاخوانكم,فإخوانكم
227,2,البقرة,220,22,لاعنتكم,لأعنتكم
227,2,البقرة,220,23,ان,إن
228,2,البقرة,221,4,حتي,حتى
228,2,البقرة,221,5,يومن,يؤمن
228,2,البقرة,221,6,ولامه,ولأمة
228,2,البقرة,221,7,مومنه,مؤمنة
228,2,البقرة,221,10,مشركه,مشركة
228,2,البقرة,221,12,اعجبتكم,أعجبتكم
228,2,البقرة,221,16,حتي,حتى
228,2,البقرة,221,17,يومنوا,يؤمنوا
228,2,البقرة,221,19,مومن,مؤمن
228,2,البقرة,221,24,اعجبكم,أعجبكم
228,2,البقرة,221,25,اوليك,أولئك
228,2,البقرة,221,27,الي,إلى
228,2,البقرة,221,31,الي,إلى
228,2,البقرة,221,32,الجنه,الجنة
228,2,البقرة,221,33,والمغفره,والمغفرة
228,2,البقرة,221,34,باذنه,بإذنه
228,2,البقرة,221,36,اياته,آياته
229,2,البقرة,222,1,ويسالونك,ويسألونك
229,2,البقرة,222,6,اذي,أذى
229,2,البقرة,222,13,حتي,حتى
229,2,البقرة,222,15,فاذا,فإذا
229,2,البقرة,222,17,فاتوهن,فأتوهن
229,2,البقرة,222,20,امركم,أمركم
229,2,البقرة,222,22,ان,إن
230,2,البقرة,223,1,نساوكم,نساؤكم
230,2,البقرة,223,4,فاتوا,فأتوا
230,2,البقرة,223,6,اني,أنى
230,2,البقرة,223,7,شيتم,شئتم
230,2,البقرة,223,9,لانفسكم,لأنفسكم
230,2,البقرة,223,13,انكم,أنكم
230,2,البقرة,223,16,المومنين,المؤمنين
231,2,البقرة,224,4,عرضه,عرضة
231,2,البقرة,224,5,لايمانكم,لأيمانكم
231,2,البقرة,224,6,ان,أن
232,2,البقرة,225,2,يواخذكم,يؤاخذكم
232,2,البقرة,225,6,ايمانكم,أيمانكم
232,2,البقرة,225,8,يواخذكم,يؤاخذكم
233,2,البقرة,226,2,يولون,يؤلون
233,2,البقرة,226,4,نسايهم,نسائهم
233,2,البقرة,226,6,اربعه,أربعة
233,2,البقرة,226,7,اشهر,أشهر
233,2,البقرة,226,8,فان,فإن
233,2,البقرة,226,10,فان,فإن
234,2,البقرة,227,1,وان,وإن
234,2,البقرة,227,4,فان,فإن
235,2,البقرة,228,3,بانفسهن,بأنفسهن
235,2,البقرة,228,4,ثلاثه,ثلاثة
235,2,البقرة,228,9,ان,أن
235,2,البقرة,228,15,ارحامهن,أرحامهن
235,2,البقرة,228,16,ان,إن
235,2,البقرة,228,18,يومن,يؤمن
235,2,البقرة,228,21,الاخر,الآخر
235,2,البقرة,228,23,احق,أحق
235,2,البقرة,228,27,ان,إن
235,2,البقرة,228,28,ارادوا,أرادوا
235,2,البقرة,228,29,اصلاحا,إصلاحا
235,2,البقرة,228,37,درجه,درجة
236,2,البقرة,229,3,فامساك,فإمساك
236,2,البقرة,229,5,او,أو
236,2,البقرة,229,7,باحسان,بإحسان
236,2,البقرة,229,11,ان,أن
236,2,البقرة,229,12,تاخذوا,تأخذوا
236,2,البقرة,229,14,اتيتموهن,آتيتموهن
236,2,البقرة,229,15,شييا,شيئا
236,2,البقرة,229,16,الا,إلا
236,2,البقرة,229,17,ان,أن
236,2,البقرة,229,19,الا,ألا
236,2,البقرة,229,23,فان,فإن
236,2,البقرة,229,25,الا,ألا
236,2,البقرة,229,44,فاوليك,فأولئك
237,2,البقرة,230,1,فان,فإن
237,2,البقرة,230,8,حتي,حتى
237,2,البقرة,230,12,فان,فإن
237,2,البقرة,230,17,ان,أن
237,2,البقرة,230,19,ان,إن
237,2,البقرة,230,21,ان,أن
238,2,البقرة,231,1,واذا,وإذا
238,2,البقرة,231,5,اجلهن,أجلهن
238,2,البقرة,231,6,فامسكوهن,فأمسكوهن
238,2,البقرة,231,8,او,أو
238,2,البقرة,231,23,ايات,آيات
238,2,البقرة,231,31,انزل,أنزل
238,2,البقرة,231,35,والحكمه,والحكمة
238,2,البقرة,231,41,ان,أن
239,2,البقرة,232,1,واذا,وإذا
239,2,البقرة,232,5,اجلهن,أجلهن
239,2,البقرة,232,8,ان,أن
239,2,البقرة,232,10,ازواجهن,أزواجهن
239,2,البقرة,232,11,اذا,إذا
239,2,البقرة,232,21,يومن,يؤمن
239,2,البقرة,232,24,الاخر,الآخر
239,2,البقرة,232,26,ازكي,أزكى
239,2,البقرة,232,28,واطهر,وأطهر
239,2,البقرة,232,31,وانتم,وأنتم
240,2,البقرة,233,3,اولادهن,أولادهن
240,2,البقرة,233,7,اراد,أراد
240,2,البقرة,233,8,ان,أن
240,2,البقرة,233,10,الرضاعه,الرضاعة
240,2,البقرة,233,11,وعلي,وعلى
240,2,البقرة,233,20,الا,إلا
240,2,البقرة,233,24,والده,والدة
240,2,البقرة,233,30,وعلي,وعلى
240,2,البقرة,233,34,فان,فإن
240,2,البقرة,233,35,ارادا,أرادا
240,2,البقرة,233,44,وان,وإن
240,2,البقرة,233,45,اردتم,أردتم
240,2,البقرة,233,46,ان,أن
240,2,البقرة,233,48,اولادكم,أولادكم
240,2,البقرة,233,52,اذا,إذا
240,2,البقرة,233,55,اتيتم,آتيتم
240,2,البقرة,233,60,ان,أن
241,2,البقرة,234,5,ازواجا,أزواجا
241,2,البقرة,234,7,بانفسهن,بأنفسهن
241,2,البقرة,234,8,اربعه,أربعة
241,2,البقرة,234,9,اشهر,أشهر
241,2,البقرة,234,11,فاذا,فإذا
241,2,البقرة,234,13,اجلهن,أجلهن
241,2,البقرة,234,20,انفسهن,أنفسهن
242,2,البقرة,235,8,خطبه,خطبة
242,2,البقرة,235,10,او,أو
242,2,البقرة,235,11,اكننتم,أكننتم
242,2,البقرة,235,13,انفسكم,أنفسكم
242,2,البقرة,235,16,انكم,أنكم
242,2,البقرة,235,22,الا,إلا
242,2,البقرة,235,23,ان,أن
242,2,البقرة,235,29,عقده,عقدة
242,2,البقرة,235,31,حتي,حتى
242,2,البقرة,235,34,اجله,أجله
242,2,البقرة,235,36,ان,أن
242,2,البقرة,235,41,انفسكم,أنفسكم
242,2,البقرة,235,44,ان,أن
243,2,البقرة,236,4,ان,إن
243,2,البقرة,236,10,او,أو
243,2,البقرة,236,13,فريضه,فريضة
243,2,البقرة,236,15,علي,على
243,2,البقرة,236,18,وعلي,وعلى
243,2,البقرة,236,24,علي,على
244,2,البقرة,237,1,وان,وإن
244,2,البقرة,237,5,ان,أن
244,2,البقرة,237,10,فريضه,فريضة
244,2,البقرة,237,14,الا,إلا
244,2,البقرة,237,15,ان,أن
244,2,البقرة,237,17,او,أو
244,2,البقرة,237,21,عقده,عقدة
244,2,البقرة,237,23,وان,وأن
244,2,البقرة,237,25,اقرب,أقرب
244,2,البقرة,237,26,للتقوي,للتقوى
244,2,البقرة,237,31,ان,إن
245,2,البقرة,238,2,علي,على
245,2,البقرة,238,4,والصلاه,والصلاة
245,2,البقرة,238,5,الوسطي,الوسطى
246,2,البقرة,239,1,فان,فإن
246,2,البقرة,239,4,او,أو
246,2,البقرة,239,6,فاذا,فإذا
246,2,البقرة,239,7,امنتم,أمنتم
247,2,البقرة,240,5,ازواجا,أزواجا
247,2,البقرة,240,6,وصيه,وصية
247,2,البقرة,240,7,لازواجهم,لأزواجهم
247,2,البقرة,240,9,الي,إلى
247,2,البقرة,240,12,اخراج,إخراج
247,2,البقرة,240,13,فان,فإن
247,2,البقرة,240,22,انفسهن,أنفسهن
248,2,البقرة,241,5,علي,على
249,2,البقرة,242,5,اياته,آياته
250,2,البقرة,243,1,الم,ألم
250,2,البقرة,243,3,الي,إلى
250,2,البقرة,243,9,الوف,ألوف
250,2,البقرة,243,17,احياهم,أحياهم
250,2,البقرة,243,18,ان,إن
250,2,البقرة,243,22,علي,على
250,2,البقرة,243,25,اكثر,أكثر
251,2,البقرة,244,6,ان,أن
252,2,البقرة,245,10,اضعافا,أضعافا
252,2,البقرة,245,11,كثيره,كثيرة
252,2,البقرة,245,15,واليه,وإليه
253,2,البقرة,246,1,الم,ألم
253,2,البقرة,246,3,الي,إلى
253,2,البقرة,246,4,الملا,الملإ
253,2,البقرة,246,7,اسراييل,إسرائيل
253,2,البقرة,246,10,موسي,موسى
253,2,البقرة,246,11,اذ,إذ
253,2,البقرة,246,25,ان,إن
253,2,البقرة,246,29,الا,ألا
253,2,البقرة,246,34,الا,ألا
253,2,البقرة,246,40,اخرجنا,أخرجنا
253,2,البقرة,246,43,وابناينا,وأبنائنا
253,2,البقرة,246,49,الا,إلا
254,2,البقرة,247,4,ان,إن
254,2,البقرة,247,12,اني,أنى
254,2,البقرة,247,18,احق,أحق
254,2,البقرة,247,22,يوت,يؤت
254,2,البقرة,247,23,سعه,سعة
254,2,البقرة,247,27,ان,إن
254,2,البقرة,247,32,بسطه,بسطة
254,2,البقرة,247,37,يوتي,يؤتي
255,2,البقرة,248,4,ان,إن
255,2,البقرة,248,5,ايه,آية
255,2,البقرة,248,7,ان,أن
255,2,البقرة,248,8,ياتيكم,يأتيكم
255,2,البقرة,248,11,سكينه,سكينة
255,2,البقرة,248,14,وبقيه,وبقية
255,2,البقرة,248,17,ال,آل
255,2,البقرة,248,18,موسي,موسى
255,2,البقرة,248,19,وال,وآل
255,2,البقرة,248,22,الملايكه,الملائكة
255,2,البقرة,248,23,ان,إن
255,2,البقرة,248,26,لايه,لآية
255,2,البقرة,248,28,ان,إن
255,2,البقرة,248,30,مومنين,مؤمنين
256,2,البقرة,249,6,ان,إن
256,2,البقرة,249,18,فانه,فإنه
256,2,البقرة,249,20,الا,إلا
256,2,البقرة,249,23,غرفه,غرفة
256,2,البقرة,249,27,الا,إلا
256,2,البقرة,249,34,امنوا,آمنوا
256,2,البقرة,249,38,طاقه,طاقة
256,2,البقرة,249,46,انهم,أنهم
256,2,البقرة,249,51,فيه,فئة
256,2,البقرة,249,52,قليله,قليلة
256,2,البقرة,249,54,فيه,فئة
256,2,البقرة,249,55,كثيره,كثيرة
256,2,البقرة,249,56,باذن,بإذن
257,2,البقرة,250,7,افرغ,أفرغ
257,2,البقرة,250,11,اقدامنا,أقدامنا
257,2,البقرة,250,13,علي,على
258,2,البقرة,251,2,باذن,بإذن
258,2,البقرة,251,7,واتاه,وآتاه
258,2,البقرة,251,10,والحكمه,والحكمة
258,2,البقرة,251,21,الارض,الأرض
258,2,البقرة,251,26,علي,على
259,2,البقرة,252,2,ايات,آيات
259,2,البقرة,252,7,وانك,وإنك
260,2,البقرة,253,5,علي,على
260,2,البقرة,253,14,واتينا,وآتينا
260,2,البقرة,253,15,عيسي,عيسى
260,2,البقرة,253,19,وايدناه,وأيدناه
260,2,البقرة,253,39,امن,آمن
261,2,البقرة,254,2,ايها,أيها
261,2,البقرة,254,4,امنوا,آمنوا
261,2,البقرة,254,5,انفقوا,أنفقوا
261,2,البقرة,254,10,ان,أن
261,2,البقرة,254,11,ياتي,يأتي
261,2,البقرة,254,17,خله,خلة
261,2,البقرة,254,19,شفاعه,شفاعة
262,2,البقرة,255,3,اله,إله
262,2,البقرة,255,4,الا,إلا
262,2,البقرة,255,9,تاخذه,تأخذه
262,2,البقرة,255,10,سنه,سنة
262,2,البقرة,255,19,الارض,الأرض
262,2,البقرة,255,25,الا,إلا
262,2,البقرة,255,26,باذنه,بإذنه
262,2,البقرة,255,30,ايديهم,أيديهم
262,2,البقرة,255,38,الا,إلا
262,2,البقرة,255,44,والارض,والأرض
262,2,البقرة,255,46,ييوده,يئوده
263,2,البقرة,256,2,اكراه,إكراه
263,2,البقرة,256,13,ويومن,ويؤمن
263,2,البقرة,256,17,بالعروه,بالعروة
263,2,البقرة,256,18,الوثقي,الوثقى
264,2,البقرة,257,4,امنوا,آمنوا
264,2,البقرة,257,8,الي,إلى
264,2,البقرة,257,12,اولياوهم,أولياؤهم
264,2,البقرة,257,17,الي,إلى
264,2,البقرة,257,19,اوليك,أولئك
264,2,البقرة,257,20,اصحاب,أصحاب
265,2,البقرة,258,1,الم,ألم
265,2,البقرة,258,3,الي,إلى
265,2,البقرة,258,6,ابراهيم,إبراهيم
265,2,البقرة,258,9,ان,أن
265,2,البقرة,258,10,اتاه,آتاه
265,2,البقرة,258,13,اذ,إذ
265,2,البقرة,258,15,ابراهيم,إبراهيم
265,2,البقرة,258,21,انا,أنا
265,2,البقرة,258,22,احيي,أحيي
265,2,البقرة,258,23,واميت,وأميت
265,2,البقرة,258,25,ابراهيم,إبراهيم
265,2,البقرة,258,26,فان,فإن
265,2,البقرة,258,28,ياتي,يأتي
265,2,البقرة,258,32,فات,فأت
266,2,البقرة,259,1,او,أو
266,2,البقرة,259,4,علي,على
266,2,البقرة,259,5,قريه,قرية
266,2,البقرة,259,7,خاويه,خاوية
266,2,البقرة,259,8,علي,على
266,2,البقرة,259,11,اني,أنى
266,2,البقرة,259,17,فاماته,فأماته
266,2,البقرة,259,19,مايه,مائة
266,2,البقرة,259,29,او,أو
266,2,البقرة,259,35,مايه,مائة
266,2,البقرة,259,38,الي,إلى
266,2,البقرة,259,44,الي,إلى
266,2,البقرة,259,47,ايه,آية
266,2,البقرة,259,50,الي,إلى
266,2,البقرة,259,61,اعلم,أعلم
266,2,البقرة,259,62,ان,أن
266,2,البقرة,259,64,علي,على
267,2,البقرة,260,1,واذ,وإذ
267,2,البقرة,260,3,ابراهيم,إبراهيم
267,2,البقرة,260,5,ارني,أرني
267,2,البقرة,260,8,الموتي,الموتى
267,2,البقرة,260,10,اولم,أولم
267,2,البقرة,260,11,تومن,تؤمن
267,2,البقرة,260,13,بلي,بلى
267,2,البقرة,260,15,ليطمين,ليطمئن
267,2,البقرة,260,19,اربعه,أربعة
267,2,البقرة,260,23,اليك,إليك
267,2,البقرة,260,26,علي,على
267,2,البقرة,260,33,ياتينك,يأتينك
267,2,البقرة,260,36,ان,أن
268,2,البقرة,261,4,اموالهم,أموالهم
268,2,البقرة,261,9,حبه,حبة
268,2,البقرة,261,10,انبتت,أنبتت
268,2,البقرة,261,15,سنبله,سنبلة
268,2,البقرة,261,16,مايه,مائة
268,2,البقرة,261,17,حبه,حبة
269,2,البقرة,262,3,اموالهم,أموالهم
269,2,البقرة,262,11,انفقوا,أنفقوا
269,2,البقرة,262,14,اذي,أذى
269,2,البقرة,262,16,اجرهم,أجرهم
270,2,البقرة,263,3,ومغفره,ومغفرة
270,2,البقرة,263,6,صدقه,صدقة
270,2,البقرة,263,8,اذي,أذى
271,2,البقرة,264,2,ايها,أيها
271,2,البقرة,264,4,امنوا,آمنوا
271,2,البقرة,264,9,والاذي,والأذى
271,2,البقرة,264,13,رياء,رئاء
271,2,البقرة,264,16,يومن,يؤمن
271,2,البقرة,264,19,الاخر,الآخر
271,2,البقرة,264,25,فاصابه,فأصابه
271,2,البقرة,264,31,علي,على
272,2,البقرة,265,4,اموالهم,أموالهم
272,2,البقرة,265,10,انفسهم,أنفسهم
272,2,البقرة,265,12,جنه,جنة
272,2,البقرة,265,13,بربوه,بربوة
272,2,البقرة,265,14,اصابها,أصابها
272,2,البقرة,265,16,فاتت,فآتت
272,2,البقرة,265,17,اكلها,أكلها
272,2,البقرة,265,19,فان,فإن
273,2,البقرة,266,1,ايود,أيود
273,2,البقرة,266,2,احدكم,أحدكم
273,2,البقرة,266,3,ان,أن
273,2,البقرة,266,6,جنه,جنة
273,2,البقرة,266,9,واعناب,وأعناب
273,2,البقرة,266,13,الانهار,الأنهار
273,2,البقرة,266,19,واصابه,وأصابه
273,2,البقرة,266,22,ذريه,ذرية
273,2,البقرة,266,24,فاصابها,فأصابها
273,2,البقرة,266,25,اعصار,إعصار
273,2,البقرة,266,33,الايات,الآيات
274,2,البقرة,267,2,ايها,أيها
274,2,البقرة,267,4,امنوا,آمنوا
274,2,البقرة,267,5,انفقوا,أنفقوا
274,2,البقرة,267,11,اخرجنا,أخرجنا
274,2,البقرة,267,14,الارض,الأرض
274,2,البقرة,267,21,باخذيه,بآخذيه
274,2,البقرة,267,22,الا,إلا
274,2,البقرة,267,23,ان,أن
274,2,البقرة,267,27,ان,أن
275,2,البقرة,268,4,ويامركم,ويأمركم
275,2,البقرة,268,8,مغفره,مغفرة
276,2,البقرة,269,1,يوتي,يؤتي
276,2,البقرة,269,2,الحكمه,الحكمة
276,2,البقرة,269,6,يوت,يؤت
276,2,البقرة,269,7,الحكمه,الحكمة
276,2,البقرة,269,9,اوتي,أوتي
276,2,البقرة,269,14,الا,إلا
276,2,البقرة,269,15,اولو,أولو
276,2,البقرة,269,16,الالباب,الألباب
277,2,البقرة,270,2,انفقتم,أنفقتم
277,2,البقرة,270,4,نفقه,نفقة
277,2,البقرة,270,5,او,أو
277,2,البقرة,270,9,فان,فإن
277,2,البقرة,270,15,انصار,أنصار
278,2,البقرة,271,1,ان,إن
278,2,البقرة,271,6,وان,وإن
278,2,البقرة,271,8,وتوتوها,وتؤتوها
278,2,البقرة,271,16,سيياتكم,سيئاتكم
279,2,البقرة,272,13,فلانفسكم,فلأنفسكم
279,2,البقرة,272,16,الا,إلا
279,2,البقرة,272,25,اليكم,إليكم
279,2,البقرة,272,26,وانتم,وأنتم
280,2,البقرة,273,3,احصروا,أحصروا
280,2,البقرة,273,11,الارض,الأرض
280,2,البقرة,273,14,اغنياء,أغنياء
280,2,البقرة,273,20,يسالون,يسألون
280,2,البقرة,273,22,الحافا,إلحافا
280,2,البقرة,273,27,فان,فإن
281,2,البقرة,274,3,اموالهم,أموالهم
281,2,البقرة,274,7,وعلانيه,وعلانية
281,2,البقرة,274,9,اجرهم,أجرهم
282,2,البقرة,275,2,ياكلون,يأكلون
282,2,البقرة,275,6,الا,إلا
282,2,البقرة,275,15,بانهم,بأنهم
282,2,البقرة,275,17,انما,إنما
282,2,البقرة,275,21,واحل,وأحل
282,2,البقرة,275,28,موعظه,موعظة
282,2,البقرة,275,31,فانتهي,فانتهى
282,2,البقرة,275,35,وامره,وأمره
282,2,البقرة,275,36,الي,إلى
282,2,البقرة,275,40,فاوليك,فأولئك
282,2,البقرة,275,41,اصحاب,أصحاب
283,2,البقرة,276,11,اثيم,أثيم
284,2,البقرة,277,1,ان,إن
284,2,البقرة,277,3,امنوا,آمنوا
284,2,البقرة,277,6,واقاموا,وأقاموا
284,2,البقرة,277,7,الصلاه,الصلاة
284,2,البقرة,277,8,واتوا,وآتوا
284,2,البقرة,277,9,الزكاه,الزكاة
284,2,البقرة,277,11,اجرهم,أجرهم
285,2,البقرة,278,2,ايها,أيها
285,2,البقرة,278,4,امنوا,آمنوا
285,2,البقرة,278,12,ان,إن
285,2,البقرة,278,14,مومنين,مؤمنين
286,2,البقرة,279,1,فان,فإن
286,2,البقرة,279,4,فاذنوا,فأذنوا
286,2,البقرة,279,9,وان,وإن
286,2,البقرة,279,13,اموالكم,أموالكم
287,2,البقرة,280,1,وان,وإن
287,2,البقرة,280,4,عسره,عسرة
287,2,البقرة,280,5,فنظره,فنظرة
287,2,البقرة,280,6,الي,إلى
287,2,البقرة,280,7,ميسره,ميسرة
287,2,البقرة,280,8,وان,وأن
287,2,البقرة,280,12,ان,إن
288,2,البقرة,281,5,الي,إلى
288,2,البقرة,281,8,توفي,توفى
289,2,البقرة,282,2,ايها,أيها
289,2,البقرة,282,4,امنوا,آمنوا
289,2,البقرة,282,5,اذا,إذا
289,2,البقرة,282,8,الي,إلى
289,2,البقرة,282,9,اجل,أجل
289,2,البقرة,282,10,مسمي,مسمى
289,2,البقرة,282,17,ياب,يأب
289,2,البقرة,282,19,ان,أن
289,2,البقرة,282,35,شييا,شيئا
289,2,البقرة,282,36,فان,فإن
289,2,البقرة,282,42,او,أو
289,2,البقرة,282,44,او,أو
289,2,البقرة,282,47,ان,أن
289,2,البقرة,282,57,فان,فإن
289,2,البقرة,282,62,وامراتان,وامرأتان
289,2,البقرة,282,67,ان,أن
289,2,البقرة,282,69,احداهما,إحداهما
289,2,البقرة,282,71,احداهما,إحداهما
289,2,البقرة,282,72,الاخري,الأخرى
289,2,البقرة,282,74,ياب,يأب
289,2,البقرة,282,76,اذا,إذا
289,2,البقرة,282,80,تساموا,تسأموا
289,2,البقرة,282,81,ان,أن
289,2,البقرة,282,84,او,أو
289,2,البقرة,282,86,الي,إلى
289,2,البقرة,282,87,اجله,أجله
289,2,البقرة,282,89,اقسط,أقسط
289,2,البقرة,282,92,واقوم,وأقوم
289,2,البقرة,282,93,للشهاده,للشهادة
289,2,البقرة,282,94,وادني,وأدنى
289,2,البقرة,282,95,الا,ألا
289,2,البقرة,282,97,الا,إلا
289,2,البقرة,282,98,ان,أن
289,2,البقرة,282,100,تجاره,تجارة
289,2,البقرة,282,101,حاضره,حاضرة
289,2,البقرة,282,107,الا,ألا
289,2,البقرة,282,109,واشهدوا,وأشهدوا
289,2,البقرة,282,110,اذا,إذا
289,2,البقرة,282,117,وان,وإن
289,2,البقرة,282,119,فانه,فإنه
290,2,البقرة,283,1,وان,وإن
290,2,البقرة,283,3,علي,على
290,2,البقرة,283,9,مقبوضه,مقبوضة
290,2,البقرة,283,10,فان,فإن
290,2,البقرة,283,11,امن,أمن
290,2,البقرة,283,14,فليود,فليؤد
290,2,البقرة,283,16,اوتمن,اؤتمن
290,2,البقرة,283,17,امانته,أمانته
290,2,البقرة,283,23,الشهاده,الشهادة
290,2,البقرة,283,26,فانه,فإنه
290,2,البقرة,283,27,اثم,آثم
291,2,البقرة,284,7,الارض,الأرض
291,2,البقرة,284,8,وان,وإن
291,2,البقرة,284,12,انفسكم,أنفسكم
291,2,البقرة,284,13,او,أو
291,2,البقرة,284,25,علي,على
292,2,البقرة,285,1,امن,آمن
292,2,البقرة,285,4,انزل,أنزل
292,2,البقرة,285,5,اليه,إليه
292,2,البقرة,285,8,والمومنون,والمؤمنون
292,2,البقرة,285,10,امن,آمن
292,2,البقرة,285,12,وملايكته,وملائكته
292,2,البقرة,285,18,احد,أحد
292,2,البقرة,285,23,واطعنا,وأطعنا
292,2,البقرة,285,26,واليك,وإليك
293,2,البقرة,286,5,الا,إلا
293,2,البقرة,286,15,تواخذنا,تؤاخذنا
293,2,البقرة,286,16,ان,إن
293,2,البقرة,286,18,او,أو
293,2,البقرة,286,19,اخطانا,أخطأنا
293,2,البقرة,286,24,اصرا,إصرا
293,2,البقرة,286,27,علي,على
293,2,البقرة,286,36,طاقه,طاقة
293,2,البقرة,286,44,انت,أنت
293,2,البقرة,286,47,علي,على
295,3,آل عمران,2,3,اله,إله
295,3,آل عمران,2,4,الا,إلا
296,3,آل عمران,3,9,وانزل,وأنزل
296,3,آل عمران,3,10,التوراه,التوراة
296,3,آل عمران,3,11,والانجيل,والإنجيل
297,3,آل عمران,4,3,هدي,هدى
297,3,آل عمران,4,5,وانزل,وأنزل
297,3,آل عمران,4,7,ان,إن
297,3,آل عمران,4,10,بايات,بآيات
298,3,آل عمران,5,1,ان,إن
298,3,آل عمران,5,4,يخفي,يخفى
298,3,آل عمران,5,8,الارض,الأرض
299,3,آل عمران,6,5,الارحام,الأرحام
299,3,آل عمران,6,9,اله,إله
299,3,آل عمران,6,10,الا,إلا
300,3,آل عمران,7,3,انزل,أنزل
300,3,آل عمران,7,7,ايات,آيات
300,3,آل عمران,7,10,ام,أم
300,3,آل عمران,7,12,واخر,وأخر
300,3,آل عمران,7,14,فاما,فأما
300,3,آل عمران,7,24,الفتنه,الفتنة
300,3,آل عمران,7,26,تاويله,تأويله
300,3,آل عمران,7,29,تاويله,تأويله
300,3,آل عمران,7,30,الا,إلا
300,3,آل عمران,7,36,امنا,آمنا
300,3,آل عمران,7,44,الا,إلا
300,3,آل عمران,7,45,اولو,أولو
300,3,آل عمران,7,46,الالباب,الألباب
301,3,آل عمران,8,6,اذ,إذ
301,3,آل عمران,8,12,رحمه,رحمة
301,3,آل عمران,8,13,انك,إنك
301,3,آل عمران,8,14,انت,أنت
302,3,آل عمران,9,2,انك,إنك
302,3,آل عمران,9,9,ان,إن
303,3,آل عمران,10,1,ان,إن
303,3,آل عمران,10,7,اموالهم,أموالهم
303,3,آل عمران,10,9,اولادهم,أولادهم
303,3,آل عمران,10,12,شييا,شيئا
303,3,آل عمران,10,13,واوليك,وأولئك
304,3,آل عمران,11,1,كداب,كدأب
304,3,آل عمران,11,2,ال,آل
304,3,آل عمران,11,8,باياتنا,بآياتنا
304,3,آل عمران,11,9,فاخذهم,فأخذهم
305,3,آل عمران,12,6,الي,إلى
305,3,آل عمران,12,8,وبيس,وبئس
306,3,آل عمران,13,4,ايه,آية
306,3,آل عمران,13,6,فيتين,فئتين
306,3,آل عمران,13,8,فيه,فئة
306,3,آل عمران,13,13,واخري,وأخرى
306,3,آل عمران,13,14,كافره,كافرة
306,3,آل عمران,13,17,راي,رأي
306,3,آل عمران,13,20,يويد,يؤيد
306,3,آل عمران,13,24,ان,إن
306,3,آل عمران,13,27,لعبره,لعبرة
306,3,آل عمران,13,28,لاولي,لأولي
306,3,آل عمران,13,29,الابصار,الأبصار
307,3,آل عمران,14,9,المقنطره,المقنطرة
307,3,آل عمران,14,12,والفضه,والفضة
307,3,آل عمران,14,14,المسومه,المسومة
307,3,آل عمران,14,15,والانعام,والأنعام
307,3,آل عمران,14,19,الحياه,الحياة
307,3,آل عمران,14,24,الماب,المآب
308,3,آل عمران,15,2,اونبيكم,أؤنبئكم
308,3,آل عمران,15,14,الانهار,الأنهار
308,3,آل عمران,15,17,وازواج,وأزواج
308,3,آل عمران,15,18,مطهره,مطهرة
309,3,آل عمران,16,4,اننا,إننا
309,3,آل عمران,16,5,امنا,آمنا
310,3,آل عمران,17,6,بالاسحار,بالأسحار
311,3,آل عمران,18,3,انه,أنه
311,3,آل عمران,18,5,اله,إله
311,3,آل عمران,18,6,الا,إلا
311,3,آل عمران,18,8,والملايكه,والملائكة
311,3,آل عمران,18,9,واولو,وأولو
311,3,آل عمران,18,11,قايما,قائما
311,3,آل عمران,18,14,اله,إله
311,3,آل عمران,18,15,الا,إلا
312,3,آل عمران,19,1,ان,إن
312,3,آل عمران,19,5,الاسلام,الإسلام
312,3,آل عمران,19,9,اوتوا,أوتوا
312,3,آل عمران,19,11,الا,إلا
312,3,آل عمران,19,21,بايات,بآيات
312,3,آل عمران,19,23,فان,فإن
313,3,آل عمران,20,1,فان,فإن
313,3,آل عمران,20,4,اسلمت,أسلمت
313,3,آل عمران,20,11,اوتوا,أوتوا
313,3,آل عمران,20,13,والاميين,والأميين
313,3,آل عمران,20,14,ااسلمتم,أأسلمتم
313,3,آل عمران,20,15,فان,فإن
313,3,آل عمران,20,16,اسلموا,أسلموا
313,3,آل عمران,20,19,وان,وإن
313,3,آل عمران,20,21,فانما,فإنما
314,3,آل عمران,21,1,ان,إن
314,3,آل عمران,21,4,بايات,بآيات
314,3,آل عمران,21,12,يامرون,يأمرون
314,3,آل عمران,21,18,اليم,أليم
315,3,آل عمران,22,1,اوليك,أولئك
315,3,آل عمران,22,4,اعمالهم,أعمالهم
315,3,آل عمران,22,7,والاخره,والآخرة
316,3,آل عمران,23,1,الم,ألم
316,3,آل عمران,23,3,الي,إلى
316,3,آل عمران,23,5,اوتوا,أوتوا
316,3,آل عمران,23,10,الي,إلى
316,3,آل عمران,23,16,يتولي,يتولى
317,3,آل عمران,24,2,بانهم,بأنهم
317,3,آل عمران,24,7,الا,إلا
317,3,آل عمران,24,8,اياما,أياما
318,3,آل عمران,25,2,اذا,إذا
319,3,آل عمران,26,5,توتي,تؤتي
319,3,آل عمران,26,21,انك,إنك
319,3,آل عمران,26,22,علي,على
321,3,آل عمران,28,3,المومنون,المؤمنون
321,3,آل عمران,28,5,اولياء,أولياء
321,3,آل عمران,28,8,المومنين,المؤمنين
321,3,آل عمران,28,17,الا,إلا
321,3,آل عمران,28,18,ان,أن
321,3,آل عمران,28,21,تقاه,تقاة
321,3,آل عمران,28,25,والي,وإلى
322,3,آل عمران,29,2,ان,إن
322,3,آل عمران,29,7,او,أو
322,3,آل عمران,29,17,الارض,الأرض
322,3,آل عمران,29,19,علي,على
323,3,آل عمران,30,16,ان,أن
323,3,آل عمران,30,19,امدا,أمدا
324,3,آل عمران,31,2,ان,إن
325,3,آل عمران,32,2,اطيعوا,أطيعوا
325,3,آل عمران,32,5,فان,فإن
325,3,آل عمران,32,7,فان,فإن
326,3,آل عمران,33,1,ان,إن
326,3,آل عمران,33,3,اصطفي,اصطفى
326,3,آل عمران,33,4,ادم,آدم
326,3,آل عمران,33,6,وال,وآل
326,3,آل عمران,33,7,ابراهيم,إبراهيم
326,3,آل عمران,33,8,وال,وآل
326,3,آل عمران,33,10,علي,على
327,3,آل عمران,34,1,ذريه,ذرية
328,3,آل عمران,35,1,اذ,إذ
328,3,آل عمران,35,3,امرات,امرأت
328,3,آل عمران,35,6,اني,إني
328,3,آل عمران,35,15,انك,إنك
328,3,آل عمران,35,16,انت,أنت
329,3,آل عمران,36,5,اني,إني
329,3,آل عمران,36,7,انثي,أنثى
329,3,آل عمران,36,9,اعلم,أعلم
329,3,آل عمران,36,14,كالانثي,كالأنثى
329,3,آل عمران,36,15,واني,وإني
329,3,آل عمران,36,18,واني,وإني
329,3,آل عمران,36,19,اعيذها,أعيذها
330,3,آل عمران,37,5,وانبتها,وأنبتها
330,3,آل عمران,37,21,اني,أنى
330,3,آل عمران,37,29,ان,إن
331,3,آل عمران,38,11,ذريه,ذرية
331,3,آل عمران,38,12,طيبه,طيبة
331,3,آل عمران,38,13,انك,إنك
332,3,آل عمران,39,2,الملايكه,الملائكة
332,3,آل عمران,39,4,قايم,قائم
332,3,آل عمران,39,8,ان,أن
332,3,آل عمران,39,11,بيحيي,بيحيى
332,3,آل عمران,39,13,بكلمه,بكلمة
333,3,آل عمران,40,3,اني,أنى
333,3,آل عمران,40,10,وامراتي,وامرأتي
334,3,آل عمران,41,5,ايه,آية
334,3,آل عمران,41,7,ايتك,آيتك
334,3,آل عمران,41,8,الا,ألا
334,3,آل عمران,41,11,ثلاثه,ثلاثة
334,3,آل عمران,41,12,ايام,أيام
334,3,آل عمران,41,13,الا,إلا
334,3,آل عمران,41,20,والابكار,والإبكار
335,3,آل عمران,42,1,واذ,وإذ
335,3,آل عمران,42,3,الملايكه,الملائكة
335,3,آل عمران,42,6,ان,إن
335,3,آل عمران,42,11,علي,على
337,3,آل عمران,44,3,انباء,أنباء
337,3,آل عمران,44,6,اليك,إليك
337,3,آل عمران,44,10,اذ,إذ
337,3,آل عمران,44,12,اقلامهم,أقلامهم
337,3,آل عمران,44,13,ايهم,أيهم
337,3,آل عمران,44,19,اذ,إذ
338,3,آل عمران,45,1,اذ,إذ
338,3,آل عمران,45,3,الملايكه,الملائكة
338,3,آل عمران,45,6,ان,إن
338,3,آل عمران,45,9,بكلمه,بكلمة
338,3,آل عمران,45,13,عيسي,عيسى
338,3,آل عمران,45,19,والاخره,والآخرة
340,3,آل عمران,47,3,اني,أنى
340,3,آل عمران,47,16,اذا,إذا
340,3,آل عمران,47,17,قضي,قضى
340,3,آل عمران,47,18,امرا,أمرا
340,3,آل عمران,47,19,فانما,فإنما
341,3,آل عمران,48,3,والحكمه,والحكمة
341,3,آل عمران,48,4,والتوراه,والتوراة
341,3,آل عمران,48,5,والانجيل,والإنجيل
342,3,آل عمران,49,2,الي,إلى
342,3,آل عمران,49,4,اسراييل,إسرائيل
342,3,آل عمران,49,5,اني,أني
342,3,آل عمران,49,7,جيتكم,جئتكم
342,3,آل عمران,49,8,بايه,بآية
342,3,آل عمران,49,11,اني,أني
342,3,آل عمران,49,12,اخلق,أخلق
342,3,آل عمران,49,16,كهييه,كهيئة
342,3,آل عمران,49,18,فانفخ,فأنفخ
342,3,آل عمران,49,22,باذن,بإذن
342,3,آل عمران,49,24,وابري,وأبرئ
342,3,آل عمران,49,25,الاكمه,الأكمه
342,3,آل عمران,49,26,والابرص,والأبرص
342,3,آل عمران,49,27,واحيي,وأحيي
342,3,آل عمران,49,28,الموتي,الموتى
342,3,آل عمران,49,29,باذن,بإذن
342,3,آل عمران,49,31,وانبيكم,وأنبئكم
342,3,آل عمران,49,33,تاكلون,تأكلون
342,3,آل عمران,49,38,ان,إن
342,3,آل عمران,49,41,لايه,لآية
342,3,آل عمران,49,43,ان,إن
342,3,آل عمران,49,45,مومنين,مؤمنين
343,3,آل عمران,50,6,التوراه,التوراة
343,3,آل عمران,50,7,ولاحل,ولأحل
343,3,آل عمران,50,13,وجيتكم,وجئتكم
343,3,آل عمران,50,14,بايه,بآية
343,3,آل عمران,50,19,واطيعون,وأطيعون
344,3,آل عمران,51,1,ان,إن
345,3,آل عمران,52,2,احس,أحس
345,3,آل عمران,52,3,عيسي,عيسى
345,3,آل عمران,52,8,انصاري,أنصاري
345,3,آل عمران,52,9,الي,إلى
345,3,آل عمران,52,14,انصار,أنصار
345,3,آل عمران,52,16,امنا,آمنا
345,3,آل عمران,52,19,بانا,بأنا
346,3,آل عمران,53,2,امنا,آمنا
346,3,آل عمران,53,4,انزلت,أنزلت
348,3,آل عمران,55,1,اذ,إذ
348,3,آل عمران,55,5,عيسي,عيسى
348,3,آل عمران,55,6,اني,إني
348,3,آل عمران,55,9,الي,إلي
348,3,آل عمران,55,20,الي,إلى
348,3,آل عمران,55,22,القيامه,القيامة
348,3,آل عمران,55,24,الي,إلي
348,3,آل عمران,55,26,فاحكم,فأحكم
349,3,آل عمران,56,1,فاما,فأما
349,3,آل عمران,56,4,فاعذبهم,فأعذبهم
349,3,آل عمران,56,9,والاخره,والآخرة
350,3,آل عمران,57,1,واما,وأما
350,3,آل عمران,57,3,امنوا,آمنوا
350,3,آل عمران,57,7,اجورهم,أجورهم
351,3,آل عمران,58,5,الايات,الآيات
352,3,آل عمران,59,1,ان,إن
352,3,آل عمران,59,3,عيسي,عيسى
352,3,آل عمران,59,7,ادم,آدم
354,3,آل عمران,61,13,ابناءنا,أبناءنا
354,3,آل عمران,61,14,وابناءكم,وأبناءكم
354,3,آل عمران,61,17,وانفسنا,وأنفسنا
354,3,آل عمران,61,18,وانفسكم,وأنفسكم
354,3,آل عمران,61,24,علي,على
355,3,آل عمران,62,1,ان,إن
355,3,آل عمران,62,8,اله,إله
355,3,آل عمران,62,9,الا,إلا
355,3,آل عمران,62,11,وان,وإن
356,3,آل عمران,63,1,فان,فإن
356,3,آل عمران,63,3,فان,فإن
357,3,آل عمران,64,3,اهل,أهل
357,3,آل عمران,64,6,الي,إلى
357,3,آل عمران,64,7,كلمه,كلمة
357,3,آل عمران,64,11,الا,ألا
357,3,آل عمران,64,13,الا,إلا
357,3,آل عمران,64,18,شييا,شيئا
357,3,آل عمران,64,23,اربابا,أربابا
357,3,آل عمران,64,27,فان,فإن
357,3,آل عمران,64,31,بانا,بأنا
358,3,آل عمران,65,2,اهل,أهل
358,3,آل عمران,65,7,ابراهيم,إبراهيم
358,3,آل عمران,65,9,انزلت,أنزلت
358,3,آل عمران,65,10,التوراه,التوراة
358,3,آل عمران,65,11,والانجيل,والإنجيل
358,3,آل عمران,65,12,الا,إلا
358,3,آل عمران,65,15,افلا,أفلا
359,3,آل عمران,66,2,انتم,أنتم
359,3,آل عمران,66,3,هولاء,هؤلاء
359,3,آل عمران,66,18,وانتم,وأنتم
360,3,آل عمران,67,3,ابراهيم,إبراهيم
361,3,آل عمران,68,1,ان,إن
361,3,آل عمران,68,2,اولي,أولى
361,3,آل عمران,68,4,بابراهيم,بإبراهيم
361,3,آل عمران,68,10,امنوا,آمنوا
361,3,آل عمران,68,13,المومنين,المؤمنين
362,3,آل عمران,69,2,طايفه,طائفة
362,3,آل عمران,69,4,اهل,أهل
362,3,آل عمران,69,10,الا,إلا
362,3,آل عمران,69,11,انفسهم,أنفسهم
363,3,آل عمران,70,2,اهل,أهل
363,3,آل عمران,70,6,بايات,بآيات
363,3,آل عمران,70,8,وانتم,وأنتم
364,3,آل عمران,71,2,اهل,أهل
364,3,آل عمران,71,10,وانتم,وأنتم
365,3,آل عمران,72,2,طايفه,طائفة
365,3,آل عمران,72,4,اهل,أهل
365,3,آل عمران,72,6,امنوا,آمنوا
365,3,آل عمران,72,8,انزل,أنزل
365,3,آل عمران,72,9,علي,على
365,3,آل عمران,72,11,امنوا,آمنوا
365,3,آل عمران,72,15,اخره,آخره
366,3,آل عمران,73,2,تومنوا,تؤمنوا
366,3,آل عمران,73,3,الا,إلا
366,3,آل عمران,73,8,ان,إن
366,3,آل عمران,73,9,الهدي,الهدى
366,3,آل عمران,73,10,هدي,هدى
366,3,آل عمران,73,12,ان,أن
366,3,آل عمران,73,13,يوتي,يؤتى
366,3,آل عمران,73,14,احد,أحد
366,3,آل عمران,73,17,اوتيتم,أوتيتم
366,3,آل عمران,73,18,او,أو
366,3,آل عمران,73,23,ان,إن
366,3,آل عمران,73,27,يوتيه,يؤتيه
368,3,آل عمران,75,2,اهل,أهل
368,3,آل عمران,75,5,ان,إن
368,3,آل عمران,75,6,تامنه,تأمنه
368,3,آل عمران,75,8,يوده,يؤده
368,3,آل عمران,75,9,اليك,إليك
368,3,آل عمران,75,12,ان,إن
368,3,آل عمران,75,13,تامنه,تأمنه
368,3,آل عمران,75,16,يوده,يؤده
368,3,آل عمران,75,17,اليك,إليك
368,3,آل عمران,75,18,الا,إلا
368,3,آل عمران,75,22,قايما,قائما
368,3,آل عمران,75,24,بانهم,بأنهم
368,3,آل عمران,75,29,الاميين,الأميين
368,3,آل عمران,75,32,علي,على
369,3,آل عمران,76,1,بلي,بلى
369,3,آل عمران,76,3,اوفي,أوفى
369,3,آل عمران,76,5,واتقي,واتقى
369,3,آل عمران,76,6,فان,فإن
370,3,آل عمران,77,1,ان,إن
370,3,آل عمران,77,6,وايمانهم,وأيمانهم
370,3,آل عمران,77,9,اوليك,أولئك
370,3,آل عمران,77,14,الاخره,الآخرة
370,3,آل عمران,77,20,اليهم,إليهم
370,3,آل عمران,77,22,القيامه,القيامة
370,3,آل عمران,77,27,اليم,أليم
371,3,آل عمران,78,1,وان,وإن
371,3,آل عمران,78,5,السنتهم,ألسنتهم
371,3,آل عمران,78,25,علي,على
372,3,آل عمران,79,4,ان,أن
372,3,آل عمران,79,5,يوتيه,يؤتيه
372,3,آل عمران,79,9,والنبوه,والنبوة
373,3,آل عمران,80,2,يامركم,يأمركم
373,3,آل عمران,80,3,ان,أن
373,3,آل عمران,80,5,الملايكه,الملائكة
373,3,آل عمران,80,7,اربابا,أربابا
373,3,آل عمران,80,8,ايامركم,أيأمركم
373,3,آل عمران,80,11,اذ,إذ
373,3,آل عمران,80,12,انتم,أنتم
374,3,آل عمران,81,1,واذ,وإذ
374,3,آل عمران,81,2,اخذ,أخذ
374,3,آل عمران,81,7,اتيتكم,آتيتكم
374,3,آل عمران,81,10,وحكمه,وحكمة
374,3,آل عمران,81,17,لتومنن,لتؤمنن
374,3,آل عمران,81,21,ااقررتم,أأقررتم
374,3,آل عمران,81,22,واخذتم,وأخذتم
374,3,آل عمران,81,23,علي,على
374,3,آل عمران,81,25,اصري,إصري
374,3,آل عمران,81,27,اقررنا,أقررنا
374,3,آل عمران,81,30,وانا,وأنا
375,3,آل عمران,82,2,تولي,تولى
375,3,آل عمران,82,5,فاوليك,فأولئك
376,3,آل عمران,83,1,افغير,أفغير
376,3,آل عمران,83,6,اسلم,أسلم
376,3,آل عمران,83,10,والارض,والأرض
376,3,آل عمران,83,13,واليه,وإليه
377,3,آل عمران,84,2,امنا,آمنا
377,3,آل عمران,84,5,انزل,أنزل
377,3,آل عمران,84,8,انزل,أنزل
377,3,آل عمران,84,9,علي,على
377,3,آل عمران,84,10,ابراهيم,إبراهيم
377,3,آل عمران,84,11,واسماعيل,وإسماعيل
377,3,آل عمران,84,12,واسحاق,وإسحاق
377,3,آل عمران,84,14,والاسباط,والأسباط
377,3,آل عمران,84,16,اوتي,أوتي
377,3,آل عمران,84,17,موسي,موسى
377,3,آل عمران,84,18,وعيسي,وعيسى
377,3,آل عمران,84,25,احد,أحد
378,3,آل عمران,85,4,الاسلام,الإسلام
378,3,آل عمران,85,11,الاخره,الآخرة
379,3,آل عمران,86,7,ايمانهم,إيمانهم
379,3,آل عمران,86,9,ان,أن
380,3,آل عمران,87,1,اوليك,أولئك
380,3,آل عمران,87,2,جزاوهم,جزاؤهم
380,3,آل عمران,87,3,ان,أن
380,3,آل عمران,87,5,لعنه,لعنة
380,3,آل عمران,87,7,والملايكه,والملائكة
380,3,آل عمران,87,9,اجمعين,أجمعين
382,3,آل عمران,89,1,الا,إلا
382,3,آل عمران,89,7,واصلحوا,وأصلحوا
382,3,آل عمران,89,8,فان,فإن
383,3,آل عمران,90,1,ان,إن
383,3,آل عمران,90,5,ايمانهم,إيمانهم
383,3,آل عمران,90,12,واوليك,وأولئك
384,3,آل عمران,91,1,ان,إن
384,3,آل عمران,91,10,احدهم,أحدهم
384,3,آل عمران,91,12,الارض,الأرض
384,3,آل عمران,91,15,افتدي,افتدى
384,3,آل عمران,91,17,اوليك,أولئك
384,3,آل عمران,91,20,اليم,أليم
385,3,آل عمران,92,4,حتي,حتى
385,3,آل عمران,92,12,فان,فإن
386,3,آل عمران,93,6,اسراييل,إسرائيل
386,3,آل عمران,93,7,الا,إلا
386,3,آل عمران,93,10,اسراييل,إسرائيل
386,3,آل عمران,93,11,علي,على
386,3,آل عمران,93,15,ان,أن
386,3,آل عمران,93,17,التوراه,التوراة
386,3,آل عمران,93,19,فاتوا,فأتوا
386,3,آل عمران,93,20,بالتوراه,بالتوراة
386,3,آل عمران,93,22,ان,إن
387,3,آل عمران,94,2,افتري,افترى
387,3,آل عمران,94,3,علي,على
387,3,آل عمران,94,9,فاوليك,فأولئك
388,3,آل عمران,95,5,مله,ملة
388,3,آل عمران,95,6,ابراهيم,إبراهيم
389,3,آل عمران,96,1,ان,إن
389,3,آل عمران,96,2,اول,أول
389,3,آل عمران,96,7,ببكه,ببكة
389,3,آل عمران,96,9,وهدي,وهدى
390,3,آل عمران,97,2,ايات,آيات
390,3,آل عمران,97,5,ابراهيم,إبراهيم
390,3,آل عمران,97,9,امنا,آمنا
390,3,آل عمران,97,11,علي,على
390,3,آل عمران,97,17,اليه,إليه
390,3,آل عمران,97,21,فان,فإن
391,3,آل عمران,98,3,اهل,أهل
391,3,آل عمران,98,7,بايات,بآيات
391,3,آل عمران,98,11,علي,على
392,3,آل عمران,99,3,اهل,أهل
392,3,آل عمران,99,11,امن,آمن
392,3,آل عمران,99,14,وانتم,وأنتم
393,3,آل عمران,100,2,ايها,أيها
393,3,آل عمران,100,4,امنوا,آمنوا
393,3,آل عمران,100,5,ان,إن
393,3,آل عمران,100,10,اوتوا,أوتوا
393,3,آل عمران,100,14,ايمانكم,إيمانكم
394,3,آل عمران,101,3,وانتم,وأنتم
394,3,آل عمران,101,4,تتلي,تتلى
394,3,آل عمران,101,6,ايات,آيات
394,3,آل عمران,101,15,الي,إلى
395,3,آل عمران,102,2,ايها,أيها
395,3,آل عمران,102,4,امنوا,آمنوا
395,3,آل عمران,102,11,الا,إلا
395,3,آل عمران,102,12,وانتم,وأنتم
396,3,آل عمران,103,11,اذ,إذ
396,3,آل عمران,103,13,اعداء,أعداء
396,3,آل عمران,103,14,فالف,فألف
396,3,آل عمران,103,17,فاصبحتم,فأصبحتم
396,3,آل عمران,103,19,اخوانا,إخوانا
396,3,آل عمران,103,21,علي,على
396,3,آل عمران,103,23,حفره,حفرة
396,3,آل عمران,103,26,فانقذكم,فأنقذكم
396,3,آل عمران,103,32,اياته,آياته
397,3,آل عمران,104,3,امه,أمة
397,3,آل عمران,104,5,الي,إلى
397,3,آل عمران,104,7,ويامرون,ويأمرون
397,3,آل عمران,104,12,واوليك,وأولئك
398,3,آل عمران,105,11,واوليك,وأولئك
399,3,آل عمران,106,6,فاما,فأما
399,3,آل عمران,106,10,اكفرتم,أكفرتم
399,3,آل عمران,106,12,ايمانكم,إيمانكم
400,3,آل عمران,107,1,واما,وأما
400,3,آل عمران,107,6,رحمه,رحمة
401,3,آل عمران,108,2,ايات,آيات
402,3,آل عمران,109,7,الارض,الأرض
402,3,آل عمران,109,8,والي,وإلى
402,3,آل عمران,109,11,الامور,الأمور
403,3,آل عمران,110,3,امه,أمة
403,3,آل عمران,110,4,اخرجت,أخرجت
403,3,آل عمران,110,6,تامرون,تأمرون
403,3,آل عمران,110,11,وتومنون,وتؤمنون
403,3,آل عمران,110,14,امن,آمن
403,3,آل عمران,110,15,اهل,أهل
403,3,آل عمران,110,21,المومنون,المؤمنون
403,3,آل عمران,110,22,واكثرهم,وأكثرهم
404,3,آل عمران,111,3,الا,إلا
404,3,آل عمران,111,4,اذي,أذى
404,3,آل عمران,111,5,وان,وإن
404,3,آل عمران,111,8,الادبار,الأدبار
405,3,آل عمران,112,3,الذله,الذلة
405,3,آل عمران,112,4,اين,أين
405,3,آل عمران,112,7,الا,إلا
405,3,آل عمران,112,20,المسكنه,المسكنة
405,3,آل عمران,112,22,بانهم,بأنهم
405,3,آل عمران,112,25,بايات,بآيات
405,3,آل عمران,112,28,الانبياء,الأنبياء
406,3,آل عمران,113,4,اهل,أهل
406,3,آل عمران,113,6,امه,أمة
406,3,آل عمران,113,7,قايمه,قائمة
406,3,آل عمران,113,9,ايات,آيات
406,3,آل عمران,113,11,اناء,آناء
407,3,آل عمران,114,1,يومنون,يؤمنون
407,3,آل عمران,114,4,الاخر,الآخر
407,3,آل عمران,114,5,ويامرون,ويأمرون
407,3,آل عمران,114,13,واوليك,وأولئك
409,3,آل عمران,116,1,ان,إن
409,3,آل عمران,116,7,اموالهم,أموالهم
409,3,آل عمران,116,9,اولادهم,أولادهم
409,3,آل عمران,116,12,شييا,شيئا
409,3,آل عمران,116,13,واوليك,وأولئك
409,3,آل عمران,116,14,اصحاب,أصحاب
410,3,آل عمران,117,6,الحياه,الحياة
410,3,آل عمران,117,12,اصابت,أصابت
410,3,آل عمران,117,16,انفسهم,أنفسهم
410,3,آل عمران,117,17,فاهلكته,فأهلكته
410,3,آل عمران,117,22,انفسهم,أنفسهم
411,3,آل عمران,118,2,ايها,أيها
411,3,آل عمران,118,4,امنوا,آمنوا
411,3,آل عمران,118,7,بطانه,بطانة
411,3,آل عمران,118,11,يالونكم,يألونكم
411,3,آل عمران,118,20,افواههم,أفواههم
411,3,آل عمران,118,24,اكبر,أكبر
411,3,آل عمران,118,28,الايات,الآيات
411,3,آل عمران,118,29,ان,إن
412,3,آل عمران,119,2,انتم,أنتم
412,3,آل عمران,119,3,اولاء,أولاء
412,3,آل عمران,119,7,وتومنون,وتؤمنون
412,3,آل عمران,119,10,واذا,وإذا
412,3,آل عمران,119,13,امنا,آمنا
412,3,آل عمران,119,14,واذا,وإذا
412,3,آل عمران,119,18,الانامل,الأنامل
412,3,آل عمران,119,24,ان,إن
413,3,آل عمران,120,1,ان,إن
413,3,آل عمران,120,3,حسنه,حسنة
413,3,آل عمران,120,4,تسوهم,تسؤهم
413,3,آل عمران,120,5,وان,وإن
413,3,آل عمران,120,7,سييه,سيئة
413,3,آل عمران,120,10,وان,وإن
413,3,آل عمران,120,16,شييا,شيئا
413,3,آل عمران,120,17,ان,إن
414,3,آل عمران,121,1,واذ,وإذ
414,3,آل عمران,121,4,اهلك,أهلك
414,3,آل عمران,121,5,تبوي,تبوئ
414,3,آل عمران,121,6,المومنين,المؤمنين
415,3,آل عمران,122,1,اذ,إذ
415,3,آل عمران,122,3,طايفتان,طائفتان
415,3,آل عمران,122,5,ان,أن
415,3,آل عمران,122,9,وعلي,وعلى
415,3,آل عمران,122,12,المومنون,المؤمنون
416,3,آل عمران,123,5,وانتم,وأنتم
416,3,آل عمران,123,6,اذله,أذلة
417,3,آل عمران,124,1,اذ,إذ
417,3,آل عمران,124,3,للمومنين,للمؤمنين
417,3,آل عمران,124,4,الن,ألن
417,3,آل عمران,124,6,ان,أن
417,3,آل عمران,124,9,بثلاثه,بثلاثة
417,3,آل عمران,124,10,الاف,آلاف
417,3,آل عمران,124,12,الملايكه,الملائكة
418,3,آل عمران,125,1,بلي,بلى
418,3,آل عمران,125,2,ان,إن
418,3,آل عمران,125,5,وياتوكم,ويأتوكم
418,3,آل عمران,125,11,بخمسه,بخمسة
418,3,آل عمران,125,12,الاف,آلاف
418,3,آل عمران,125,14,الملايكه,الملائكة
419,3,آل عمران,126,4,الا,إلا
419,3,آل عمران,126,5,بشري,بشرى
419,3,آل عمران,126,7,ولتطمين,ولتطمئن
419,3,آل عمران,126,12,الا,إلا
420,3,آل عمران,127,6,او,أو
420,3,آل عمران,127,9,خايبين,خائبين
421,3,آل عمران,128,4,الامر,الأمر
421,3,آل عمران,128,6,او,أو
421,3,آل عمران,128,9,او,أو
421,3,آل عمران,128,11,فانهم,فإنهم
422,3,آل عمران,129,7,الارض,الأرض
423,3,آل عمران,130,2,ايها,أيها
423,3,آل عمران,130,4,امنوا,آمنوا
423,3,آل عمران,130,6,تاكلوا,تأكلوا
423,3,آل عمران,130,8,اضعافا,أضعافا
423,3,آل عمران,130,9,مضاعفه,مضاعفة
424,3,آل عمران,131,4,اعدت,أعدت
425,3,آل عمران,132,1,واطيعوا,وأطيعوا
426,3,آل عمران,133,2,الي,إلى
426,3,آل عمران,133,3,مغفره,مغفرة
426,3,آل عمران,133,6,وجنه,وجنة
426,3,آل عمران,133,9,والارض,والأرض
426,3,آل عمران,133,10,اعدت,أعدت
428,3,آل عمران,135,2,اذا,إذا
428,3,آل عمران,135,4,فاحشه,فاحشة
428,3,آل عمران,135,5,او,أو
428,3,آل عمران,135,7,انفسهم,أنفسهم
428,3,آل عمران,135,15,الا,إلا
428,3,آل عمران,135,19,علي,على
429,3,آل عمران,136,1,اوليك,أولئك
429,3,آل عمران,136,2,جزاوهم,جزاؤهم
429,3,آل عمران,136,3,مغفره,مغفرة
429,3,آل عمران,136,10,الانهار,الأنهار
429,3,آل عمران,136,14,اجر,أجر
430,3,آل عمران,137,8,الارض,الأرض
430,3,آل عمران,137,12,عاقبه,عاقبة
431,3,آل عمران,138,4,وهدي,وهدى
431,3,آل عمران,138,5,وموعظه,وموعظة
432,3,آل عمران,139,5,وانتم,وأنتم
432,3,آل عمران,139,6,الاعلون,الأعلون
432,3,آل عمران,139,7,ان,إن
432,3,آل عمران,139,9,مومنين,مؤمنين
433,3,آل عمران,140,1,ان,إن
433,3,آل عمران,140,10,الايام,الأيام
433,3,آل عمران,140,17,امنوا,آمنوا
434,3,آل عمران,141,4,امنوا,آمنوا
435,3,آل عمران,142,1,ام,أم
435,3,آل عمران,142,3,ان,أن
435,3,آل عمران,142,5,الجنه,الجنة
436,3,آل عمران,143,7,ان,أن
436,3,آل عمران,143,10,رايتموه,رأيتموه
436,3,آل عمران,143,11,وانتم,وأنتم
437,3,آل عمران,144,3,الا,إلا
437,3,آل عمران,144,10,افان,أفإن
437,3,آل عمران,144,12,او,أو
437,3,آل عمران,144,15,علي,على
437,3,آل عمران,144,16,اعقابكم,أعقابكم
437,3,آل عمران,144,19,علي,على
437,3,آل عمران,144,24,شييا,شيئا
438,3,آل عمران,145,4,ان,أن
438,3,آل عمران,145,6,الا,إلا
438,3,آل عمران,145,7,باذن,بإذن
438,3,آل عمران,145,10,موجلا,مؤجلا
438,3,آل عمران,145,15,نوته,نؤته
438,3,آل عمران,145,20,الاخره,الآخرة
438,3,آل عمران,145,21,نوته,نؤته
439,3,آل عمران,146,1,وكاين,وكأين
439,3,آل عمران,146,11,اصابهم,أصابهم
440,3,آل عمران,147,4,الا,إلا
440,3,آل عمران,147,5,ان,أن
440,3,آل عمران,147,11,واسرافنا,وإسرافنا
440,3,آل عمران,147,13,امرنا,أمرنا
440,3,آل عمران,147,15,اقدامنا,أقدامنا
440,3,آل عمران,147,17,علي,على
441,3,آل عمران,148,1,فاتاهم,فآتاهم
441,3,آل عمران,148,7,الاخره,الآخرة
442,3,آل عمران,149,2,ايها,أيها
442,3,آل عمران,149,4,امنوا,آمنوا
442,3,آل عمران,149,5,ان,إن
442,3,آل عمران,149,10,علي,على
442,3,آل عمران,149,11,اعقابكم,أعقابكم
444,3,آل عمران,151,8,اشركوا,أشركوا
444,3,آل عمران,151,15,وماواهم,ومأواهم
444,3,آل عمران,151,17,وبيس,وبئس
444,3,آل عمران,151,18,مثوي,مثوى
445,3,آل عمران,152,5,اذ,إذ
445,3,آل عمران,152,7,باذنه,بإذنه
445,3,آل عمران,152,8,حتي,حتى
445,3,آل عمران,152,9,اذا,إذا
445,3,آل عمران,152,13,الامر,الأمر
445,3,آل عمران,152,18,اراكم,أراكم
445,3,آل عمران,152,28,الاخره,الآخرة
445,3,آل عمران,152,39,علي,على
445,3,آل عمران,152,40,المومنين,المؤمنين
446,3,آل عمران,153,1,اذ,إذ
446,3,آل عمران,153,5,علي,على
446,3,آل عمران,153,6,احد,أحد
446,3,آل عمران,153,10,اخراكم,أخراكم
446,3,آل عمران,153,11,فاثابكم,فأثابكم
446,3,آل عمران,153,16,علي,على
446,3,آل عمران,153,21,اصابكم,أصابكم
447,3,آل عمران,154,2,انزل,أنزل
447,3,آل عمران,154,7,امنه,أمنة
447,3,آل عمران,154,9,يغشي,يغشى
447,3,آل عمران,154,10,طايفه,طائفة
447,3,آل عمران,154,12,وطايفه,وطائفة
447,3,آل عمران,154,14,اهمتهم,أهمتهم
447,3,آل عمران,154,15,انفسهم,أنفسهم
447,3,آل عمران,154,21,الجاهليه,الجاهلية
447,3,آل عمران,154,26,الامر,الأمر
447,3,آل عمران,154,30,ان,إن
447,3,آل عمران,154,31,الامر,الأمر
447,3,آل عمران,154,36,انفسهم,أنفسهم
447,3,آل عمران,154,46,الامر,الأمر
447,3,آل عمران,154,61,الي,إلى
448,3,آل عمران,155,1,ان,إن
448,3,آل عمران,155,6,التقي,التقى
448,3,آل عمران,155,8,انما,إنما
448,3,آل عمران,155,18,ان,إن
449,3,آل عمران,156,2,ايها,أيها
449,3,آل عمران,156,4,امنوا,آمنوا
449,3,آل عمران,156,10,لاخوانهم,لإخوانهم
449,3,آل عمران,156,11,اذا,إذا
449,3,آل عمران,156,14,الارض,الأرض
449,3,آل عمران,156,15,او,أو
449,3,آل عمران,156,17,غزي,غزى
449,3,آل عمران,156,28,حسره,حسرة
450,3,آل عمران,157,1,ولين,ولئن
450,3,آل عمران,157,6,او,أو
450,3,آل عمران,157,8,لمغفره,لمغفرة
450,3,آل عمران,157,11,ورحمه,ورحمة
451,3,آل عمران,158,1,ولين,ولئن
451,3,آل عمران,158,3,او,أو
451,3,آل عمران,158,5,لالي,لإلى
452,3,آل عمران,159,2,رحمه,رحمة
452,3,آل عمران,159,21,الامر,الأمر
452,3,آل عمران,159,22,فاذا,فإذا
452,3,آل عمران,159,25,علي,على
452,3,آل عمران,159,27,ان,إن
453,3,آل عمران,160,1,ان,إن
453,3,آل عمران,160,7,وان,وإن
453,3,آل عمران,160,15,وعلي,وعلى
453,3,آل عمران,160,18,المومنون,المؤمنون
454,3,آل عمران,161,4,ان,أن
454,3,آل عمران,161,8,يات,يأت
454,3,آل عمران,161,12,القيامه,القيامة
454,3,آل عمران,161,14,توفي,توفى
455,3,آل عمران,162,1,افمن,أفمن
455,3,آل عمران,162,10,وماواه,ومأواه
455,3,آل عمران,162,12,وبيس,وبئس
457,3,آل عمران,164,4,علي,على
457,3,آل عمران,164,5,المومنين,المؤمنين
457,3,آل عمران,164,6,اذ,إذ
457,3,آل عمران,164,11,انفسهم,أنفسهم
457,3,آل عمران,164,14,اياته,آياته
457,3,آل عمران,164,18,والحكمه,والحكمة
457,3,آل عمران,164,19,وان,وإن
458,3,آل عمران,165,1,اولما,أولما
458,3,آل عمران,165,2,اصابتكم,أصابتكم
458,3,آل عمران,165,3,مصيبه,مصيبة
458,3,آل عمران,165,5,اصبتم,أصبتم
458,3,آل عمران,165,8,اني,أنى
458,3,آل عمران,165,14,انفسكم,أنفسكم
458,3,آل عمران,165,15,ان,إن
458,3,آل عمران,165,17,علي,على
459,3,آل عمران,166,2,اصابكم,أصابكم
459,3,آل عمران,166,4,التقي,التقى
459,3,آل عمران,166,6,فباذن,فبإذن
459,3,آل عمران,166,9,المومنين,المؤمنين
460,3,آل عمران,167,11,او,أو
460,3,آل عمران,167,20,يوميذ,يومئذ
460,3,آل عمران,167,21,اقرب,أقرب
460,3,آل عمران,167,23,للايمان,للإيمان
460,3,آل عمران,167,25,بافواههم,بأفواههم
460,3,آل عمران,167,31,اعلم,أعلم
461,3,آل عمران,168,3,لاخوانهم,لإخوانهم
461,3,آل عمران,168,6,اطاعونا,أطاعونا
461,3,آل عمران,168,12,انفسكم,أنفسكم
461,3,آل عمران,168,14,ان,إن
462,3,آل عمران,169,8,امواتا,أمواتا
462,3,آل عمران,169,10,احياء,أحياء
463,3,آل عمران,170,3,اتاهم,آتاهم
463,3,آل عمران,170,14,الا,ألا
464,3,آل عمران,171,2,بنعمه,بنعمة
464,3,آل عمران,171,6,وان,وأن
464,3,آل عمران,171,10,اجر,أجر
464,3,آل عمران,171,11,المومنين,المؤمنين
465,3,آل عمران,172,8,اصابهم,أصابهم
465,3,آل عمران,172,11,احسنوا,أحسنوا
465,3,آل عمران,172,14,اجر,أجر
466,3,آل عمران,173,5,ان,إن
466,3,آل عمران,173,12,ايمانا,إيمانا
467,3,آل عمران,174,2,بنعمه,بنعمة
468,3,آل عمران,175,1,انما,إنما
468,3,آل عمران,175,5,اولياءه,أولياءه
468,3,آل عمران,175,9,ان,إن
468,3,آل عمران,175,11,مومنين,مؤمنين
469,3,آل عمران,176,7,انهم,إنهم
469,3,آل عمران,176,11,شييا,شيئا
469,3,آل عمران,176,14,الا,ألا
469,3,آل عمران,176,19,الاخره,الآخرة
470,3,آل عمران,177,1,ان,إن
470,3,آل عمران,177,5,بالايمان,بالإيمان
470,3,آل عمران,177,9,شييا,شيئا
470,3,آل عمران,177,12,اليم,أليم
471,3,آل عمران,178,5,انما,أنما
471,3,آل عمران,178,9,لانفسهم,لأنفسهم
471,3,آل عمران,178,10,انما,إنما
471,3,آل عمران,178,14,اثما,إثما
472,3,آل عمران,179,5,المومنين,المؤمنين
472,3,آل عمران,179,6,علي,على
472,3,آل عمران,179,8,انتم,أنتم
472,3,آل عمران,179,10,حتي,حتى
472,3,آل عمران,179,19,علي,على
472,3,آل عمران,179,28,فامنوا,فآمنوا
472,3,آل عمران,179,31,وان,وإن
472,3,آل عمران,179,32,تومنوا,تؤمنوا
472,3,آل عمران,179,35,اجر,أجر
473,3,آل عمران,180,6,اتاهم,آتاهم
473,3,آل عمران,180,22,القيامه,القيامة
473,3,آل عمران,180,26,والارض,والأرض
474,3,آل عمران,181,7,ان,إن
474,3,آل عمران,181,11,اغنياء,أغنياء
474,3,آل عمران,181,16,الانبياء,الأنبياء
475,3,آل عمران,182,4,ايديكم,أيديكم
475,3,آل عمران,182,5,وان,وأن
476,3,آل عمران,183,3,ان,إن
476,3,آل عمران,183,6,الينا,إلينا
476,3,آل عمران,183,7,الا,ألا
476,3,آل عمران,183,8,نومن,نؤمن
476,3,آل عمران,183,10,حتي,حتى
476,3,آل عمران,183,11,ياتينا,يأتينا
476,3,آل عمران,183,13,تاكله,تأكله
476,3,آل عمران,183,26,ان,إن
477,3,آل عمران,184,1,فان,فإن
478,3,آل عمران,185,3,ذايقه,ذائقة
478,3,آل عمران,185,5,وانما,وإنما
478,3,آل عمران,185,7,اجوركم,أجوركم
478,3,آل عمران,185,9,القيامه,القيامة
478,3,آل عمران,185,14,وادخل,وأدخل
478,3,آل عمران,185,15,الجنه,الجنة
478,3,آل عمران,185,19,الحياه,الحياة
478,3,آل عمران,185,21,الا,إلا
479,3,آل عمران,186,3,اموالكم,أموالكم
479,3,آل عمران,186,4,وانفسكم,وأنفسكم
479,3,آل عمران,186,8,اوتوا,أوتوا
479,3,آل عمران,186,14,اشركوا,أشركوا
479,3,آل عمران,186,15,اذي,أذى
479,3,آل عمران,186,17,وان,وإن
479,3,آل عمران,186,20,فان,فإن
479,3,آل عمران,186,24,الامور,الأمور
480,3,آل عمران,187,1,واذ,وإذ
480,3,آل عمران,187,2,اخذ,أخذ
480,3,آل عمران,187,6,اوتوا,أوتوا
480,3,آل عمران,187,19,فبيس,فبئس
481,3,آل عمران,188,6,اتوا,أتوا
481,3,آل عمران,188,8,ان,أن
481,3,آل عمران,188,15,بمفازه,بمفازة
481,3,آل عمران,188,20,اليم,أليم
482,3,آل عمران,189,4,والارض,والأرض
482,3,آل عمران,189,6,علي,على
483,3,آل عمران,190,1,ان,إن
483,3,آل عمران,190,5,والارض,والأرض
483,3,آل عمران,190,9,لايات,لآيات
483,3,آل عمران,190,10,لاولي,لأولي
483,3,آل عمران,190,11,الالباب,الألباب
484,3,آل عمران,191,6,وعلي,وعلى
484,3,آل عمران,191,12,والارض,والأرض
485,3,آل عمران,192,2,انك,إنك
485,3,آل عمران,192,7,اخزيته,أخزيته
485,3,آل عمران,192,11,انصار,أنصار
486,3,آل عمران,193,2,اننا,إننا
486,3,آل عمران,193,6,للايمان,للإيمان
486,3,آل عمران,193,7,ان,أن
486,3,آل عمران,193,8,امنوا,آمنوا
486,3,آل عمران,193,10,فامنا,فآمنا
486,3,آل عمران,193,17,سيياتنا,سيئاتنا
486,3,آل عمران,193,20,الابرار,الأبرار
487,3,آل عمران,194,2,واتنا,وآتنا
487,3,آل عمران,194,5,علي,على
487,3,آل عمران,194,10,القيامه,القيامة
487,3,آل عمران,194,11,انك,إنك
488,3,آل عمران,195,4,اني,أني
488,3,آل عمران,195,6,اضيع,أضيع
488,3,آل عمران,195,12,او,أو
488,3,آل عمران,195,13,انثي,أنثى
488,3,آل عمران,195,19,واخرجوا,وأخرجوا
488,3,آل عمران,195,22,واوذوا,وأوذوا
488,3,آل عمران,195,27,لاكفرن,لأكفرن
488,3,آل عمران,195,29,سيياتهم,سيئاتهم
488,3,آل عمران,195,30,ولادخلنهم,ولأدخلنهم
488,3,آل عمران,195,35,الانهار,الأنهار
490,3,آل عمران,197,4,ماواهم,مأواهم
490,3,آل عمران,197,6,وبيس,وبئس
491,3,آل عمران,198,10,الانهار,الأنهار
491,3,آل عمران,198,21,للابرار,للأبرار
492,3,آل عمران,199,1,وان,وإن
492,3,آل عمران,199,3,اهل,أهل
492,3,آل عمران,199,6,يومن,يؤمن
492,3,آل عمران,199,9,انزل,أنزل
492,3,آل عمران,199,10,اليكم,إليكم
492,3,آل عمران,199,12,انزل,أنزل
492,3,آل عمران,199,13,اليهم,إليهم
492,3,آل عمران,199,18,بايات,بآيات
492,3,آل عمران,199,22,اوليك,أولئك
492,3,آل عمران,199,24,اجرهم,أجرهم
492,3,آل عمران,199,27,ان,إن
493,3,آل عمران,200,2,ايها,أيها
493,3,آل عمران,200,4,امنوا,آمنوا
494,4,النساء,1,6,ايها,أيها
494,4,النساء,1,14,واحده,واحدة
494,4,النساء,1,28,والارحام,والأرحام
494,4,النساء,1,29,ان,إن
495,4,النساء,2,1,واتوا,وآتوا
495,4,النساء,2,2,اليتامي,اليتامى
495,4,النساء,2,3,اموالهم,أموالهم
495,4,النساء,2,9,تاكلوا,تأكلوا
495,4,النساء,2,10,اموالهم,أموالهم
495,4,النساء,2,11,الي,إلى
495,4,النساء,2,12,اموالكم,أموالكم
495,4,النساء,2,13,انه,إنه
496,4,النساء,3,1,وان,وإن
496,4,النساء,3,3,الا,ألا
496,4,النساء,3,6,اليتامي,اليتامى
496,4,النساء,3,13,مثني,مثنى
496,4,النساء,3,16,فان,فإن
496,4,النساء,3,18,الا,ألا
496,4,النساء,3,20,فواحده,فواحدة
496,4,النساء,3,21,او,أو
496,4,النساء,3,24,ايمانكم,أيمانكم
496,4,النساء,3,26,ادني,أدنى
496,4,النساء,3,27,الا,ألا
497,4,النساء,4,1,واتوا,وآتوا
497,4,النساء,4,4,نحله,نحلة
497,4,النساء,4,5,فان,فإن
497,4,النساء,4,13,هنييا,هنيئا
497,4,النساء,4,14,مرييا,مريئا
498,4,النساء,5,2,توتوا,تؤتوا
498,4,النساء,5,4,اموالكم,أموالكم
499,4,النساء,6,2,اليتامي,اليتامى
499,4,النساء,6,3,حتي,حتى
499,4,النساء,6,4,اذا,إذا
499,4,النساء,6,7,فان,فإن
499,4,النساء,6,8,انستم,آنستم
499,4,النساء,6,12,اليهم,إليهم
499,4,النساء,6,13,اموالهم,أموالهم
499,4,النساء,6,15,تاكلوها,تأكلوها
499,4,النساء,6,16,اسرافا,إسرافا
499,4,النساء,6,18,ان,أن
499,4,النساء,6,27,فلياكل,فليأكل
499,4,النساء,6,29,فاذا,فإذا
499,4,النساء,6,31,اليهم,إليهم
499,4,النساء,6,32,اموالهم,أموالهم
499,4,النساء,6,33,فاشهدوا,فأشهدوا
499,4,النساء,6,35,وكفي,وكفى
500,4,النساء,7,6,والاقربون,والأقربون
500,4,النساء,7,12,والاقربون,والأقربون
500,4,النساء,7,16,او,أو
501,4,النساء,8,1,واذا,وإذا
501,4,النساء,8,3,القسمه,القسمة
501,4,النساء,8,4,اولو,أولو
501,4,النساء,8,5,القربي,القربى
501,4,النساء,8,6,واليتامي,واليتامى
502,4,النساء,9,7,ذريه,ذرية
503,4,النساء,10,1,ان,إن
503,4,النساء,10,3,ياكلون,يأكلون
503,4,النساء,10,4,اموال,أموال
503,4,النساء,10,5,اليتامي,اليتامى
503,4,النساء,10,7,انما,إنما
503,4,النساء,10,8,ياكلون,يأكلون
504,4,النساء,11,4,اولادكم,أولادكم
504,4,النساء,11,8,الانثيين,الأنثيين
504,4,النساء,11,9,فان,فإن
504,4,النساء,11,18,وان,وإن
504,4,النساء,11,20,واحده,واحدة
504,4,النساء,11,23,ولابويه,ولأبويه
504,4,النساء,11,30,ان,إن
504,4,النساء,11,34,فان,فإن
504,4,النساء,11,40,ابواه,أبواه
504,4,النساء,11,41,فلامه,فلأمه
504,4,النساء,11,43,فان,فإن
504,4,النساء,11,46,اخوه,إخوة
504,4,النساء,11,47,فلامه,فلأمه
504,4,النساء,11,51,وصيه,وصية
504,4,النساء,11,54,او,أو
504,4,النساء,11,56,اباوكم,آباؤكم
504,4,النساء,11,57,وابناوكم,وأبناؤكم
504,4,النساء,11,60,ايهم,أيهم
504,4,النساء,11,61,اقرب,أقرب
504,4,النساء,11,64,فريضه,فريضة
504,4,النساء,11,67,ان,إن
505,4,النساء,12,5,ازواجكم,أزواجكم
505,4,النساء,12,6,ان,إن
505,4,النساء,12,11,فان,فإن
505,4,النساء,12,21,وصيه,وصية
505,4,النساء,12,24,او,أو
505,4,النساء,12,30,ان,إن
505,4,النساء,12,35,فان,فإن
505,4,النساء,12,45,وصيه,وصية
505,4,النساء,12,48,او,أو
505,4,النساء,12,50,وان,وإن
505,4,النساء,12,54,كلاله,كلالة
505,4,النساء,12,55,او,أو
505,4,النساء,12,56,امراه,امرأة
505,4,النساء,12,58,اخ,أخ
505,4,النساء,12,59,او,أو
505,4,النساء,12,60,اخت,أخت
505,4,النساء,12,65,فان,فإن
505,4,النساء,12,67,اكثر,أكثر
505,4,النساء,12,76,وصيه,وصية
505,4,النساء,12,77,يوصي,يوصى
505,4,النساء,12,79,او,أو
505,4,النساء,12,83,وصيه,وصية
506,4,النساء,13,13,الانهار,الأنهار
508,4,النساء,15,2,ياتين,يأتين
508,4,النساء,15,3,الفاحشه,الفاحشة
508,4,النساء,15,5,نسايكم,نسائكم
508,4,النساء,15,8,اربعه,أربعة
508,4,النساء,15,10,فان,فإن
508,4,النساء,15,12,فامسكوهن,فأمسكوهن
508,4,النساء,15,15,حتي,حتى
508,4,النساء,15,18,او,أو
509,4,النساء,16,2,ياتيانها,يأتيانها
509,4,النساء,16,4,فاذوهما,فآذوهما
509,4,النساء,16,5,فان,فإن
509,4,النساء,16,7,واصلحا,وأصلحا
509,4,النساء,16,8,فاعرضوا,فأعرضوا
509,4,النساء,16,10,ان,إن
510,4,النساء,17,1,انما,إنما
510,4,النساء,17,2,التوبه,التوبة
510,4,النساء,17,3,علي,على
510,4,النساء,17,8,بجهاله,بجهالة
510,4,النساء,17,13,فاوليك,فأولئك
511,4,النساء,18,2,التوبه,التوبة
511,4,النساء,18,5,السييات,السيئات
511,4,النساء,18,6,حتي,حتى
511,4,النساء,18,7,اذا,إذا
511,4,النساء,18,9,احدهم,أحدهم
511,4,النساء,18,12,اني,إني
511,4,النساء,18,14,الان,الآن
511,4,النساء,18,20,اوليك,أولئك
511,4,النساء,18,21,اعتدنا,أعتدنا
511,4,النساء,18,24,اليما,أليما
512,4,النساء,19,2,ايها,أيها
512,4,النساء,19,4,امنوا,آمنوا
512,4,النساء,19,8,ان,أن
512,4,النساء,19,17,اتيتموهن,آتيتموهن
512,4,النساء,19,18,الا,إلا
512,4,النساء,19,19,ان,أن
512,4,النساء,19,20,ياتين,يأتين
512,4,النساء,19,21,بفاحشه,بفاحشة
512,4,النساء,19,22,مبينه,مبينة
512,4,النساء,19,25,فان,فإن
512,4,النساء,19,27,فعسي,فعسى
512,4,النساء,19,28,ان,أن
512,4,النساء,19,30,شييا,شيئا
513,4,النساء,20,1,وان,وإن
513,4,النساء,20,2,اردتم,أردتم
513,4,النساء,20,7,واتيتم,وآتيتم
513,4,النساء,20,8,احداهن,إحداهن
513,4,النساء,20,11,تاخذوا,تأخذوا
513,4,النساء,20,13,شييا,شيئا
513,4,النساء,20,14,اتاخذونه,أتأخذونه
513,4,النساء,20,16,واثما,وإثما
514,4,النساء,21,2,تاخذونه,تأخذونه
514,4,النساء,21,4,افضي,أفضى
514,4,النساء,21,6,الي,إلى
514,4,النساء,21,8,واخذن,وأخذن
515,4,النساء,22,5,اباوكم,آباؤكم
515,4,النساء,22,8,الا,إلا
515,4,النساء,22,12,انه,إنه
515,4,النساء,22,14,فاحشه,فاحشة
516,4,النساء,23,3,امهاتكم,أمهاتكم
516,4,النساء,23,5,واخواتكم,وأخواتكم
516,4,النساء,23,9,الاخ,الأخ
516,4,النساء,23,11,الاخت,الأخت
516,4,النساء,23,12,وامهاتكم,وأمهاتكم
516,4,النساء,23,14,ارضعنكم,أرضعنكم
516,4,النساء,23,15,واخواتكم,وأخواتكم
516,4,النساء,23,17,الرضاعه,الرضاعة
516,4,النساء,23,18,وامهات,وأمهات
516,4,النساء,23,19,نسايكم,نسائكم
516,4,النساء,23,20,وربايبكم,وربائبكم
516,4,النساء,23,25,نسايكم,نسائكم
516,4,النساء,23,29,فان,فإن
516,4,النساء,23,37,وحلايل,وحلائل
516,4,النساء,23,38,ابنايكم,أبنائكم
516,4,النساء,23,41,اصلابكم,أصلابكم
516,4,النساء,23,42,وان,وأن
516,4,النساء,23,45,الاختين,الأختين
516,4,النساء,23,46,الا,إلا
516,4,النساء,23,50,ان,إن
517,4,النساء,24,4,الا,إلا
517,4,النساء,24,7,ايمانكم,أيمانكم
517,4,النساء,24,11,واحل,وأحل
517,4,النساء,24,16,ان,أن
517,4,النساء,24,18,باموالكم,بأموالكم
517,4,النساء,24,26,فاتوهن,فآتوهن
517,4,النساء,24,27,اجورهن,أجورهن
517,4,النساء,24,28,فريضه,فريضة
517,4,النساء,24,37,الفريضه,الفريضة
517,4,النساء,24,38,ان,إن
518,4,النساء,25,6,ان,أن
518,4,النساء,25,9,المومنات,المؤمنات
518,4,النساء,25,13,ايمانكم,أيمانكم
518,4,النساء,25,16,المومنات,المؤمنات
518,4,النساء,25,18,اعلم,أعلم
518,4,النساء,25,19,بايمانكم,بإيمانكم
518,4,النساء,25,24,باذن,بإذن
518,4,النساء,25,25,اهلهن,أهلهن
518,4,النساء,25,26,واتوهن,وآتوهن
518,4,النساء,25,27,اجورهن,أجورهن
518,4,النساء,25,34,اخدان,أخدان
518,4,النساء,25,35,فاذا,فإذا
518,4,النساء,25,36,احصن,أحصن
518,4,النساء,25,37,فان,فإن
518,4,النساء,25,38,اتين,أتين
518,4,النساء,25,39,بفاحشه,بفاحشة
518,4,النساء,25,43,علي,على
518,4,النساء,25,52,وان,وأن
520,4,النساء,27,3,ان,أن
520,4,النساء,27,10,ان,أن
521,4,النساء,28,3,ان,أن
521,4,النساء,28,7,الانسان,الإنسان
522,4,النساء,29,2,ايها,أيها
522,4,النساء,29,4,امنوا,آمنوا
522,4,النساء,29,6,تاكلوا,تأكلوا
522,4,النساء,29,7,اموالكم,أموالكم
522,4,النساء,29,10,الا,إلا
522,4,النساء,29,11,ان,أن
522,4,النساء,29,13,تجاره,تجارة
522,4,النساء,29,19,انفسكم,أنفسكم
522,4,النساء,29,20,ان,إن
523,4,النساء,30,11,علي,على
524,4,النساء,31,1,ان,إن
524,4,النساء,31,3,كباير,كبائر
524,4,النساء,31,9,سيياتكم,سيئاتكم
525,4,النساء,32,8,علي,على
525,4,النساء,32,18,واسالوا,واسألوا
525,4,النساء,32,22,ان,إن
526,4,النساء,33,7,والاقربون,والأقربون
526,4,النساء,33,10,ايمانكم,أيمانكم
526,4,النساء,33,11,فاتوهم,فآتوهم
526,4,النساء,33,13,ان,إن
526,4,النساء,33,16,علي,على
527,4,النساء,34,3,علي,على
527,4,النساء,34,9,علي,على
527,4,النساء,34,12,انفقوا,أنفقوا
527,4,النساء,34,14,اموالهم,أموالهم
527,4,النساء,34,30,فان,فإن
527,4,النساء,34,31,اطعنكم,أطعنكم
527,4,النساء,34,36,ان,إن
528,4,النساء,35,1,وان,وإن
528,4,النساء,35,8,اهله,أهله
528,4,النساء,35,11,اهلها,أهلها
528,4,النساء,35,12,ان,إن
528,4,النساء,35,14,اصلاحا,إصلاحا
528,4,النساء,35,18,ان,إن
529,4,النساء,36,6,شييا,شيئا
529,4,النساء,36,8,احسانا,إحسانا
529,4,النساء,36,10,القربي,القربى
529,4,النساء,36,11,واليتامي,واليتامى
529,4,النساء,36,15,القربي,القربى
529,4,النساء,36,24,ايمانكم,أيمانكم
529,4,النساء,36,25,ان,إن
530,4,النساء,37,3,ويامرون,ويأمرون
530,4,النساء,37,8,اتاهم,آتاهم
530,4,النساء,37,12,واعتدنا,وأعتدنا
531,4,النساء,38,3,اموالهم,أموالهم
531,4,النساء,38,4,رياء,رئاء
531,4,النساء,38,7,يومنون,يؤمنون
531,4,النساء,38,11,الاخر,الآخر
532,4,النساء,39,4,امنوا,آمنوا
532,4,النساء,39,7,الاخر,الآخر
532,4,النساء,39,8,وانفقوا,وأنفقوا
533,4,النساء,40,1,ان,إن
533,4,النساء,40,6,ذره,ذرة
533,4,النساء,40,7,وان,وإن
533,4,النساء,40,9,حسنه,حسنة
533,4,النساء,40,11,ويوت,ويؤت
533,4,النساء,40,14,اجرا,أجرا
534,4,النساء,41,2,اذا,إذا
534,4,النساء,41,3,جينا,جئنا
534,4,النساء,41,6,امه,أمة
534,4,النساء,41,8,وجينا,وجئنا
534,4,النساء,41,10,علي,على
534,4,النساء,41,11,هولاء,هؤلاء
535,4,النساء,42,1,يوميذ,يومئذ
535,4,النساء,42,8,تسوي,تسوى
535,4,النساء,42,10,الارض,الأرض
536,4,النساء,43,2,ايها,أيها
536,4,النساء,43,4,امنوا,آمنوا
536,4,النساء,43,7,الصلاه,الصلاة
536,4,النساء,43,8,وانتم,وأنتم
536,4,النساء,43,9,سكاري,سكارى
536,4,النساء,43,10,حتي,حتى
536,4,النساء,43,16,الا,إلا
536,4,النساء,43,19,حتي,حتى
536,4,النساء,43,21,وان,وإن
536,4,النساء,43,23,مرضي,مرضى
536,4,النساء,43,24,او,أو
536,4,النساء,43,25,علي,على
536,4,النساء,43,27,او,أو
536,4,النساء,43,29,احد,أحد
536,4,النساء,43,32,الغايط,الغائط
536,4,النساء,43,33,او,أو
536,4,النساء,43,44,وايديكم,وأيديكم
536,4,النساء,43,45,ان,إن
537,4,النساء,44,1,الم,ألم
537,4,النساء,44,3,الي,إلى
537,4,النساء,44,5,اوتوا,أوتوا
537,4,النساء,44,10,الضلاله,الضلالة
537,4,النساء,44,12,ان,أن
538,4,النساء,45,2,اعلم,أعلم
538,4,النساء,45,3,باعدايكم,بأعدائكم
538,4,النساء,45,4,وكفي,وكفى
538,4,النساء,45,7,وكفي,وكفى
539,4,النساء,46,16,بالسنتهم,بألسنتهم
539,4,النساء,46,21,انهم,أنهم
539,4,النساء,46,24,واطعنا,وأطعنا
539,4,النساء,46,30,واقوم,وأقوم
539,4,النساء,46,36,يومنون,يؤمنون
539,4,النساء,46,37,الا,إلا
540,4,النساء,47,2,ايها,أيها
540,4,النساء,47,4,اوتوا,أوتوا
540,4,النساء,47,6,امنوا,آمنوا
540,4,النساء,47,14,ان,أن
540,4,النساء,47,18,علي,على
540,4,النساء,47,19,ادبارها,أدبارها
540,4,النساء,47,20,او,أو
540,4,النساء,47,24,اصحاب,أصحاب
540,4,النساء,47,27,امر,أمر
541,4,النساء,48,1,ان,إن
541,4,النساء,48,5,ان,أن
541,4,النساء,48,18,افتري,افترى
541,4,النساء,48,19,اثما,إثما
542,4,النساء,49,1,الم,ألم
542,4,النساء,49,3,الي,إلى
542,4,النساء,49,6,انفسهم,أنفسهم
543,4,النساء,50,4,علي,على
543,4,النساء,50,7,وكفي,وكفى
543,4,النساء,50,9,اثما,إثما
544,4,النساء,51,1,الم,ألم
544,4,النساء,51,3,الي,إلى
544,4,النساء,51,5,اوتوا,أوتوا
544,4,النساء,51,9,يومنون,يؤمنون
544,4,النساء,51,15,هولاء,هؤلاء
544,4,النساء,51,16,اهدي,أهدى
544,4,النساء,51,19,امنوا,آمنوا
545,4,النساء,52,1,اوليك,أولئك
546,4,النساء,53,1,ام,أم
546,4,النساء,53,6,فاذا,فإذا
546,4,النساء,53,8,يوتون,يؤتون
547,4,النساء,54,1,ام,أم
547,4,النساء,54,4,علي,على
547,4,النساء,54,6,اتاهم,آتاهم
547,4,النساء,54,11,اتينا,آتينا
547,4,النساء,54,12,ال,آل
547,4,النساء,54,13,ابراهيم,إبراهيم
547,4,النساء,54,15,والحكمه,والحكمة
547,4,النساء,54,16,واتيناهم,وآتيناهم
548,4,النساء,55,3,امن,آمن
548,4,النساء,55,9,وكفي,وكفى
549,4,النساء,56,1,ان,إن
549,4,النساء,56,4,باياتنا,بآياتنا
549,4,النساء,56,16,ان,إن
550,4,النساء,57,2,امنوا,آمنوا
550,4,النساء,57,10,الانهار,الأنهار
550,4,النساء,57,13,ابدا,أبدا
550,4,النساء,57,16,ازواج,أزواج
550,4,النساء,57,17,مطهره,مطهرة
551,4,النساء,58,1,ان,إن
551,4,النساء,58,3,يامركم,يأمركم
551,4,النساء,58,4,ان,أن
551,4,النساء,58,5,تودوا,تؤدوا
551,4,النساء,58,6,الامانات,الأمانات
551,4,النساء,58,7,الي,إلى
551,4,النساء,58,8,اهلها,أهلها
551,4,النساء,58,9,واذا,وإذا
551,4,النساء,58,13,ان,أن
551,4,النساء,58,16,ان,إن
551,4,النساء,58,21,ان,إن
552,4,النساء,59,2,ايها,أيها
552,4,النساء,59,4,امنوا,آمنوا
552,4,النساء,59,5,اطيعوا,أطيعوا
552,4,النساء,59,7,واطيعوا,وأطيعوا
552,4,النساء,59,9,واولي,وأولي
552,4,النساء,59,10,الامر,الأمر
552,4,النساء,59,12,فان,فإن
552,4,النساء,59,17,الي,إلى
552,4,النساء,59,20,ان,إن
552,4,النساء,59,22,تومنون,تؤمنون
552,4,النساء,59,25,الاخر,الآخر
552,4,النساء,59,28,واحسن,وأحسن
552,4,النساء,59,29,تاويلا,تأويلا
553,4,النساء,60,1,الم,ألم
553,4,النساء,60,3,الي,إلى
553,4,النساء,60,6,انهم,أنهم
553,4,النساء,60,7,امنوا,آمنوا
553,4,النساء,60,9,انزل,أنزل
553,4,النساء,60,10,اليك,إليك
553,4,النساء,60,12,انزل,أنزل
553,4,النساء,60,16,ان,أن
553,4,النساء,60,18,الي,إلى
553,4,النساء,60,21,امروا,أمروا
553,4,النساء,60,22,ان,أن
553,4,النساء,60,27,ان,أن
554,4,النساء,61,1,واذا,وإذا
554,4,النساء,61,5,الي,إلى
554,4,النساء,61,7,انزل,أنزل
554,4,النساء,61,9,والي,وإلى
554,4,النساء,61,11,رايت,رأيت
555,4,النساء,62,2,اذا,إذا
555,4,النساء,62,3,اصابتهم,أصابتهم
555,4,النساء,62,4,مصيبه,مصيبة
555,4,النساء,62,7,ايديهم,أيديهم
555,4,النساء,62,12,ان,إن
555,4,النساء,62,13,اردنا,أردنا
555,4,النساء,62,14,الا,إلا
555,4,النساء,62,15,احسانا,إحسانا
556,4,النساء,63,1,اوليك,أولئك
556,4,النساء,63,8,فاعرض,فأعرض
556,4,النساء,63,14,انفسهم,أنفسهم
557,4,النساء,64,2,ارسلنا,أرسلنا
557,4,النساء,64,5,الا,إلا
557,4,النساء,64,7,باذن,بإذن
557,4,النساء,64,10,انهم,أنهم
557,4,النساء,64,11,اذ,إذ
557,4,النساء,64,13,انفسهم,أنفسهم
558,4,النساء,65,4,يومنون,يؤمنون
558,4,النساء,65,5,حتي,حتى
558,4,النساء,65,14,انفسهم,أنفسهم
559,4,النساء,66,2,انا,أنا
559,4,النساء,66,5,ان,أن
559,4,النساء,66,7,انفسكم,أنفسكم
559,4,النساء,66,8,او,أو
559,4,النساء,66,14,الا,إلا
559,4,النساء,66,18,انهم,أنهم
559,4,النساء,66,26,واشد,وأشد
560,4,النساء,67,1,واذا,وإذا
560,4,النساء,67,2,لاتيناهم,لآتيناهم
560,4,النساء,67,5,اجرا,أجرا
562,4,النساء,69,5,فاوليك,فأولئك
562,4,النساء,69,8,انعم,أنعم
562,4,النساء,69,17,اوليك,أولئك
563,4,النساء,70,5,وكفي,وكفى
564,4,النساء,71,2,ايها,أيها
564,4,النساء,71,4,امنوا,آمنوا
564,4,النساء,71,9,او,أو
565,4,النساء,72,1,وان,وإن
565,4,النساء,72,4,ليبطين,ليبطئن
565,4,النساء,72,5,فان,فإن
565,4,النساء,72,6,اصابتكم,أصابتكم
565,4,النساء,72,7,مصيبه,مصيبة
565,4,النساء,72,10,انعم,أنعم
565,4,النساء,72,13,اذ,إذ
565,4,النساء,72,15,اكن,أكن
566,4,النساء,73,1,ولين,ولئن
566,4,النساء,73,2,اصابكم,أصابكم
566,4,النساء,73,7,كان,كأن
566,4,النساء,73,12,موده,مودة
566,4,النساء,73,17,فافوز,فأفوز
567,4,النساء,74,7,الحياه,الحياة
567,4,النساء,74,9,بالاخره,بالآخرة
567,4,النساء,74,16,او,أو
567,4,النساء,74,19,نوتيه,نؤتيه
567,4,النساء,74,20,اجرا,أجرا
568,4,النساء,75,16,اخرجنا,أخرجنا
568,4,النساء,75,19,القريه,القرية
568,4,النساء,75,21,اهلها,أهلها
569,4,النساء,76,2,امنوا,آمنوا
569,4,النساء,76,14,اولياء,أولياء
569,4,النساء,76,16,ان,إن
570,4,النساء,77,1,الم,ألم
570,4,النساء,77,3,الي,إلى
570,4,النساء,77,8,ايديكم,أيديكم
570,4,النساء,77,9,واقيموا,وأقيموا
570,4,النساء,77,10,الصلاه,الصلاة
570,4,النساء,77,11,واتوا,وآتوا
570,4,النساء,77,12,الزكاه,الزكاة
570,4,النساء,77,17,اذا,إذا
570,4,النساء,77,22,كخشيه,كخشية
570,4,النساء,77,24,او,أو
570,4,النساء,77,25,اشد,أشد
570,4,النساء,77,26,خشيه,خشية
570,4,النساء,77,34,اخرتنا,أخرتنا
570,4,النساء,77,35,الي,إلى
570,4,النساء,77,36,اجل,أجل
570,4,النساء,77,42,والاخره,والآخرة
570,4,النساء,77,45,اتقي,اتقى
571,4,النساء,78,1,اينما,أينما
571,4,النساء,78,9,مشيده,مشيدة
571,4,النساء,78,10,وان,وإن
571,4,النساء,78,12,حسنه,حسنة
571,4,النساء,78,18,وان,وإن
571,4,النساء,78,20,سييه,سيئة
571,4,النساء,78,31,هولاء,هؤلاء
572,4,النساء,79,2,اصابك,أصابك
572,4,النساء,79,4,حسنه,حسنة
572,4,النساء,79,8,اصابك,أصابك
572,4,النساء,79,10,سييه,سيئة
572,4,النساء,79,13,وارسلناك,وأرسلناك
572,4,النساء,79,16,وكفي,وكفى
573,4,النساء,80,5,اطاع,أطاع
573,4,النساء,80,8,تولي,تولى
573,4,النساء,80,10,ارسلناك,أرسلناك
574,4,النساء,81,2,طاعه,طاعة
574,4,النساء,81,3,فاذا,فإذا
574,4,النساء,81,8,طايفه,طائفة
574,4,النساء,81,17,فاعرض,فأعرض
574,4,النساء,81,20,علي,على
574,4,النساء,81,22,وكفي,وكفى
575,4,النساء,82,1,افلا,أفلا
575,4,النساء,82,3,القران,القرآن
576,4,النساء,83,1,واذا,وإذا
576,4,النساء,83,3,امر,أمر
576,4,النساء,83,5,الامن,الأمن
576,4,النساء,83,6,او,أو
576,4,النساء,83,8,اذاعوا,أذاعوا
576,4,النساء,83,12,الي,إلى
576,4,النساء,83,14,والي,وإلى
576,4,النساء,83,15,اولي,أولي
576,4,النساء,83,16,الامر,الأمر
576,4,النساء,83,29,الا,إلا
577,4,النساء,84,7,الا,إلا
577,4,النساء,84,10,المومنين,المؤمنين
577,4,النساء,84,11,عسي,عسى
577,4,النساء,84,13,ان,أن
577,4,النساء,84,15,باس,بأس
577,4,النساء,84,19,اشد,أشد
577,4,النساء,84,20,باسا,بأسا
577,4,النساء,84,21,واشد,وأشد
578,4,النساء,85,3,شفاعه,شفاعة
578,4,النساء,85,4,حسنه,حسنة
578,4,النساء,85,11,شفاعه,شفاعة
578,4,النساء,85,12,سييه,سيئة
578,4,النساء,85,19,علي,على
579,4,النساء,86,1,واذا,وإذا
579,4,النساء,86,3,بتحيه,بتحية
579,4,النساء,86,5,باحسن,بأحسن
579,4,النساء,86,7,او,أو
579,4,النساء,86,9,ان,إن
579,4,النساء,86,12,علي,على
580,4,النساء,87,3,اله,إله
580,4,النساء,87,4,الا,إلا
580,4,النساء,87,7,الي,إلى
580,4,النساء,87,9,القيامه,القيامة
580,4,النساء,87,14,اصدق,أصدق
581,4,النساء,88,5,فيتين,فئتين
581,4,النساء,88,7,اركسهم,أركسهم
581,4,النساء,88,10,اتريدون,أتريدون
581,4,النساء,88,11,ان,أن
581,4,النساء,88,14,اضل,أضل
582,4,النساء,89,11,اولياء,أولياء
582,4,النساء,89,12,حتي,حتى
582,4,النساء,89,17,فان,فإن
583,4,النساء,90,1,الا,إلا
583,4,النساء,90,4,الي,إلى
583,4,النساء,90,9,او,أو
583,4,النساء,90,13,ان,أن
583,4,النساء,90,15,او,أو
583,4,النساء,90,24,فان,فإن
583,4,النساء,90,28,والقوا,وألقوا
583,4,النساء,90,29,اليكم,إليكم
584,4,النساء,91,2,اخرين,آخرين
584,4,النساء,91,4,ان,أن
584,4,النساء,91,5,يامنوكم,يأمنوكم
584,4,النساء,91,6,ويامنوا,ويأمنوا
584,4,النساء,91,11,الي,إلى
584,4,النساء,91,12,الفتنه,الفتنة
584,4,النساء,91,13,اركسوا,أركسوا
584,4,النساء,91,15,فان,فإن
584,4,النساء,91,19,اليكم,إليكم
584,4,النساء,91,22,ايديهم,أيديهم
584,4,النساء,91,27,واوليكم,وأولئكم
585,4,النساء,92,3,لمومن,لمؤمن
585,4,النساء,92,4,ان,أن
585,4,النساء,92,6,مومنا,مؤمنا
585,4,النساء,92,7,الا,إلا
585,4,النساء,92,8,خطا,خطأ
585,4,النساء,92,11,مومنا,مؤمنا
585,4,النساء,92,12,خطا,خطأ
585,4,النساء,92,14,رقبه,رقبة
585,4,النساء,92,15,مومنه,مؤمنة
585,4,النساء,92,16,وديه,ودية
585,4,النساء,92,17,مسلمه,مسلمة
585,4,النساء,92,18,الي,إلى
585,4,النساء,92,19,اهله,أهله
585,4,النساء,92,20,الا,إلا
585,4,النساء,92,21,ان,أن
585,4,النساء,92,23,فان,فإن
585,4,النساء,92,30,مومن,مؤمن
585,4,النساء,92,32,رقبه,رقبة
585,4,النساء,92,33,مومنه,مؤمنة
585,4,النساء,92,34,وان,وإن
585,4,النساء,92,41,فديه,فدية
585,4,النساء,92,42,مسلمه,مسلمة
585,4,النساء,92,43,الي,إلى
585,4,النساء,92,44,اهله,أهله
585,4,النساء,92,46,رقبه,رقبة
585,4,النساء,92,47,مومنه,مؤمنة
585,4,النساء,92,54,توبه,توبة
586,4,النساء,93,3,مومنا,مؤمنا
586,4,النساء,93,5,فجزاوه,فجزاؤه
586,4,النساء,93,13,واعد,وأعد
587,4,النساء,94,2,ايها,أيها
587,4,النساء,94,4,امنوا,آمنوا
587,4,النساء,94,5,اذا,إذا
587,4,النساء,94,14,القي,ألقى
587,4,النساء,94,15,اليكم,إليكم
587,4,النساء,94,18,مومنا,مؤمنا
587,4,النساء,94,21,الحياه,الحياة
587,4,النساء,94,26,كثيره,كثيرة
587,4,النساء,94,35,ان,إن
588,4,النساء,95,5,المومنين,المؤمنين
588,4,النساء,95,7,اولي,أولي
588,4,النساء,95,13,باموالهم,بأموالهم
588,4,النساء,95,14,وانفسهم,وأنفسهم
588,4,النساء,95,18,باموالهم,بأموالهم
588,4,النساء,95,19,وانفسهم,وأنفسهم
588,4,النساء,95,20,علي,على
588,4,النساء,95,22,درجه,درجة
588,4,النساء,95,26,الحسني,الحسنى
588,4,النساء,95,30,علي,على
588,4,النساء,95,32,اجرا,أجرا
589,4,النساء,96,3,ومغفره,ومغفرة
589,4,النساء,96,4,ورحمه,ورحمة
590,4,النساء,97,1,ان,إن
590,4,النساء,97,4,الملايكه,الملائكة
590,4,النساء,97,6,انفسهم,أنفسهم
590,4,النساء,97,14,الارض,الأرض
590,4,النساء,97,16,الم,ألم
590,4,النساء,97,18,ارض,أرض
590,4,النساء,97,20,واسعه,واسعة
590,4,النساء,97,23,فاوليك,فأولئك
590,4,النساء,97,24,ماواهم,مأواهم
591,4,النساء,98,1,الا,إلا
591,4,النساء,98,9,حيله,حيلة
592,4,النساء,99,1,فاوليك,فأولئك
592,4,النساء,99,2,عسي,عسى
592,4,النساء,99,4,ان,أن
593,4,النساء,100,8,الارض,الأرض
593,4,النساء,100,11,وسعه,وسعة
593,4,النساء,100,17,الي,إلى
593,4,النساء,100,25,اجره,أجره
593,4,النساء,100,26,علي,على
594,4,النساء,101,1,واذا,وإذا
594,4,النساء,101,4,الارض,الأرض
594,4,النساء,101,8,ان,أن
594,4,النساء,101,11,الصلاه,الصلاة
594,4,النساء,101,12,ان,إن
594,4,النساء,101,14,ان,أن
594,4,النساء,101,18,ان,إن
595,4,النساء,102,1,واذا,وإذا
595,4,النساء,102,4,فاقمت,فأقمت
595,4,النساء,102,6,الصلاه,الصلاة
595,4,النساء,102,8,طايفه,طائفة
595,4,النساء,102,11,ولياخذوا,وليأخذوا
595,4,النساء,102,12,اسلحتهم,أسلحتهم
595,4,النساء,102,13,فاذا,فإذا
595,4,النساء,102,17,ورايكم,ورائكم
595,4,النساء,102,18,ولتات,ولتأت
595,4,النساء,102,19,طايفه,طائفة
595,4,النساء,102,20,اخري,أخرى
595,4,النساء,102,25,ولياخذوا,وليأخذوا
595,4,النساء,102,27,واسلحتهم,وأسلحتهم
595,4,النساء,102,34,اسلحتكم,أسلحتكم
595,4,النساء,102,35,وامتعتكم,وأمتعتكم
595,4,النساء,102,38,ميله,ميلة
595,4,النساء,102,39,واحده,واحدة
595,4,النساء,102,43,ان,إن
595,4,النساء,102,46,اذي,أذى
595,4,النساء,102,49,او,أو
595,4,النساء,102,51,مرضي,مرضى
595,4,النساء,102,52,ان,أن
595,4,النساء,102,54,اسلحتكم,أسلحتكم
595,4,النساء,102,57,ان,إن
595,4,النساء,102,59,اعد,أعد
596,4,النساء,103,1,فاذا,فإذا
596,4,النساء,103,3,الصلاه,الصلاة
596,4,النساء,103,8,وعلي,وعلى
596,4,النساء,103,10,فاذا,فإذا
596,4,النساء,103,11,اطماننتم,اطمأننتم
596,4,النساء,103,12,فاقيموا,فأقيموا
596,4,النساء,103,13,الصلاه,الصلاة
596,4,النساء,103,14,ان,إن
596,4,النساء,103,15,الصلاه,الصلاة
596,4,النساء,103,17,علي,على
596,4,النساء,103,18,المومنين,المؤمنين
597,4,النساء,104,6,ان,إن
597,4,النساء,104,8,تالمون,تألمون
597,4,النساء,104,9,فانهم,فإنهم
597,4,النساء,104,10,يالمون,يألمون
597,4,النساء,104,12,تالمون,تألمون
598,4,النساء,105,1,انا,إنا
598,4,النساء,105,2,انزلنا,أنزلنا
598,4,النساء,105,3,اليك,إليك
598,4,النساء,105,10,اراك,أراك
598,4,النساء,105,14,للخاينين,للخائنين
599,4,النساء,106,3,ان,إن
600,4,النساء,107,6,انفسهم,أنفسهم
600,4,النساء,107,7,ان,إن
600,4,النساء,107,14,اثيما,أثيما
601,4,النساء,108,10,اذ,إذ
601,4,النساء,108,14,يرضي,يرضى
602,4,النساء,109,2,انتم,أنتم
602,4,النساء,109,3,هولاء,هؤلاء
602,4,النساء,109,7,الحياه,الحياة
602,4,النساء,109,14,القيامه,القيامة
602,4,النساء,109,15,ام,أم
603,4,النساء,110,4,او,أو
604,4,النساء,111,3,اثما,إثما
604,4,النساء,111,4,فانما,فإنما
604,4,النساء,111,6,علي,على
605,4,النساء,112,3,خطييه,خطيئة
605,4,النساء,112,4,او,أو
605,4,النساء,112,5,اثما,إثما
605,4,النساء,112,9,برييا,بريئا
605,4,النساء,112,13,واثما,وإثما
606,4,النساء,113,7,طايفه,طائفة
606,4,النساء,113,9,ان,أن
606,4,النساء,113,13,الا,إلا
606,4,النساء,113,14,انفسهم,أنفسهم
606,4,النساء,113,19,وانزل,وأنزل
606,4,النساء,113,23,والحكمه,والحكمة
607,4,النساء,114,7,الا,إلا
607,4,النساء,114,9,امر,أمر
607,4,النساء,114,10,بصدقه,بصدقة
607,4,النساء,114,11,او,أو
607,4,النساء,114,13,او,أو
607,4,النساء,114,14,اصلاح,إصلاح
607,4,النساء,114,24,نوتيه,نؤتيه
607,4,النساء,114,25,اجرا,أجرا
608,4,النساء,115,9,الهدي,الهدى
608,4,النساء,115,13,المومنين,المؤمنين
608,4,النساء,115,16,تولي,تولى
609,4,النساء,116,1,ان,إن
609,4,النساء,116,5,ان,أن
610,4,النساء,117,1,ان,إن
610,4,النساء,117,5,الا,إلا
610,4,النساء,117,6,اناثا,إناثا
610,4,النساء,117,7,وان,وإن
610,4,النساء,117,9,الا,إلا
611,4,النساء,118,4,لاتخذن,لأتخذن
612,4,النساء,119,1,ولاضلنهم,ولأضلنهم
612,4,النساء,119,2,ولامنينهم,ولأمنينهم
612,4,النساء,119,3,ولامرنهم,ولآمرنهم
612,4,النساء,119,5,اذان,آذان
612,4,النساء,119,6,الانعام,الأنعام
612,4,النساء,119,7,ولامرنهم,ولآمرنهم
613,4,النساء,120,6,الا,إلا
614,4,النساء,121,1,اوليك,أولئك
614,4,النساء,121,2,ماواهم,مأواهم
615,4,النساء,122,2,امنوا,آمنوا
615,4,النساء,122,10,الانهار,الأنهار
615,4,النساء,122,13,ابدا,أبدا
615,4,النساء,122,18,اصدق,أصدق
616,4,النساء,123,2,بامانيكم,بأمانيكم
616,4,النساء,123,4,اماني,أماني
616,4,النساء,123,5,اهل,أهل
617,4,النساء,124,7,او,أو
617,4,النساء,124,8,انثي,أنثى
617,4,النساء,124,10,مومن,مؤمن
617,4,النساء,124,11,فاوليك,فأولئك
617,4,النساء,124,13,الجنه,الجنة
618,4,النساء,125,2,احسن,أحسن
618,4,النساء,125,5,اسلم,أسلم
618,4,النساء,125,11,مله,ملة
618,4,النساء,125,12,ابراهيم,إبراهيم
618,4,النساء,125,16,ابراهيم,إبراهيم
619,4,النساء,126,7,الارض,الأرض
620,4,النساء,127,9,يتلي,يتلى
620,4,النساء,127,14,يتامي,يتامى
620,4,النساء,127,18,توتونهن,تؤتونهن
620,4,النساء,127,23,ان,أن
620,4,النساء,127,28,وان,وأن
620,4,النساء,127,30,لليتامي,لليتامى
620,4,النساء,127,36,فان,فإن
621,4,النساء,128,1,وان,وإن
621,4,النساء,128,2,امراه,امرأة
621,4,النساء,128,7,او,أو
621,4,النساء,128,8,اعراضا,إعراضا
621,4,النساء,128,12,ان,أن
621,4,النساء,128,18,واحضرت,وأحضرت
621,4,النساء,128,19,الانفس,الأنفس
621,4,النساء,128,21,وان,وإن
621,4,النساء,128,24,فان,فإن
622,4,النساء,129,3,ان,أن
622,4,النساء,129,14,كالمعلقه,كالمعلقة
622,4,النساء,129,15,وان,وإن
622,4,النساء,129,18,فان,فإن
623,4,النساء,130,1,وان,وإن
624,4,النساء,131,7,الارض,الأرض
624,4,النساء,131,11,اوتوا,أوتوا
624,4,النساء,131,15,واياكم,وإياكم
624,4,النساء,131,16,ان,أن
624,4,النساء,131,19,وان,وإن
624,4,النساء,131,21,فان,فإن
624,4,النساء,131,28,الارض,الأرض
625,4,النساء,132,7,الارض,الأرض
625,4,النساء,132,8,وكفي,وكفى
626,4,النساء,133,1,ان,إن
626,4,النساء,133,2,يشا,يشأ
626,4,النساء,133,4,ايها,أيها
626,4,النساء,133,6,ويات,ويأت
626,4,النساء,133,7,باخرين,بآخرين
626,4,النساء,133,10,علي,على
627,4,النساء,134,10,والاخره,والآخرة
628,4,النساء,135,2,ايها,أيها
628,4,النساء,135,4,امنوا,آمنوا
628,4,النساء,135,11,علي,على
628,4,النساء,135,12,انفسكم,أنفسكم
628,4,النساء,135,13,او,أو
628,4,النساء,135,15,والاقربين,والأقربين
628,4,النساء,135,16,ان,إن
628,4,النساء,135,19,او,أو
628,4,النساء,135,22,اولي,أولى
628,4,النساء,135,26,الهوي,الهوى
628,4,النساء,135,27,ان,أن
628,4,النساء,135,29,وان,وإن
628,4,النساء,135,31,او,أو
628,4,النساء,135,33,فان,فإن
629,4,النساء,136,2,ايها,أيها
629,4,النساء,136,4,امنوا,آمنوا
629,4,النساء,136,5,امنوا,آمنوا
629,4,النساء,136,11,علي,على
629,4,النساء,136,15,انزل,أنزل
629,4,النساء,136,21,وملايكته,وملائكته
629,4,النساء,136,25,الاخر,الآخر
630,4,النساء,137,1,ان,إن
630,4,النساء,137,3,امنوا,آمنوا
630,4,النساء,137,7,امنوا,آمنوا
631,4,النساء,138,3,بان,بأن
631,4,النساء,138,6,اليما,أليما
632,4,النساء,139,4,اولياء,أولياء
632,4,النساء,139,7,المومنين,المؤمنين
632,4,النساء,139,8,ايبتغون,أيبتغون
632,4,النساء,139,10,العزه,العزة
632,4,النساء,139,11,فان,فإن
632,4,النساء,139,12,العزه,العزة
633,4,النساء,140,6,ان,أن
633,4,النساء,140,7,اذا,إذا
633,4,النساء,140,9,ايات,آيات
633,4,النساء,140,13,ويستهزا,ويستهزأ
633,4,النساء,140,18,حتي,حتى
633,4,النساء,140,23,انكم,إنكم
633,4,النساء,140,24,اذا,إذا
633,4,النساء,140,26,ان,إن
634,4,النساء,141,4,فان,فإن
634,4,النساء,141,11,الم,ألم
634,4,النساء,141,14,وان,وإن
634,4,النساء,141,19,الم,ألم
634,4,النساء,141,24,المومنين,المؤمنين
634,4,النساء,141,29,القيامه,القيامة
634,4,النساء,141,34,علي,على
634,4,النساء,141,35,المومنين,المؤمنين
635,4,النساء,142,1,ان,إن
635,4,النساء,142,7,واذا,وإذا
635,4,النساء,142,9,الي,إلى
635,4,النساء,142,10,الصلاه,الصلاة
635,4,النساء,142,12,كسالي,كسالى
635,4,النساء,142,18,الا,إلا
636,4,النساء,143,5,الي,إلى
636,4,النساء,143,6,هولاء,هؤلاء
636,4,النساء,143,8,الي,إلى
636,4,النساء,143,9,هولاء,هؤلاء
637,4,النساء,144,2,ايها,أيها
637,4,النساء,144,4,امنوا,آمنوا
637,4,النساء,144,8,اولياء,أولياء
637,4,النساء,144,11,المومنين,المؤمنين
637,4,النساء,144,12,اتريدون,أتريدون
637,4,النساء,144,13,ان,أن
638,4,النساء,145,1,ان,إن
638,4,النساء,145,5,الاسفل,الأسفل
639,4,النساء,146,1,الا,إلا
639,4,النساء,146,4,واصلحوا,وأصلحوا
639,4,النساء,146,7,واخلصوا,وأخلصوا
639,4,النساء,146,10,فاوليك,فأولئك
639,4,النساء,146,12,المومنين,المؤمنين
639,4,النساء,146,14,يوت,يؤت
639,4,النساء,146,16,المومنين,المؤمنين
639,4,النساء,146,17,اجرا,أجرا
640,4,النساء,147,5,ان,إن
640,4,النساء,147,7,وامنتم,وآمنتم
641,4,النساء,148,8,الا,إلا
642,4,النساء,149,1,ان,إن
642,4,النساء,149,4,او,أو
642,4,النساء,149,6,او,أو
642,4,النساء,149,10,فان,فإن
643,4,النساء,150,1,ان,إن
643,4,النساء,150,7,ان,أن
643,4,النساء,150,13,نومن,نؤمن
643,4,النساء,150,18,ان,أن
644,4,النساء,151,1,اوليك,أولئك
644,4,النساء,151,5,واعتدنا,وأعتدنا
645,4,النساء,152,2,امنوا,آمنوا
645,4,النساء,152,8,احد,أحد
645,4,النساء,152,10,اوليك,أولئك
645,4,النساء,152,12,يوتيهم,يؤتيهم
645,4,النساء,152,13,اجورهم,أجورهم
646,4,النساء,153,1,يسالك,يسألك
646,4,النساء,153,2,اهل,أهل
646,4,النساء,153,4,ان,أن
646,4,النساء,153,11,سالوا,سألوا
646,4,النساء,153,12,موسي,موسى
646,4,النساء,153,13,اكبر,أكبر
646,4,النساء,153,17,ارنا,أرنا
646,4,النساء,153,19,جهره,جهرة
646,4,النساء,153,20,فاخذتهم,فأخذتهم
646,4,النساء,153,21,الصاعقه,الصاعقة
646,4,النساء,153,34,واتينا,وآتينا
646,4,النساء,153,35,موسي,موسى
647,4,النساء,154,16,واخذنا,وأخذنا
648,4,النساء,155,5,بايات,بآيات
648,4,النساء,155,8,الانبياء,الأنبياء
648,4,النساء,155,20,يومنون,يؤمنون
648,4,النساء,155,21,الا,إلا
649,4,النساء,156,3,علي,على
650,4,النساء,157,2,انا,إنا
650,4,النساء,157,5,عيسي,عيسى
650,4,النساء,157,17,وان,وإن
650,4,النساء,157,29,الا,إلا
651,4,النساء,158,4,اليه,إليه
652,4,النساء,159,1,وان,وإن
652,4,النساء,159,3,اهل,أهل
652,4,النساء,159,5,الا,إلا
652,4,النساء,159,6,ليومنن,ليؤمنن
652,4,النساء,159,11,القيامه,القيامة
653,4,النساء,160,8,احلت,أحلت
654,4,النساء,161,1,واخذهم,وأخذهم
654,4,النساء,161,6,واكلهم,وأكلهم
654,4,النساء,161,7,اموال,أموال
654,4,النساء,161,10,واعتدنا,وأعتدنا
654,4,النساء,161,14,اليما,أليما
655,4,النساء,162,6,والمومنون,والمؤمنون
655,4,النساء,162,7,يومنون,يؤمنون
655,4,النساء,162,9,انزل,أنزل
655,4,النساء,162,10,اليك,إليك
655,4,النساء,162,12,انزل,أنزل
655,4,النساء,162,16,الصلاه,الصلاة
655,4,النساء,162,17,والموتون,والمؤتون
655,4,النساء,162,18,الزكاه,الزكاة
655,4,النساء,162,19,والمومنون,والمؤمنون
655,4,النساء,162,22,الاخر,الآخر
655,4,النساء,162,23,اوليك,أولئك
655,4,النساء,162,24,سنوتيهم,سنؤتيهم
655,4,النساء,162,25,اجرا,أجرا
656,4,النساء,163,1,انا,إنا
656,4,النساء,163,2,اوحينا,أوحينا
656,4,النساء,163,3,اليك,إليك
656,4,النساء,163,5,اوحينا,أوحينا
656,4,النساء,163,6,الي,إلى
656,4,النساء,163,11,واوحينا,وأوحينا
656,4,النساء,163,12,الي,إلى
656,4,النساء,163,13,ابراهيم,إبراهيم
656,4,النساء,163,14,واسماعيل,وإسماعيل
656,4,النساء,163,15,واسحاق,وإسحاق
656,4,النساء,163,17,والاسباط,والأسباط
656,4,النساء,163,18,وعيسي,وعيسى
656,4,النساء,163,19,وايوب,وأيوب
656,4,النساء,163,23,واتينا,وآتينا
657,4,النساء,164,13,موسي,موسى
658,4,النساء,165,4,ليلا,لئلا
658,4,النساء,165,7,علي,على
658,4,النساء,165,9,حجه,حجة
659,4,النساء,166,5,انزل,أنزل
659,4,النساء,166,6,اليك,إليك
659,4,النساء,166,7,انزله,أنزله
659,4,النساء,166,9,والملايكه,والملائكة
659,4,النساء,166,11,وكفي,وكفى
660,4,النساء,167,1,ان,إن
661,4,النساء,168,1,ان,إن
662,4,النساء,169,1,الا,إلا
662,4,النساء,169,6,ابدا,أبدا
662,4,النساء,169,9,علي,على
663,4,النساء,170,2,ايها,أيها
663,4,النساء,170,10,فامنوا,فآمنوا
663,4,النساء,170,13,وان,وإن
663,4,النساء,170,15,فان,فإن
663,4,النساء,170,20,والارض,والأرض
664,4,النساء,171,2,اهل,أهل
664,4,النساء,171,10,علي,على
664,4,النساء,171,12,الا,إلا
664,4,النساء,171,14,انما,إنما
664,4,النساء,171,16,عيسي,عيسى
664,4,النساء,171,22,القاها,ألقاها
664,4,النساء,171,23,الي,إلى
664,4,النساء,171,27,فامنوا,فآمنوا
664,4,النساء,171,32,ثلاثه,ثلاثة
664,4,النساء,171,36,انما,إنما
664,4,النساء,171,38,اله,إله
664,4,النساء,171,41,ان,أن
664,4,النساء,171,51,الارض,الأرض
664,4,النساء,171,52,وكفي,وكفى
665,4,النساء,172,4,ان,أن
665,4,النساء,172,9,الملايكه,الملائكة
665,4,النساء,172,17,اليه,إليه
666,4,النساء,173,1,فاما,فأما
666,4,النساء,173,3,امنوا,آمنوا
666,4,النساء,173,7,اجورهم,أجورهم
666,4,النساء,173,11,واما,وأما
666,4,النساء,173,17,اليما,أليما
667,4,النساء,174,2,ايها,أيها
667,4,النساء,174,9,وانزلنا,وأنزلنا
667,4,النساء,174,10,اليكم,إليكم
668,4,النساء,175,1,فاما,فأما
668,4,النساء,175,3,امنوا,آمنوا
668,4,النساء,175,9,رحمه,رحمة
668,4,النساء,175,13,اليه,إليه
669,4,النساء,176,6,الكلاله,الكلالة
669,4,النساء,176,7,ان,إن
669,4,النساء,176,8,امرو,امرؤ
669,4,النساء,176,14,اخت,أخت
669,4,النساء,176,21,ان,إن
669,4,النساء,176,26,فان,فإن
669,4,النساء,176,33,وان,وإن
669,4,النساء,176,35,اخوه,إخوة
669,4,النساء,176,41,الانثيين,الأنثيين
669,4,النساء,176,45,ان,أن
670,5,المائدة,1,6,ايها,أيها
670,5,المائدة,1,8,امنوا,آمنوا
670,5,المائدة,1,9,اوفوا,أوفوا
670,5,المائدة,1,11,احلت,أحلت
670,5,المائدة,1,13,بهيمه,بهيمة
670,5,المائدة,1,14,الانعام,الأنعام
670,5,المائدة,1,15,الا,إلا
670,5,المائدة,1,17,يتلي,يتلى
670,5,المائدة,1,22,وانتم,وأنتم
670,5,المائدة,1,24,ان,إن
671,5,المائدة,2,2,ايها,أيها
671,5,المائدة,2,4,امنوا,آمنوا
671,5,المائدة,2,7,شعاير,شعائر
671,5,المائدة,2,15,القلايد,القلائد
671,5,المائدة,2,17,امين,آمين
671,5,المائدة,2,25,واذا,وإذا
671,5,المائدة,2,30,شنان,شنآن
671,5,المائدة,2,32,ان,أن
671,5,المائدة,2,37,ان,أن
671,5,المائدة,2,40,علي,على
671,5,المائدة,2,42,والتقوي,والتقوى
671,5,المائدة,2,45,علي,على
671,5,المائدة,2,46,الاثم,الإثم
671,5,المائدة,2,50,ان,إن
672,5,المائدة,3,3,الميته,الميتة
672,5,المائدة,3,8,اهل,أهل
672,5,المائدة,3,12,والمنخنقه,والمنخنقة
672,5,المائدة,3,13,والموقوذه,والموقوذة
672,5,المائدة,3,14,والمترديه,والمتردية
672,5,المائدة,3,15,والنطيحه,والنطيحة
672,5,المائدة,3,17,اكل,أكل
672,5,المائدة,3,19,الا,إلا
672,5,المائدة,3,24,علي,على
672,5,المائدة,3,26,وان,وأن
672,5,المائدة,3,28,بالازلام,بالأزلام
672,5,المائدة,3,32,ييس,يئس
672,5,المائدة,3,41,اكملت,أكملت
672,5,المائدة,3,44,واتممت,وأتممت
672,5,المائدة,3,49,الاسلام,الإسلام
672,5,المائدة,3,54,مخمصه,مخمصة
672,5,المائدة,3,57,لاثم,لإثم
672,5,المائدة,3,58,فان,فإن
673,5,المائدة,4,1,يسالونك,يسألونك
673,5,المائدة,4,3,احل,أحل
673,5,المائدة,4,6,احل,أحل
673,5,المائدة,4,20,امسكن,أمسكن
673,5,المائدة,4,28,ان,إن
674,5,المائدة,5,2,احل,أحل
674,5,المائدة,5,7,اوتوا,أوتوا
674,5,المائدة,5,16,المومنات,المؤمنات
674,5,المائدة,5,20,اوتوا,أوتوا
674,5,المائدة,5,24,اذا,إذا
674,5,المائدة,5,25,اتيتموهن,آتيتموهن
674,5,المائدة,5,26,اجورهن,أجورهن
674,5,المائدة,5,32,اخدان,أخدان
674,5,المائدة,5,35,بالايمان,بالإيمان
674,5,المائدة,5,41,الاخره,الآخرة
675,5,المائدة,6,2,ايها,أيها
675,5,المائدة,6,4,امنوا,آمنوا
675,5,المائدة,6,5,اذا,إذا
675,5,المائدة,6,7,الي,إلى
675,5,المائدة,6,8,الصلاه,الصلاة
675,5,المائدة,6,11,وايديكم,وأيديكم
675,5,المائدة,6,12,الي,إلى
675,5,المائدة,6,16,وارجلكم,وأرجلكم
675,5,المائدة,6,17,الي,إلى
675,5,المائدة,6,19,وان,وإن
675,5,المائدة,6,23,وان,وإن
675,5,المائدة,6,25,مرضي,مرضى
675,5,المائدة,6,26,او,أو
675,5,المائدة,6,27,علي,على
675,5,المائدة,6,29,او,أو
675,5,المائدة,6,31,احد,أحد
675,5,المائدة,6,34,الغايط,الغائط
675,5,المائدة,6,35,او,أو
675,5,المائدة,6,46,وايديكم,وأيديكم
676,5,المائدة,7,2,نعمه,نعمة
676,5,المائدة,7,9,اذ,إذ
676,5,المائدة,7,12,واطعنا,وأطعنا
676,5,المائدة,7,15,ان,إن
677,5,المائدة,8,2,ايها,أيها
677,5,المائدة,8,4,امنوا,آمنوا
677,5,المائدة,8,12,شنان,شنآن
677,5,المائدة,8,14,علي,على
677,5,المائدة,8,15,الا,ألا
677,5,المائدة,8,19,اقرب,أقرب
677,5,المائدة,8,20,للتقوي,للتقوى
677,5,المائدة,8,23,ان,إن
678,5,المائدة,9,4,امنوا,آمنوا
678,5,المائدة,9,8,مغفره,مغفرة
678,5,المائدة,9,9,واجر,وأجر
679,5,المائدة,10,4,باياتنا,بآياتنا
679,5,المائدة,10,5,اوليك,أولئك
679,5,المائدة,10,6,اصحاب,أصحاب
680,5,المائدة,11,2,ايها,أيها
680,5,المائدة,11,4,امنوا,آمنوا
680,5,المائدة,11,9,اذ,إذ
680,5,المائدة,11,12,ان,أن
680,5,المائدة,11,14,اليكم,إليكم
680,5,المائدة,11,15,ايديهم,أيديهم
680,5,المائدة,11,17,ايديهم,أيديهم
680,5,المائدة,11,21,وعلي,وعلى
680,5,المائدة,11,24,المومنون,المؤمنون
681,5,المائدة,12,2,اخذ,أخذ
681,5,المائدة,12,6,اسراييل,إسرائيل
681,5,المائدة,12,14,اني,إني
681,5,المائدة,12,16,لين,لئن
681,5,المائدة,12,17,اقمتم,أقمتم
681,5,المائدة,12,18,الصلاه,الصلاة
681,5,المائدة,12,19,واتيتم,وآتيتم
681,5,المائدة,12,20,الزكاه,الزكاة
681,5,المائدة,12,21,وامنتم,وآمنتم
681,5,المائدة,12,24,واقرضتم,وأقرضتم
681,5,المائدة,12,28,لاكفرن,لأكفرن
681,5,المائدة,12,30,سيياتكم,سيئاتكم
681,5,المائدة,12,31,ولادخلنكم,ولأدخلنكم
681,5,المائدة,12,36,الانهار,الأنهار
682,5,المائدة,13,7,قاسيه,قاسية
682,5,المائدة,13,20,علي,على
682,5,المائدة,13,21,خاينه,خائنة
682,5,المائدة,13,23,الا,إلا
682,5,المائدة,13,29,ان,إن
683,5,المائدة,14,4,انا,إنا
683,5,المائدة,14,5,نصاري,نصارى
683,5,المائدة,14,6,اخذنا,أخذنا
683,5,المائدة,14,13,فاغرينا,فأغرينا
683,5,المائدة,14,15,العداوه,العداوة
683,5,المائدة,14,17,الي,إلى
683,5,المائدة,14,19,القيامه,القيامة
683,5,المائدة,14,21,ينبيهم,ينبئهم
684,5,المائدة,15,2,اهل,أهل
685,5,المائدة,16,12,الي,إلى
685,5,المائدة,16,14,باذنه,بإذنه
685,5,المائدة,16,16,الي,إلى
686,5,المائدة,17,5,ان,إن
686,5,المائدة,17,16,شييا,شيئا
686,5,المائدة,17,17,ان,إن
686,5,المائدة,17,18,اراد,أراد
686,5,المائدة,17,19,ان,أن
686,5,المائدة,17,24,وامه,وأمه
686,5,المائدة,17,27,الارض,الأرض
686,5,المائدة,17,32,والارض,والأرض
686,5,المائدة,17,39,علي,على
687,5,المائدة,18,3,والنصاري,والنصارى
687,5,المائدة,18,5,ابناء,أبناء
687,5,المائدة,18,7,واحباوه,وأحباؤه
687,5,المائدة,18,13,انتم,أنتم
687,5,المائدة,18,26,والارض,والأرض
687,5,المائدة,18,29,واليه,وإليه
688,5,المائدة,19,2,اهل,أهل
688,5,المائدة,19,9,علي,على
688,5,المائدة,19,10,فتره,فترة
688,5,المائدة,19,13,ان,أن
688,5,المائدة,19,26,علي,على
689,5,المائدة,20,1,واذ,وإذ
689,5,المائدة,20,3,موسي,موسى
689,5,المائدة,20,8,نعمه,نعمة
689,5,المائدة,20,11,اذ,إذ
689,5,المائدة,20,14,انبياء,أنبياء
689,5,المائدة,20,17,واتاكم,وآتاكم
689,5,المائدة,20,20,يوت,يؤت
689,5,المائدة,20,21,احدا,أحدا
690,5,المائدة,21,4,الارض,الأرض
690,5,المائدة,21,5,المقدسه,المقدسة
690,5,المائدة,21,12,علي,على
690,5,المائدة,21,13,ادباركم,أدباركم
691,5,المائدة,22,3,موسي,موسى
691,5,المائدة,22,4,ان,إن
691,5,المائدة,22,8,وانا,وإنا
691,5,المائدة,22,11,حتي,حتى
691,5,المائدة,22,14,فان,فإن
691,5,المائدة,22,17,فانا,فإنا
692,5,المائدة,23,6,انعم,أنعم
692,5,المائدة,23,12,فاذا,فإذا
692,5,المائدة,23,14,فانكم,فإنكم
692,5,المائدة,23,16,وعلي,وعلى
692,5,المائدة,23,19,ان,إن
692,5,المائدة,23,21,مومنين,مؤمنين
693,5,المائدة,24,3,موسي,موسى
693,5,المائدة,24,4,انا,إنا
693,5,المائدة,24,7,ابدا,أبدا
693,5,المائدة,24,12,انت,أنت
693,5,المائدة,24,15,انا,إنا
694,5,المائدة,25,3,اني,إني
694,5,المائدة,25,5,املك,أملك
694,5,المائدة,25,6,الا,إلا
694,5,المائدة,25,8,واخي,وأخي
695,5,المائدة,26,2,فانها,فإنها
695,5,المائدة,26,3,محرمه,محرمة
695,5,المائدة,26,5,اربعين,أربعين
695,5,المائدة,26,6,سنه,سنة
695,5,المائدة,26,9,الارض,الأرض
695,5,المائدة,26,11,تاس,تأس
695,5,المائدة,26,12,علي,على
696,5,المائدة,27,3,نبا,نبأ
696,5,المائدة,27,5,ادم,آدم
696,5,المائدة,27,7,اذ,إذ
696,5,المائدة,27,12,احدهما,أحدهما
696,5,المائدة,27,16,الاخر,الآخر
696,5,المائدة,27,18,لاقتلنك,لأقتلنك
696,5,المائدة,27,20,انما,إنما
697,5,المائدة,28,1,لين,لئن
697,5,المائدة,28,3,الي,إلي
697,5,المائدة,28,7,انا,أنا
697,5,المائدة,28,10,اليك,إليك
697,5,المائدة,28,11,لاقتلك,لأقتلك
697,5,المائدة,28,12,اني,إني
697,5,المائدة,28,13,اخاف,أخاف
698,5,المائدة,29,1,اني,إني
698,5,المائدة,29,2,اريد,أريد
698,5,المائدة,29,3,ان,أن
698,5,المائدة,29,5,باثمي,بإثمي
698,5,المائدة,29,6,واثمك,وإثمك
698,5,المائدة,29,9,اصحاب,أصحاب
699,5,المائدة,30,5,اخيه,أخيه
699,5,المائدة,30,7,فاصبح,فأصبح
700,5,المائدة,31,6,الارض,الأرض
700,5,المائدة,31,10,سوءه,سوءة
700,5,المائدة,31,11,اخيه,أخيه
700,5,المائدة,31,14,ويلتي,ويلتى
700,5,المائدة,31,15,اعجزت,أعجزت
700,5,المائدة,31,16,ان,أن
700,5,المائدة,31,17,اكون,أكون
700,5,المائدة,31,21,فاواري,فأواري
700,5,المائدة,31,22,سوءه,سوءة
700,5,المائدة,31,23,اخي,أخي
700,5,المائدة,31,24,فاصبح,فأصبح
701,5,المائدة,32,2,اجل,أجل
701,5,المائدة,32,5,علي,على
701,5,المائدة,32,7,اسراييل,إسرائيل
701,5,المائدة,32,8,انه,أنه
701,5,المائدة,32,14,او,أو
701,5,المائدة,32,17,الارض,الأرض
701,5,المائدة,32,18,فكانما,فكأنما
701,5,المائدة,32,23,احياها,أحياها
701,5,المائدة,32,24,فكانما,فكأنما
701,5,المائدة,32,25,احيا,أحيا
701,5,المائدة,32,33,ان,إن
701,5,المائدة,32,39,الارض,الأرض
702,5,المائدة,33,1,انما,إنما
702,5,المائدة,33,9,الارض,الأرض
702,5,المائدة,33,11,ان,أن
702,5,المائدة,33,13,او,أو
702,5,المائدة,33,15,او,أو
702,5,المائدة,33,17,ايديهم,أيديهم
702,5,المائدة,33,18,وارجلهم,وأرجلهم
702,5,المائدة,33,21,او,أو
702,5,المائدة,33,24,الارض,الأرض
702,5,المائدة,33,32,الاخره,الآخرة
703,5,المائدة,34,1,الا,إلا
703,5,المائدة,34,6,ان,أن
703,5,المائدة,34,10,ان,أن
704,5,المائدة,35,2,ايها,أيها
704,5,المائدة,35,4,امنوا,آمنوا
704,5,المائدة,35,8,اليه,إليه
704,5,المائدة,35,9,الوسيله,الوسيلة
705,5,المائدة,36,1,ان,إن
705,5,المائدة,36,5,ان,أن
705,5,المائدة,36,9,الارض,الأرض
705,5,المائدة,36,18,القيامه,القيامة
705,5,المائدة,36,24,اليم,أليم
706,5,المائدة,37,2,ان,أن
707,5,المائدة,38,2,والسارقه,والسارقة
707,5,المائدة,38,4,ايديهما,أيديهما
708,5,المائدة,39,6,واصلح,وأصلح
708,5,المائدة,39,7,فان,فإن
708,5,المائدة,39,11,ان,إن
709,5,المائدة,40,1,الم,ألم
709,5,المائدة,40,3,ان,أن
709,5,المائدة,40,8,والارض,والأرض
709,5,المائدة,40,16,علي,على
710,5,المائدة,41,2,ايها,أيها
710,5,المائدة,41,13,امنا,آمنا
710,5,المائدة,41,14,بافواههم,بأفواههم
710,5,المائدة,41,16,تومن,تؤمن
710,5,المائدة,41,25,اخرين,آخرين
710,5,المائدة,41,27,ياتوك,يأتوك
710,5,المائدة,41,34,ان,إن
710,5,المائدة,41,35,اوتيتم,أوتيتم
710,5,المائدة,41,38,وان,وإن
710,5,المائدة,41,40,توتوه,تؤتوه
710,5,المائدة,41,51,شييا,شيئا
710,5,المائدة,41,52,اوليك,أولئك
710,5,المائدة,41,57,ان,أن
710,5,المائدة,41,66,الاخره,الآخرة
711,5,المائدة,42,3,اكالون,أكالون
711,5,المائدة,42,5,فان,فإن
711,5,المائدة,42,9,او,أو
711,5,المائدة,42,10,اعرض,أعرض
711,5,المائدة,42,12,وان,وإن
711,5,المائدة,42,17,شييا,شيئا
711,5,المائدة,42,18,وان,وإن
711,5,المائدة,42,23,ان,إن
712,5,المائدة,43,4,التوراه,التوراة
712,5,المائدة,43,14,اوليك,أولئك
712,5,المائدة,43,15,بالمومنين,بالمؤمنين
713,5,المائدة,44,1,انا,إنا
713,5,المائدة,44,2,انزلنا,أنزلنا
713,5,المائدة,44,3,التوراه,التوراة
713,5,المائدة,44,5,هدي,هدى
713,5,المائدة,44,11,اسلموا,أسلموا
713,5,المائدة,44,15,والاحبار,والأحبار
713,5,المائدة,44,30,باياتي,بآياتي
713,5,المائدة,44,37,انزل,أنزل
713,5,المائدة,44,39,فاوليك,فأولئك
714,5,المائدة,45,4,ان,أن
714,5,المائدة,45,9,والانف,والأنف
714,5,المائدة,45,10,بالانف,بالأنف
714,5,المائدة,45,11,والاذن,والأذن
714,5,المائدة,45,12,بالاذن,بالأذن
714,5,المائدة,45,21,كفاره,كفارة
714,5,المائدة,45,27,انزل,أنزل
714,5,المائدة,45,29,فاوليك,فأولئك
715,5,المائدة,46,2,علي,على
715,5,المائدة,46,3,اثارهم,آثارهم
715,5,المائدة,46,4,بعيسي,بعيسى
715,5,المائدة,46,12,التوراه,التوراة
715,5,المائدة,46,13,واتيناه,وآتيناه
715,5,المائدة,46,14,الانجيل,الإنجيل
715,5,المائدة,46,16,هدي,هدى
715,5,المائدة,46,23,التوراه,التوراة
715,5,المائدة,46,24,وهدي,وهدى
715,5,المائدة,46,25,وموعظه,وموعظة
716,5,المائدة,47,2,اهل,أهل
716,5,المائدة,47,3,الانجيل,الإنجيل
716,5,المائدة,47,5,انزل,أنزل
716,5,المائدة,47,12,انزل,أنزل
716,5,المائدة,47,14,فاوليك,فأولئك
717,5,المائدة,48,1,وانزلنا,وأنزلنا
717,5,المائدة,48,2,اليك,إليك
717,5,المائدة,48,16,انزل,أنزل
717,5,المائدة,48,20,اهواءهم,أهواءهم
717,5,المائدة,48,28,شرعه,شرعة
717,5,المائدة,48,34,امه,أمة
717,5,المائدة,48,35,واحده,واحدة
717,5,المائدة,48,40,اتاكم,آتاكم
717,5,المائدة,48,43,الي,إلى
717,5,المائدة,48,47,فينبيكم,فينبئكم
718,5,المائدة,49,1,وان,وأن
718,5,المائدة,49,5,انزل,أنزل
718,5,المائدة,49,9,اهواءهم,أهواءهم
718,5,المائدة,49,11,ان,أن
718,5,المائدة,49,16,انزل,أنزل
718,5,المائدة,49,18,اليك,إليك
718,5,المائدة,49,19,فان,فإن
718,5,المائدة,49,22,انما,أنما
718,5,المائدة,49,25,ان,أن
718,5,المائدة,49,29,وان,وإن
719,5,المائدة,50,1,افحكم,أفحكم
719,5,المائدة,50,2,الجاهليه,الجاهلية
719,5,المائدة,50,5,احسن,أحسن
720,5,المائدة,51,2,ايها,أيها
720,5,المائدة,51,4,امنوا,آمنوا
720,5,المائدة,51,8,والنصاري,والنصارى
720,5,المائدة,51,9,اولياء,أولياء
720,5,المائدة,51,11,اولياء,أولياء
720,5,المائدة,51,16,فانه,فإنه
720,5,المائدة,51,18,ان,إن
721,5,المائدة,52,1,فتري,فترى
721,5,المائدة,52,9,نخشي,نخشى
721,5,المائدة,52,10,ان,أن
721,5,المائدة,52,12,دايره,دائرة
721,5,المائدة,52,13,فعسي,فعسى
721,5,المائدة,52,15,ان,أن
721,5,المائدة,52,16,ياتي,يأتي
721,5,المائدة,52,18,او,أو
721,5,المائدة,52,19,امر,أمر
721,5,المائدة,52,23,علي,على
721,5,المائدة,52,25,اسروا,أسروا
721,5,المائدة,52,27,انفسهم,أنفسهم
722,5,المائدة,53,3,امنوا,آمنوا
722,5,المائدة,53,4,اهولاء,أهؤلاء
722,5,المائدة,53,6,اقسموا,أقسموا
722,5,المائدة,53,9,ايمانهم,أيمانهم
722,5,المائدة,53,10,انهم,إنهم
722,5,المائدة,53,13,اعمالهم,أعمالهم
722,5,المائدة,53,14,فاصبحوا,فأصبحوا
723,5,المائدة,54,2,ايها,أيها
723,5,المائدة,54,4,امنوا,آمنوا
723,5,المائدة,54,11,ياتي,يأتي
723,5,المائدة,54,16,اذله,أذلة
723,5,المائدة,54,17,علي,على
723,5,المائدة,54,18,المومنين,المؤمنين
723,5,المائدة,54,19,اعزه,أعزة
723,5,المائدة,54,20,علي,على
723,5,المائدة,54,28,لومه,لومة
723,5,المائدة,54,29,لايم,لائم
723,5,المائدة,54,33,يوتيه,يؤتيه
724,5,المائدة,55,1,انما,إنما
724,5,المائدة,55,6,امنوا,آمنوا
724,5,المائدة,55,9,الصلاه,الصلاة
724,5,المائدة,55,10,ويوتون,ويؤتون
724,5,المائدة,55,11,الزكاه,الزكاة
725,5,المائدة,56,6,امنوا,آمنوا
725,5,المائدة,56,7,فان,فإن
726,5,المائدة,57,2,ايها,أيها
726,5,المائدة,57,4,امنوا,آمنوا
726,5,المائدة,57,14,اوتوا,أوتوا
726,5,المائدة,57,19,اولياء,أولياء
726,5,المائدة,57,22,ان,إن
726,5,المائدة,57,24,مومنين,مؤمنين
727,5,المائدة,58,1,واذا,وإذا
727,5,المائدة,58,3,الي,إلى
727,5,المائدة,58,4,الصلاه,الصلاة
727,5,المائدة,58,9,بانهم,بأنهم
728,5,المائدة,59,3,اهل,أهل
728,5,المائدة,59,8,الا,إلا
728,5,المائدة,59,9,ان,أن
728,5,المائدة,59,10,امنا,آمنا
728,5,المائدة,59,13,انزل,أنزل
728,5,المائدة,59,14,الينا,إلينا
728,5,المائدة,59,16,انزل,أنزل
728,5,المائدة,59,19,وان,وأن
728,5,المائدة,59,20,اكثركم,أكثركم
729,5,المائدة,60,3,انبيكم,أنبئكم
729,5,المائدة,60,7,مثوبه,مثوبة
729,5,المائدة,60,17,القرده,القردة
729,5,المائدة,60,21,اوليك,أولئك
729,5,المائدة,60,24,واضل,وأضل
730,5,المائدة,61,1,واذا,وإذا
730,5,المائدة,61,4,امنا,آمنا
730,5,المائدة,61,13,اعلم,أعلم
731,5,المائدة,62,1,وتري,وترى
731,5,المائدة,62,6,الاثم,الإثم
731,5,المائدة,62,8,واكلهم,وأكلهم
731,5,المائدة,62,10,لبيس,لبئس
732,5,المائدة,63,4,والاحبار,والأحبار
732,5,المائدة,63,7,الاثم,الإثم
732,5,المائدة,63,8,واكلهم,وأكلهم
732,5,المائدة,63,10,لبيس,لبئس
733,5,المائدة,64,5,مغلوله,مغلولة
733,5,المائدة,64,7,ايديهم,أيديهم
733,5,المائدة,64,21,انزل,أنزل
733,5,المائدة,64,22,اليك,إليك
733,5,المائدة,64,27,والقينا,وألقينا
733,5,المائدة,64,29,العداوه,العداوة
733,5,المائدة,64,31,الي,إلى
733,5,المائدة,64,33,القيامه,القيامة
733,5,المائدة,64,35,اوقدوا,أوقدوا
733,5,المائدة,64,38,اطفاها,أطفأها
733,5,المائدة,64,42,الارض,الأرض
734,5,المائدة,65,2,ان,أن
734,5,المائدة,65,3,اهل,أهل
734,5,المائدة,65,5,امنوا,آمنوا
734,5,المائدة,65,9,سيياتهم,سيئاتهم
734,5,المائدة,65,10,ولادخلناهم,ولأدخلناهم
735,5,المائدة,66,2,انهم,أنهم
735,5,المائدة,66,3,اقاموا,أقاموا
735,5,المائدة,66,4,التوراه,التوراة
735,5,المائدة,66,5,والانجيل,والإنجيل
735,5,المائدة,66,7,انزل,أنزل
735,5,المائدة,66,8,اليهم,إليهم
735,5,المائدة,66,11,لاكلوا,لأكلوا
735,5,المائدة,66,16,ارجلهم,أرجلهم
735,5,المائدة,66,18,امه,أمة
735,5,المائدة,66,19,مقتصده,مقتصدة
736,5,المائدة,67,2,ايها,أيها
736,5,المائدة,67,6,انزل,أنزل
736,5,المائدة,67,7,اليك,إليك
736,5,المائدة,67,10,وان,وإن
736,5,المائدة,67,20,ان,إن
737,5,المائدة,68,3,اهل,أهل
737,5,المائدة,68,6,علي,على
737,5,المائدة,68,8,حتي,حتى
737,5,المائدة,68,10,التوراه,التوراة
737,5,المائدة,68,11,والانجيل,والإنجيل
737,5,المائدة,68,13,انزل,أنزل
737,5,المائدة,68,14,اليكم,إليكم
737,5,المائدة,68,21,انزل,أنزل
737,5,المائدة,68,22,اليك,إليك
737,5,المائدة,68,28,تاس,تأس
737,5,المائدة,68,29,علي,على
738,5,المائدة,69,1,ان,إن
738,5,المائدة,69,3,امنوا,آمنوا
738,5,المائدة,69,6,والصابيون,والصابئون
738,5,المائدة,69,7,والنصاري,والنصارى
738,5,المائدة,69,9,امن,آمن
738,5,المائدة,69,12,الاخر,الآخر
739,5,المائدة,70,2,اخذنا,أخذنا
739,5,المائدة,70,5,اسراييل,إسرائيل
739,5,المائدة,70,6,وارسلنا,وأرسلنا
739,5,المائدة,70,7,اليهم,إليهم
739,5,المائدة,70,14,تهوي,تهوى
739,5,المائدة,70,15,انفسهم,أنفسهم
740,5,المائدة,71,2,الا,ألا
740,5,المائدة,71,4,فتنه,فتنة
741,5,المائدة,72,5,ان,إن
741,5,المائدة,72,15,اسراييل,إسرائيل
741,5,المائدة,72,20,انه,إنه
741,5,المائدة,72,28,الجنه,الجنة
741,5,المائدة,72,29,وماواه,ومأواه
741,5,المائدة,72,34,انصار,أنصار
742,5,المائدة,73,5,ان,إن
742,5,المائدة,73,8,ثلاثه,ثلاثة
742,5,المائدة,73,11,اله,إله
742,5,المائدة,73,12,الا,إلا
742,5,المائدة,73,13,اله,إله
742,5,المائدة,73,15,وان,وإن
742,5,المائدة,73,25,اليم,أليم
743,5,المائدة,74,1,افلا,أفلا
743,5,المائدة,74,3,الي,إلى
744,5,المائدة,75,5,الا,إلا
744,5,المائدة,75,12,وامه,وأمه
744,5,المائدة,75,13,صديقه,صديقة
744,5,المائدة,75,15,ياكلان,يأكلان
744,5,المائدة,75,21,الايات,الآيات
744,5,المائدة,75,24,اني,أنى
744,5,المائدة,75,25,يوفكون,يؤفكون
745,5,المائدة,76,2,اتعبدون,أتعبدون
746,5,المائدة,77,3,اهل,أهل
746,5,المائدة,77,13,اهواء,أهواء
746,5,المائدة,77,19,واضلوا,وأضلوا
747,5,المائدة,78,6,اسراييل,إسرائيل
747,5,المائدة,78,7,علي,على
747,5,المائدة,78,10,وعيسي,وعيسى
748,5,المائدة,79,7,لبيس,لبئس
749,5,المائدة,80,1,تري,ترى
749,5,المائدة,80,7,لبيس,لبئس
749,5,المائدة,80,11,انفسهم,أنفسهم
749,5,المائدة,80,12,ان,أن
750,5,المائدة,81,3,يومنون,يؤمنون
750,5,المائدة,81,7,انزل,أنزل
750,5,المائدة,81,8,اليه,إليه
750,5,المائدة,81,11,اولياء,أولياء
751,5,المائدة,82,2,اشد,أشد
751,5,المائدة,82,4,عداوه,عداوة
751,5,المائدة,82,6,امنوا,آمنوا
751,5,المائدة,82,9,اشركوا,أشركوا
751,5,المائدة,82,11,اقربهم,أقربهم
751,5,المائدة,82,12,موده,مودة
751,5,المائدة,82,14,امنوا,آمنوا
751,5,المائدة,82,17,انا,إنا
751,5,المائدة,82,18,نصاري,نصارى
751,5,المائدة,82,20,بان,بأن
751,5,المائدة,82,24,وانهم,وأنهم
752,5,المائدة,83,1,واذا,وإذا
752,5,المائدة,83,4,انزل,أنزل
752,5,المائدة,83,5,الي,إلى
752,5,المائدة,83,7,تري,ترى
752,5,المائدة,83,8,اعينهم,أعينهم
752,5,المائدة,83,18,امنا,آمنا
753,5,المائدة,84,4,نومن,نؤمن
753,5,المائدة,84,11,ان,أن
754,5,المائدة,85,1,فاثابهم,فأثابهم
754,5,المائدة,85,9,الانهار,الأنهار
755,5,المائدة,86,4,باياتنا,بآياتنا
755,5,المائدة,86,5,اوليك,أولئك
755,5,المائدة,86,6,اصحاب,أصحاب
756,5,المائدة,87,2,ايها,أيها
756,5,المائدة,87,4,امنوا,آمنوا
756,5,المائدة,87,9,احل,أحل
756,5,المائدة,87,14,ان,إن
757,5,المائدة,88,10,انتم,أنتم
757,5,المائدة,88,12,مومنون,مؤمنون
758,5,المائدة,89,2,يواخذكم,يؤاخذكم
758,5,المائدة,89,6,ايمانكم,أيمانكم
758,5,المائدة,89,8,يواخذكم,يؤاخذكم
758,5,المائدة,89,11,الايمان,الأيمان
758,5,المائدة,89,13,اطعام,إطعام
758,5,المائدة,89,14,عشره,عشرة
758,5,المائدة,89,17,اوسط,أوسط
758,5,المائدة,89,20,اهليكم,أهليكم
758,5,المائدة,89,21,او,أو
758,5,المائدة,89,23,او,أو
758,5,المائدة,89,25,رقبه,رقبة
758,5,المائدة,89,30,ثلاثه,ثلاثة
758,5,المائدة,89,31,ايام,أيام
758,5,المائدة,89,33,كفاره,كفارة
758,5,المائدة,89,34,ايمانكم,أيمانكم
758,5,المائدة,89,35,اذا,إذا
758,5,المائدة,89,38,ايمانكم,أيمانكم
758,5,المائدة,89,43,اياته,آياته
759,5,المائدة,90,2,ايها,أيها
759,5,المائدة,90,4,امنوا,آمنوا
759,5,المائدة,90,5,انما,إنما
759,5,المائدة,90,8,والانصاب,والأنصاب
759,5,المائدة,90,9,والازلام,والأزلام
760,5,المائدة,91,1,انما,إنما
760,5,المائدة,91,4,ان,أن
760,5,المائدة,91,7,العداوه,العداوة
760,5,المائدة,91,17,الصلاه,الصلاة
760,5,المائدة,91,19,انتم,أنتم
761,5,المائدة,92,1,واطيعوا,وأطيعوا
761,5,المائدة,92,3,واطيعوا,وأطيعوا
761,5,المائدة,92,6,فان,فإن
761,5,المائدة,92,9,انما,أنما
761,5,المائدة,92,10,علي,على
762,5,المائدة,93,2,علي,على
762,5,المائدة,93,4,امنوا,آمنوا
762,5,المائدة,93,10,اذا,إذا
762,5,المائدة,93,13,وامنوا,وآمنوا
762,5,المائدة,93,18,وامنوا,وآمنوا
762,5,المائدة,93,21,واحسنوا,وأحسنوا
763,5,المائدة,94,2,ايها,أيها
763,5,المائدة,94,4,امنوا,آمنوا
763,5,المائدة,94,11,ايديكم,أيديكم
763,5,المائدة,94,19,اعتدي,اعتدى
763,5,المائدة,94,24,اليم,أليم
764,5,المائدة,95,2,ايها,أيها
764,5,المائدة,95,4,امنوا,آمنوا
764,5,المائدة,95,8,وانتم,وأنتم
764,5,المائدة,95,27,الكعبه,الكعبة
764,5,المائدة,95,28,او,أو
764,5,المائدة,95,29,كفاره,كفارة
764,5,المائدة,95,32,او,أو
764,5,المائدة,95,38,امره,أمره
765,5,المائدة,96,1,احل,أحل
765,5,المائدة,96,8,وللسياره,وللسيارة
765,5,المائدة,96,19,اليه,إليه
766,5,المائدة,97,3,الكعبه,الكعبة
766,5,المائدة,97,11,والقلايد,والقلائد
766,5,المائدة,97,14,ان,أن
766,5,المائدة,97,22,الارض,الأرض
766,5,المائدة,97,23,وان,وأن
767,5,المائدة,98,2,ان,أن
767,5,المائدة,98,6,وان,وأن
768,5,المائدة,99,2,علي,على
768,5,المائدة,99,4,الا,إلا
769,5,المائدة,100,7,اعجبك,أعجبك
769,5,المائدة,100,8,كثره,كثرة
769,5,المائدة,100,13,اولي,أولي
769,5,المائدة,100,14,الالباب,الألباب
770,5,المائدة,101,2,ايها,أيها
770,5,المائدة,101,4,امنوا,آمنوا
770,5,المائدة,101,6,تسالوا,تسألوا
770,5,المائدة,101,8,اشياء,أشياء
770,5,المائدة,101,9,ان,إن
770,5,المائدة,101,12,تسوكم,تسؤكم
770,5,المائدة,101,13,وان,وإن
770,5,المائدة,101,14,تسالوا,تسألوا
770,5,المائدة,101,18,القران,القرآن
771,5,المائدة,102,2,سالها,سألها
771,5,المائدة,102,7,اصبحوا,أصبحوا
772,5,المائدة,103,5,بحيره,بحيرة
772,5,المائدة,103,7,سايبه,سائبة
772,5,المائدة,103,9,وصيله,وصيلة
772,5,المائدة,103,16,علي,على
772,5,المائدة,103,19,واكثرهم,وأكثرهم
773,5,المائدة,104,1,واذا,وإذا
773,5,المائدة,104,5,الي,إلى
773,5,المائدة,104,7,انزل,أنزل
773,5,المائدة,104,9,والي,وإلى
773,5,المائدة,104,16,اباءنا,آباءنا
773,5,المائدة,104,17,اولو,أولو
773,5,المائدة,104,19,اباوهم,آباؤهم
773,5,المائدة,104,22,شييا,شيئا
774,5,المائدة,105,2,ايها,أيها
774,5,المائدة,105,4,امنوا,آمنوا
774,5,المائدة,105,6,انفسكم,أنفسكم
774,5,المائدة,105,11,اذا,إذا
774,5,المائدة,105,13,الي,إلى
774,5,المائدة,105,17,فينبيكم,فينبئكم
775,5,المائدة,106,2,ايها,أيها
775,5,المائدة,106,4,امنوا,آمنوا
775,5,المائدة,106,5,شهاده,شهادة
775,5,المائدة,106,7,اذا,إذا
775,5,المائدة,106,9,احدكم,أحدكم
775,5,المائدة,106,12,الوصيه,الوصية
775,5,المائدة,106,17,او,أو
775,5,المائدة,106,18,اخران,آخران
775,5,المائدة,106,21,ان,إن
775,5,المائدة,106,22,انتم,أنتم
775,5,المائدة,106,25,الارض,الأرض
775,5,المائدة,106,26,فاصابتكم,فأصابتكم
775,5,المائدة,106,27,مصيبه,مصيبة
775,5,المائدة,106,32,الصلاه,الصلاة
775,5,المائدة,106,35,ان,إن
775,5,المائدة,106,44,قربي,قربى
775,5,المائدة,106,47,شهاده,شهادة
775,5,المائدة,106,49,انا,إنا
775,5,المائدة,106,50,اذا,إذا
775,5,المائدة,106,52,الاثمين,الآثمين
776,5,المائدة,107,1,فان,فإن
776,5,المائدة,107,3,علي,على
776,5,المائدة,107,4,انهما,أنهما
776,5,المائدة,107,6,اثما,إثما
776,5,المائدة,107,7,فاخران,فآخران
776,5,المائدة,107,14,الاوليان,الأوليان
776,5,المائدة,107,18,احق,أحق
776,5,المائدة,107,23,انا,إنا
776,5,المائدة,107,24,اذا,إذا
777,5,المائدة,108,2,ادني,أدنى
777,5,المائدة,108,3,ان,أن
777,5,المائدة,108,4,ياتوا,يأتوا
777,5,المائدة,108,5,بالشهاده,بالشهادة
777,5,المائدة,108,6,علي,على
777,5,المائدة,108,8,او,أو
777,5,المائدة,108,10,ان,أن
777,5,المائدة,108,12,ايمان,أيمان
777,5,المائدة,108,14,ايمانهم,أيمانهم
778,5,المائدة,109,7,اجبتم,أجبتم
778,5,المائدة,109,12,انك,إنك
778,5,المائدة,109,13,انت,أنت
779,5,المائدة,110,1,اذ,إذ
779,5,المائدة,110,5,عيسي,عيسى
779,5,المائدة,110,11,وعلي,وعلى
779,5,المائدة,110,13,اذ,إذ
779,5,المائدة,110,14,ايدتك,أيدتك
779,5,المائدة,110,22,واذ,وإذ
779,5,المائدة,110,25,والحكمه,والحكمة
779,5,المائدة,110,26,والتوراه,والتوراة
779,5,المائدة,110,27,والانجيل,والإنجيل
779,5,المائدة,110,28,واذ,وإذ
779,5,المائدة,110,32,كهييه,كهيئة
779,5,المائدة,110,34,باذني,بإذني
779,5,المائدة,110,39,باذني,بإذني
779,5,المائدة,110,40,وتبري,وتبرئ
779,5,المائدة,110,41,الاكمه,الأكمه
779,5,المائدة,110,42,والابرص,والأبرص
779,5,المائدة,110,43,باذني,بإذني
779,5,المائدة,110,44,واذ,وإذ
779,5,المائدة,110,46,الموتي,الموتى
779,5,المائدة,110,47,باذني,بإذني
779,5,المائدة,110,48,واذ,وإذ
779,5,المائدة,110,51,اسراييل,إسرائيل
779,5,المائدة,110,53,اذ,إذ
779,5,المائدة,110,54,جيتهم,جئتهم
779,5,المائدة,110,60,ان,إن
779,5,المائدة,110,62,الا,إلا
780,5,المائدة,111,1,واذ,وإذ
780,5,المائدة,111,2,اوحيت,أوحيت
780,5,المائدة,111,3,الي,إلى
780,5,المائدة,111,5,ان,أن
780,5,المائدة,111,6,امنوا,آمنوا
780,5,المائدة,111,10,امنا,آمنا
780,5,المائدة,111,12,باننا,بأننا
781,5,المائدة,112,1,اذ,إذ
781,5,المائدة,112,5,عيسي,عيسى
781,5,المائدة,112,11,ان,أن
781,5,المائدة,112,14,مايده,مائدة
781,5,المائدة,112,20,ان,إن
781,5,المائدة,112,22,مومنين,مؤمنين
782,5,المائدة,113,3,ان,أن
782,5,المائدة,113,4,ناكل,نأكل
782,5,المائدة,113,6,وتطمين,وتطمئن
782,5,المائدة,113,9,ان,أن
783,5,المائدة,114,2,عيسي,عيسى
783,5,المائدة,114,7,انزل,أنزل
783,5,المائدة,114,9,مايده,مائدة
783,5,المائدة,114,15,لاولنا,لأولنا
783,5,المائدة,114,16,واخرنا,وآخرنا
783,5,المائدة,114,17,وايه,وآية
783,5,المائدة,114,20,وانت,وأنت
784,5,المائدة,115,3,اني,إني
784,5,المائدة,115,10,فاني,فإني
784,5,المائدة,115,11,اعذبه,أعذبه
784,5,المائدة,115,14,اعذبه,أعذبه
784,5,المائدة,115,15,احدا,أحدا
785,5,المائدة,116,1,واذ,وإذ
785,5,المائدة,116,5,عيسي,عيسى
785,5,المائدة,116,8,اانت,أأنت
785,5,المائدة,116,12,وامي,وأمي
785,5,المائدة,116,13,الهين,إلهين
785,5,المائدة,116,22,ان,أن
785,5,المائدة,116,23,اقول,أقول
785,5,المائدة,116,28,ان,إن
785,5,المائدة,116,38,اعلم,أعلم
785,5,المائدة,116,42,انك,إنك
785,5,المائدة,116,43,انت,أنت
786,5,المائدة,117,4,الا,إلا
786,5,المائدة,117,6,امرتني,أمرتني
786,5,المائدة,117,8,ان,أن
786,5,المائدة,117,22,انت,أنت
786,5,المائدة,117,25,وانت,وأنت
786,5,المائدة,117,26,علي,على
787,5,المائدة,118,1,ان,إن
787,5,المائدة,118,3,فانهم,فإنهم
787,5,المائدة,118,5,وان,وإن
787,5,المائدة,118,8,فانك,فإنك
787,5,المائدة,118,9,انت,أنت
788,5,المائدة,119,13,الانهار,الأنهار
788,5,المائدة,119,16,ابدا,أبدا
789,5,المائدة,120,4,والارض,والأرض
789,5,المائدة,120,8,علي,على
790,6,الأنعام,1,10,والارض,والأرض
791,6,الأنعام,2,7,قضي,قضى
791,6,الأنعام,2,8,اجلا,أجلا
791,6,الأنعام,2,9,واجل,وأجل
791,6,الأنعام,2,10,مسمي,مسمى
791,6,الأنعام,2,13,انتم,أنتم
792,6,الأنعام,3,6,الارض,الأرض
793,6,الأنعام,4,2,تاتيهم,تأتيهم
793,6,الأنعام,4,4,ايه,آية
793,6,الأنعام,4,6,ايات,آيات
793,6,الأنعام,4,8,الا,إلا
794,6,الأنعام,5,7,ياتيهم,يأتيهم
794,6,الأنعام,5,8,انباء,أنباء
794,6,الأنعام,5,12,يستهزيون,يستهزئون
795,6,الأنعام,6,1,الم,ألم
795,6,الأنعام,6,4,اهلكنا,أهلكنا
795,6,الأنعام,6,11,الارض,الأرض
795,6,الأنعام,6,16,وارسلنا,وأرسلنا
795,6,الأنعام,6,21,الانهار,الأنهار
795,6,الأنعام,6,25,فاهلكناهم,فأهلكناهم
795,6,الأنعام,6,27,وانشانا,وأنشأنا
795,6,الأنعام,6,31,اخرين,آخرين
796,6,الأنعام,7,8,بايديهم,بأيديهم
796,6,الأنعام,7,12,ان,إن
796,6,الأنعام,7,14,الا,إلا
797,6,الأنعام,8,3,انزل,أنزل
797,6,الأنعام,8,7,انزلنا,أنزلنا
797,6,الأنعام,8,10,الامر,الأمر
799,6,الأنعام,10,2,استهزي,استهزئ
799,6,الأنعام,10,13,يستهزيون,يستهزئون
800,6,الأنعام,11,4,الارض,الأرض
800,6,الأنعام,11,9,عاقبه,عاقبة
801,6,الأنعام,12,6,والارض,والأرض
801,6,الأنعام,12,10,علي,على
801,6,الأنعام,12,12,الرحمه,الرحمة
801,6,الأنعام,12,14,الي,إلى
801,6,الأنعام,12,16,القيامه,القيامة
801,6,الأنعام,12,22,انفسهم,أنفسهم
801,6,الأنعام,12,25,يومنون,يؤمنون
803,6,الأنعام,14,2,اغير,أغير
803,6,الأنعام,14,4,اتخذ,أتخذ
803,6,الأنعام,14,8,والارض,والأرض
803,6,الأنعام,14,14,اني,إني
803,6,الأنعام,14,15,امرت,أمرت
803,6,الأنعام,14,16,ان,أن
803,6,الأنعام,14,17,اكون,أكون
803,6,الأنعام,14,18,اول,أول
803,6,الأنعام,14,20,اسلم,أسلم
804,6,الأنعام,15,2,اني,إني
804,6,الأنعام,15,3,اخاف,أخاف
804,6,الأنعام,15,4,ان,إن
805,6,الأنعام,16,4,يوميذ,يومئذ
806,6,الأنعام,17,1,وان,وإن
806,6,الأنعام,17,8,الا,إلا
806,6,الأنعام,17,10,وان,وإن
806,6,الأنعام,17,14,علي,على
808,6,الأنعام,19,2,اي,أي
808,6,الأنعام,19,4,اكبر,أكبر
808,6,الأنعام,19,5,شهاده,شهادة
808,6,الأنعام,19,11,واوحي,وأوحي
808,6,الأنعام,19,12,الي,إلي
808,6,الأنعام,19,14,القران,القرآن
808,6,الأنعام,19,15,لانذركم,لأنذركم
808,6,الأنعام,19,19,اينكم,أئنكم
808,6,الأنعام,19,21,ان,أن
808,6,الأنعام,19,24,الهه,آلهة
808,6,الأنعام,19,25,اخري,أخرى
808,6,الأنعام,19,28,اشهد,أشهد
808,6,الأنعام,19,30,انما,إنما
808,6,الأنعام,19,32,اله,إله
808,6,الأنعام,19,34,وانني,وإنني
809,6,الأنعام,20,2,اتيناهم,آتيناهم
809,6,الأنعام,20,7,ابناءهم,أبناءهم
809,6,الأنعام,20,10,انفسهم,أنفسهم
809,6,الأنعام,20,13,يومنون,يؤمنون
810,6,الأنعام,21,2,اظلم,أظلم
810,6,الأنعام,21,4,افتري,افترى
810,6,الأنعام,21,5,علي,على
810,6,الأنعام,21,8,او,أو
810,6,الأنعام,21,10,باياته,بآياته
810,6,الأنعام,21,11,انه,إنه
811,6,الأنعام,22,7,اشركوا,أشركوا
811,6,الأنعام,22,8,اين,أين
811,6,الأنعام,22,9,شركاوكم,شركاؤكم
812,6,الأنعام,23,5,الا,إلا
812,6,الأنعام,23,6,ان,أن
813,6,الأنعام,24,4,علي,على
813,6,الأنعام,24,5,انفسهم,أنفسهم
814,6,الأنعام,25,4,اليك,إليك
814,6,الأنعام,25,6,علي,على
814,6,الأنعام,25,8,اكنه,أكنة
814,6,الأنعام,25,9,ان,أن
814,6,الأنعام,25,12,اذانهم,آذانهم
814,6,الأنعام,25,14,وان,وإن
814,6,الأنعام,25,17,ايه,آية
814,6,الأنعام,25,19,يومنوا,يؤمنوا
814,6,الأنعام,25,21,حتي,حتى
814,6,الأنعام,25,22,اذا,إذا
814,6,الأنعام,25,28,ان,إن
814,6,الأنعام,25,30,الا,إلا
814,6,الأنعام,25,31,اساطير,أساطير
814,6,الأنعام,25,32,الاولين,الأولين
815,6,الأنعام,26,4,ويناون,وينأون
815,6,الأنعام,26,6,وان,وإن
815,6,الأنعام,26,8,الا,إلا
815,6,الأنعام,26,9,انفسهم,أنفسهم
816,6,الأنعام,27,2,تري,ترى
816,6,الأنعام,27,3,اذ,إذ
816,6,الأنعام,27,5,علي,على
816,6,الأنعام,27,13,بايات,بآيات
816,6,الأنعام,27,17,المومنين,المؤمنين
817,6,الأنعام,28,15,وانهم,وإنهم
818,6,الأنعام,29,2,ان,إن
818,6,الأنعام,29,4,الا,إلا
819,6,الأنعام,30,2,تري,ترى
819,6,الأنعام,30,3,اذ,إذ
819,6,الأنعام,30,5,علي,على
819,6,الأنعام,30,8,اليس,أليس
819,6,الأنعام,30,12,بلي,بلى
820,6,الأنعام,31,7,حتي,حتى
820,6,الأنعام,31,8,اذا,إذا
820,6,الأنعام,31,10,الساعه,الساعة
820,6,الأنعام,31,11,بغته,بغتة
820,6,الأنعام,31,15,علي,على
820,6,الأنعام,31,21,اوزارهم,أوزارهم
820,6,الأنعام,31,22,علي,على
820,6,الأنعام,31,24,الا,ألا
821,6,الأنعام,32,2,الحياه,الحياة
821,6,الأنعام,32,4,الا,إلا
821,6,الأنعام,32,8,الاخره,الآخرة
821,6,الأنعام,32,12,افلا,أفلا
822,6,الأنعام,33,3,انه,إنه
822,6,الأنعام,33,7,فانهم,فإنهم
822,6,الأنعام,33,12,بايات,بآيات
823,6,الأنعام,34,7,علي,على
823,6,الأنعام,34,10,واوذوا,وأوذوا
823,6,الأنعام,34,11,حتي,حتى
823,6,الأنعام,34,12,اتاهم,أتاهم
823,6,الأنعام,34,21,نبا,نبإ
824,6,الأنعام,35,1,وان,وإن
824,6,الأنعام,35,5,اعراضهم,إعراضهم
824,6,الأنعام,35,6,فان,فإن
824,6,الأنعام,35,8,ان,أن
824,6,الأنعام,35,12,الارض,الأرض
824,6,الأنعام,35,13,او,أو
824,6,الأنعام,35,17,فتاتيهم,فتأتيهم
824,6,الأنعام,35,18,بايه,بآية
824,6,الأنعام,35,23,علي,على
824,6,الأنعام,35,24,الهدي,الهدى
825,6,الأنعام,36,1,انما,إنما
825,6,الأنعام,36,5,والموتي,والموتى
825,6,الأنعام,36,9,اليه,إليه
826,6,الأنعام,37,5,ايه,آية
826,6,الأنعام,37,9,ان,إن
826,6,الأنعام,37,12,علي,على
826,6,الأنعام,37,13,ان,أن
826,6,الأنعام,37,15,ايه,آية
826,6,الأنعام,37,17,اكثرهم,أكثرهم
827,6,الأنعام,38,3,دابه,دابة
827,6,الأنعام,38,5,الارض,الأرض
827,6,الأنعام,38,7,طاير,طائر
827,6,الأنعام,38,10,الا,إلا
827,6,الأنعام,38,11,امم,أمم
827,6,الأنعام,38,12,امثالكم,أمثالكم
827,6,الأنعام,38,20,الي,إلى
828,6,الأنعام,39,3,باياتنا,بآياتنا
828,6,الأنعام,39,9,يشا,يشإ
828,6,الأنعام,39,13,يشا,يشأ
828,6,الأنعام,39,15,علي,على
829,6,الأنعام,40,2,ارايتكم,أرأيتكم
829,6,الأنعام,40,3,ان,إن
829,6,الأنعام,40,4,اتاكم,أتاكم
829,6,الأنعام,40,7,او,أو
829,6,الأنعام,40,8,اتتكم,أتتكم
829,6,الأنعام,40,9,الساعه,الساعة
829,6,الأنعام,40,10,اغير,أغير
829,6,الأنعام,40,13,ان,إن
830,6,الأنعام,41,2,اياه,إياه
830,6,الأنعام,41,7,اليه,إليه
830,6,الأنعام,41,8,ان,إن
831,6,الأنعام,42,2,ارسلنا,أرسلنا
831,6,الأنعام,42,3,الي,إلى
831,6,الأنعام,42,4,امم,أمم
831,6,الأنعام,42,7,فاخذناهم,فأخذناهم
831,6,الأنعام,42,8,بالباساء,بالبأساء
832,6,الأنعام,43,2,اذ,إذ
832,6,الأنعام,43,4,باسنا,بأسنا
833,6,الأنعام,44,8,ابواب,أبواب
833,6,الأنعام,44,11,حتي,حتى
833,6,الأنعام,44,12,اذا,إذا
833,6,الأنعام,44,15,اوتوا,أوتوا
833,6,الأنعام,44,16,اخذناهم,أخذناهم
833,6,الأنعام,44,17,بغته,بغتة
833,6,الأنعام,44,18,فاذا,فإذا
835,6,الأنعام,46,2,ارايتم,أرأيتم
835,6,الأنعام,46,3,ان,إن
835,6,الأنعام,46,4,اخذ,أخذ
835,6,الأنعام,46,7,وابصاركم,وأبصاركم
835,6,الأنعام,46,9,علي,على
835,6,الأنعام,46,12,اله,إله
835,6,الأنعام,46,15,ياتيكم,يأتيكم
835,6,الأنعام,46,20,الايات,الآيات
836,6,الأنعام,47,2,ارايتكم,أرأيتكم
836,6,الأنعام,47,3,ان,إن
836,6,الأنعام,47,4,اتاكم,أتاكم
836,6,الأنعام,47,7,بغته,بغتة
836,6,الأنعام,47,8,او,أو
836,6,الأنعام,47,9,جهره,جهرة
836,6,الأنعام,47,12,الا,إلا
837,6,الأنعام,48,4,الا,إلا
837,6,الأنعام,48,8,امن,آمن
837,6,الأنعام,48,9,واصلح,وأصلح
838,6,الأنعام,49,3,باياتنا,بآياتنا
839,6,الأنعام,50,3,اقول,أقول
839,6,الأنعام,50,6,خزاين,خزائن
839,6,الأنعام,50,9,اعلم,أعلم
839,6,الأنعام,50,12,اقول,أقول
839,6,الأنعام,50,14,اني,إني
839,6,الأنعام,50,16,ان,إن
839,6,الأنعام,50,17,اتبع,أتبع
839,6,الأنعام,50,18,الا,إلا
839,6,الأنعام,50,20,يوحي,يوحى
839,6,الأنعام,50,21,الي,إلي
839,6,الأنعام,50,25,الاعمي,الأعمى
839,6,الأنعام,50,27,افلا,أفلا
840,6,الأنعام,51,1,وانذر,وأنذر
840,6,الأنعام,51,5,ان,أن
840,6,الأنعام,51,7,الي,إلى
841,6,الأنعام,52,6,بالغداه,بالغداة
842,6,الأنعام,53,6,اهولاء,أهؤلاء
842,6,الأنعام,53,12,اليس,أليس
842,6,الأنعام,53,14,باعلم,بأعلم
843,6,الأنعام,54,1,واذا,وإذا
843,6,الأنعام,54,4,يومنون,يؤمنون
843,6,الأنعام,54,5,باياتنا,بآياتنا
843,6,الأنعام,54,11,علي,على
843,6,الأنعام,54,13,الرحمه,الرحمة
843,6,الأنعام,54,14,انه,أنه
843,6,الأنعام,54,19,بجهاله,بجهالة
843,6,الأنعام,54,24,واصلح,وأصلح
843,6,الأنعام,54,25,فانه,فأنه
844,6,الأنعام,55,3,الايات,الآيات
845,6,الأنعام,56,2,اني,إني
845,6,الأنعام,56,4,ان,أن
845,6,الأنعام,56,5,اعبد,أعبد
845,6,الأنعام,56,13,اتبع,أتبع
845,6,الأنعام,56,14,اهواءكم,أهواءكم
845,6,الأنعام,56,17,اذا,إذا
845,6,الأنعام,56,19,انا,أنا
846,6,الأنعام,57,2,اني,إني
846,6,الأنعام,57,3,علي,على
846,6,الأنعام,57,4,بينه,بينة
846,6,الأنعام,57,14,ان,إن
846,6,الأنعام,57,16,الا,إلا
847,6,الأنعام,58,3,ان,أن
847,6,الأنعام,58,9,الامر,الأمر
847,6,الأنعام,58,13,اعلم,أعلم
848,6,الأنعام,59,6,الا,إلا
848,6,الأنعام,59,16,ورقه,ورقة
848,6,الأنعام,59,17,الا,إلا
848,6,الأنعام,59,20,حبه,حبة
848,6,الأنعام,59,23,الارض,الأرض
848,6,الأنعام,59,28,الا,إلا
849,6,الأنعام,60,12,ليقضي,ليقضى
849,6,الأنعام,60,13,اجل,أجل
849,6,الأنعام,60,14,مسمي,مسمى
849,6,الأنعام,60,16,اليه,إليه
849,6,الأنعام,60,19,ينبيكم,ينبئكم
850,6,الأنعام,61,7,حفظه,حفظة
850,6,الأنعام,61,8,حتي,حتى
850,6,الأنعام,61,9,اذا,إذا
850,6,الأنعام,61,11,احدكم,أحدكم
851,6,الأنعام,62,3,الي,إلى
851,6,الأنعام,62,7,الا,ألا
851,6,الأنعام,62,11,اسرع,أسرع
852,6,الأنعام,63,10,وخفيه,وخفية
852,6,الأنعام,63,11,لين,لئن
852,6,الأنعام,63,12,انجانا,أنجانا
853,6,الأنعام,64,9,انتم,أنتم
854,6,الأنعام,65,4,علي,على
854,6,الأنعام,65,5,ان,أن
854,6,الأنعام,65,11,او,أو
854,6,الأنعام,65,14,ارجلكم,أرجلكم
854,6,الأنعام,65,15,او,أو
854,6,الأنعام,65,20,باس,بأس
854,6,الأنعام,65,25,الايات,الآيات
856,6,الأنعام,67,2,نبا,نبإ
857,6,الأنعام,68,1,واذا,وإذا
857,6,الأنعام,68,2,رايت,رأيت
857,6,الأنعام,68,6,اياتنا,آياتنا
857,6,الأنعام,68,7,فاعرض,فأعرض
857,6,الأنعام,68,9,حتي,حتى
857,6,الأنعام,68,14,واما,وإما
857,6,الأنعام,68,20,الذكري,الذكرى
858,6,الأنعام,69,2,علي,على
858,6,الأنعام,69,10,ذكري,ذكرى
859,6,الأنعام,70,8,الحياه,الحياة
859,6,الأنعام,70,12,ان,أن
859,6,الأنعام,70,25,وان,وإن
859,6,الأنعام,70,30,يوخذ,يؤخذ
859,6,الأنعام,70,32,اوليك,أولئك
859,6,الأنعام,70,34,ابسلوا,أبسلوا
859,6,الأنعام,70,42,اليم,أليم
860,6,الأنعام,71,2,اندعو,أندعو
860,6,الأنعام,71,12,علي,على
860,6,الأنعام,71,13,اعقابنا,أعقابنا
860,6,الأنعام,71,15,اذ,إذ
860,6,الأنعام,71,22,الارض,الأرض
860,6,الأنعام,71,25,اصحاب,أصحاب
860,6,الأنعام,71,27,الي,إلى
860,6,الأنعام,71,28,الهدي,الهدى
860,6,الأنعام,71,29,ايتنا,ائتنا
860,6,الأنعام,71,31,ان,إن
860,6,الأنعام,71,32,هدي,هدى
860,6,الأنعام,71,35,الهدي,الهدى
860,6,الأنعام,71,36,وامرنا,وأمرنا
861,6,الأنعام,72,1,وان,وأن
861,6,الأنعام,72,2,اقيموا,أقيموا
861,6,الأنعام,72,3,الصلاه,الصلاة
861,6,الأنعام,72,7,اليه,إليه
862,6,الأنعام,73,5,والارض,والأرض
862,6,الأنعام,73,21,والشهاده,والشهادة
863,6,الأنعام,74,1,واذ,وإذ
863,6,الأنعام,74,3,ابراهيم,إبراهيم
863,6,الأنعام,74,4,لابيه,لأبيه
863,6,الأنعام,74,5,ازر,آزر
863,6,الأنعام,74,6,اتتخذ,أتتخذ
863,6,الأنعام,74,7,اصناما,أصناما
863,6,الأنعام,74,8,الهه,آلهة
863,6,الأنعام,74,9,اني,إني
863,6,الأنعام,74,10,اراك,أراك
864,6,الأنعام,75,3,ابراهيم,إبراهيم
864,6,الأنعام,75,6,والارض,والأرض
865,6,الأنعام,76,5,راي,رأى
865,6,الأنعام,76,11,افل,أفل
865,6,الأنعام,76,14,احب,أحب
865,6,الأنعام,76,15,الافلين,الآفلين
866,6,الأنعام,77,2,راي,رأى
866,6,الأنعام,77,9,افل,أفل
866,6,الأنعام,77,11,لين,لئن
866,6,الأنعام,77,15,لاكونن,لأكونن
867,6,الأنعام,78,2,راي,رأى
867,6,الأنعام,78,4,بازغه,بازغة
867,6,الأنعام,78,9,اكبر,أكبر
867,6,الأنعام,78,11,افلت,أفلت
867,6,الأنعام,78,15,اني,إني
868,6,الأنعام,79,1,اني,إني
868,6,الأنعام,79,7,والارض,والأرض
868,6,الأنعام,79,10,انا,أنا
869,6,الأنعام,80,4,اتحاجوني,أتحاجوني
869,6,الأنعام,80,10,اخاف,أخاف
869,6,الأنعام,80,14,الا,إلا
869,6,الأنعام,80,15,ان,أن
869,6,الأنعام,80,18,شييا,شيئا
869,6,الأنعام,80,24,افلا,أفلا
870,6,الأنعام,81,2,اخاف,أخاف
870,6,الأنعام,81,4,اشركتم,أشركتم
870,6,الأنعام,81,7,انكم,أنكم
870,6,الأنعام,81,8,اشركتم,أشركتم
870,6,الأنعام,81,16,فاي,فأي
870,6,الأنعام,81,18,احق,أحق
870,6,الأنعام,81,19,بالامن,بالأمن
870,6,الأنعام,81,20,ان,إن
871,6,الأنعام,82,2,امنوا,آمنوا
871,6,الأنعام,82,5,ايمانهم,إيمانهم
871,6,الأنعام,82,7,اوليك,أولئك
871,6,الأنعام,82,9,الامن,الأمن
872,6,الأنعام,83,3,اتيناها,آتيناها
872,6,الأنعام,83,4,ابراهيم,إبراهيم
872,6,الأنعام,83,5,علي,على
872,6,الأنعام,83,11,ان,إن
873,6,الأنعام,84,3,اسحاق,إسحاق
873,6,الأنعام,84,15,وايوب,وأيوب
873,6,الأنعام,84,17,وموسي,وموسى
874,6,الأنعام,85,2,ويحيي,ويحيى
874,6,الأنعام,85,3,وعيسي,وعيسى
874,6,الأنعام,85,4,والياس,وإلياس
875,6,الأنعام,86,1,واسماعيل,وإسماعيل
875,6,الأنعام,86,7,علي,على
876,6,الأنعام,87,2,ابايهم,آبائهم
876,6,الأنعام,87,4,واخوانهم,وإخوانهم
876,6,الأنعام,87,7,الي,إلى
877,6,الأنعام,88,2,هدي,هدى
877,6,الأنعام,88,11,اشركوا,أشركوا
878,6,الأنعام,89,1,اوليك,أولئك
878,6,الأنعام,89,3,اتيناهم,آتيناهم
878,6,الأنعام,89,6,والنبوه,والنبوة
878,6,الأنعام,89,7,فان,فإن
878,6,الأنعام,89,10,هولاء,هؤلاء
879,6,الأنعام,90,1,اوليك,أولئك
879,6,الأنعام,90,3,هدي,هدى
879,6,الأنعام,90,9,اسالكم,أسألكم
879,6,الأنعام,90,11,اجرا,أجرا
879,6,الأنعام,90,12,ان,إن
879,6,الأنعام,90,14,الا,إلا
879,6,الأنعام,90,15,ذكري,ذكرى
880,6,الأنعام,91,6,اذ,إذ
880,6,الأنعام,91,9,انزل,أنزل
880,6,الأنعام,91,11,علي,على
880,6,الأنعام,91,17,انزل,أنزل
880,6,الأنعام,91,22,موسي,موسى
880,6,الأنعام,91,24,وهدي,وهدى
880,6,الأنعام,91,35,انتم,أنتم
880,6,الأنعام,91,37,اباوكم,آباؤكم
881,6,الأنعام,92,3,انزلناه,أنزلناه
881,6,الأنعام,92,10,ام,أم
881,6,الأنعام,92,11,القري,القرى
881,6,الأنعام,92,15,يومنون,يؤمنون
881,6,الأنعام,92,16,بالاخره,بالآخرة
881,6,الأنعام,92,17,يومنون,يؤمنون
881,6,الأنعام,92,20,علي,على
882,6,الأنعام,93,2,اظلم,أظلم
882,6,الأنعام,93,4,افتري,افترى
882,6,الأنعام,93,5,علي,على
882,6,الأنعام,93,8,او,أو
882,6,الأنعام,93,10,اوحي,أوحي
882,6,الأنعام,93,11,الي,إلي
882,6,الأنعام,93,14,اليه,إليه
882,6,الأنعام,93,18,سانزل,سأنزل
882,6,الأنعام,93,21,انزل,أنزل
882,6,الأنعام,93,24,تري,ترى
882,6,الأنعام,93,25,اذ,إذ
882,6,الأنعام,93,30,والملايكه,والملائكة
882,6,الأنعام,93,32,ايديهم,أيديهم
882,6,الأنعام,93,33,اخرجوا,أخرجوا
882,6,الأنعام,93,34,انفسكم,أنفسكم
882,6,الأنعام,93,42,علي,على
882,6,الأنعام,93,48,اياته,آياته
883,6,الأنعام,94,2,جيتمونا,جئتمونا
883,6,الأنعام,94,3,فرادي,فرادى
883,6,الأنعام,94,6,اول,أول
883,6,الأنعام,94,7,مره,مرة
883,6,الأنعام,94,14,نري,نرى
883,6,الأنعام,94,19,انهم,أنهم
884,6,الأنعام,95,1,ان,إن
884,6,الأنعام,95,5,والنوي,والنوى
884,6,الأنعام,95,16,فاني,فأنى
884,6,الأنعام,95,17,توفكون,تؤفكون
885,6,الأنعام,96,2,الاصباح,الإصباح
886,6,الأنعام,97,14,الايات,الآيات
887,6,الأنعام,98,3,انشاكم,أنشأكم
887,6,الأنعام,98,6,واحده,واحدة
887,6,الأنعام,98,11,الايات,الآيات
888,6,الأنعام,99,3,انزل,أنزل
888,6,الأنعام,99,7,فاخرجنا,فأخرجنا
888,6,الأنعام,99,12,فاخرجنا,فأخرجنا
888,6,الأنعام,99,24,دانيه,دانية
888,6,الأنعام,99,27,اعناب,أعناب
888,6,الأنعام,99,34,الي,إلى
888,6,الأنعام,99,36,اذا,إذا
888,6,الأنعام,99,37,اثمر,أثمر
888,6,الأنعام,99,39,ان,إن
888,6,الأنعام,99,42,لايات,لآيات
888,6,الأنعام,99,44,يومنون,يؤمنون
889,6,الأنعام,100,13,وتعالي,وتعالى
890,6,الأنعام,101,3,والارض,والأرض
890,6,الأنعام,101,4,اني,أنى
890,6,الأنعام,101,11,صاحبه,صاحبة
891,6,الأنعام,102,5,اله,إله
891,6,الأنعام,102,6,الا,إلا
891,6,الأنعام,102,13,علي,على
892,6,الأنعام,103,3,الابصار,الأبصار
892,6,الأنعام,103,6,الابصار,الأبصار
893,6,الأنعام,104,3,بصاير,بصائر
893,6,الأنعام,104,7,ابصر,أبصر
893,6,الأنعام,104,13,انا,أنا
894,6,الأنعام,105,3,الايات,الآيات
895,6,الأنعام,106,3,اوحي,أوحي
895,6,الأنعام,106,4,اليك,إليك
895,6,الأنعام,106,8,اله,إله
895,6,الأنعام,106,9,الا,إلا
895,6,الأنعام,106,11,واعرض,وأعرض
896,6,الأنعام,107,5,اشركوا,أشركوا
896,6,الأنعام,107,11,انت,أنت
897,6,الأنعام,108,16,امه,أمة
897,6,الأنعام,108,19,الي,إلى
897,6,الأنعام,108,22,فينبيهم,فينبئهم
898,6,الأنعام,109,1,واقسموا,وأقسموا
898,6,الأنعام,109,4,ايمانهم,أيمانهم
898,6,الأنعام,109,5,لين,لئن
898,6,الأنعام,109,7,ايه,آية
898,6,الأنعام,109,8,ليومنن,ليؤمنن
898,6,الأنعام,109,11,انما,إنما
898,6,الأنعام,109,12,الايات,الآيات
898,6,الأنعام,109,17,انها,أنها
898,6,الأنعام,109,18,اذا,إذا
898,6,الأنعام,109,21,يومنون,يؤمنون
899,6,الأنعام,110,2,افيدتهم,أفئدتهم
899,6,الأنعام,110,3,وابصارهم,وأبصارهم
899,6,الأنعام,110,6,يومنوا,يؤمنوا
899,6,الأنعام,110,8,اول,أول
899,6,الأنعام,110,9,مره,مرة
900,6,الأنعام,111,2,اننا,أننا
900,6,الأنعام,111,4,اليهم,إليهم
900,6,الأنعام,111,5,الملايكه,الملائكة
900,6,الأنعام,111,7,الموتي,الموتى
900,6,الأنعام,111,15,ليومنوا,ليؤمنوا
900,6,الأنعام,111,16,الا,إلا
900,6,الأنعام,111,17,ان,أن
900,6,الأنعام,111,21,اكثرهم,أكثرهم
901,6,الأنعام,112,7,الانس,الإنس
901,6,الأنعام,112,11,الي,إلى
902,6,الأنعام,113,1,ولتصغي,ولتصغى
902,6,الأنعام,113,2,اليه,إليه
902,6,الأنعام,113,3,افيده,أفئدة
902,6,الأنعام,113,6,يومنون,يؤمنون
902,6,الأنعام,113,7,بالاخره,بالآخرة
903,6,الأنعام,114,1,افغير,أفغير
903,6,الأنعام,114,3,ابتغي,أبتغي
903,6,الأنعام,114,7,انزل,أنزل
903,6,الأنعام,114,8,اليكم,إليكم
903,6,الأنعام,114,12,اتيناهم,آتيناهم
903,6,الأنعام,114,15,انه,أنه
905,6,الأنعام,116,1,وان,وإن
905,6,الأنعام,116,3,اكثر,أكثر
905,6,الأنعام,116,6,الارض,الأرض
905,6,الأنعام,116,11,ان,إن
905,6,الأنعام,116,13,الا,إلا
905,6,الأنعام,116,15,وان,وإن
905,6,الأنعام,116,17,الا,إلا
906,6,الأنعام,117,1,ان,إن
906,6,الأنعام,117,4,اعلم,أعلم
906,6,الأنعام,117,10,اعلم,أعلم
907,6,الأنعام,118,7,ان,إن
907,6,الأنعام,118,9,باياته,بآياته
907,6,الأنعام,118,10,مومنين,مؤمنين
908,6,الأنعام,119,3,الا,ألا
908,6,الأنعام,119,4,تاكلوا,تأكلوا
908,6,الأنعام,119,16,الا,إلا
908,6,الأنعام,119,19,اليه,إليه
908,6,الأنعام,119,20,وان,وإن
908,6,الأنعام,119,23,باهوايهم,بأهوائهم
908,6,الأنعام,119,26,ان,إن
908,6,الأنعام,119,29,اعلم,أعلم
909,6,الأنعام,120,3,الاثم,الإثم
909,6,الأنعام,120,5,ان,إن
909,6,الأنعام,120,8,الاثم,الإثم
910,6,الأنعام,121,2,تاكلوا,تأكلوا
910,6,الأنعام,121,9,وانه,وإنه
910,6,الأنعام,121,11,وان,وإن
910,6,الأنعام,121,14,الي,إلى
910,6,الأنعام,121,15,اوليايهم,أوليائهم
910,6,الأنعام,121,17,وان,وإن
910,6,الأنعام,121,18,اطعتموهم,أطعتموهم
910,6,الأنعام,121,19,انكم,إنكم
911,6,الأنعام,122,1,اومن,أومن
911,6,الأنعام,122,4,فاحييناه,فأحييناه
912,6,الأنعام,123,5,قريه,قرية
912,6,الأنعام,123,6,اكابر,أكابر
912,6,الأنعام,123,12,الا,إلا
912,6,الأنعام,123,13,بانفسهم,بأنفسهم
913,6,الأنعام,124,1,واذا,وإذا
913,6,الأنعام,124,3,ايه,آية
913,6,الأنعام,124,6,نومن,نؤمن
913,6,الأنعام,124,7,حتي,حتى
913,6,الأنعام,124,8,نوتي,نؤتى
913,6,الأنعام,124,11,اوتي,أوتي
913,6,الأنعام,124,15,اعلم,أعلم
913,6,الأنعام,124,21,اجرموا,أجرموا
914,6,الأنعام,125,4,ان,أن
914,6,الأنعام,125,8,للاسلام,للإسلام
914,6,الأنعام,125,11,ان,أن
914,6,الأنعام,125,17,كانما,كأنما
914,6,الأنعام,125,25,علي,على
914,6,الأنعام,125,28,يومنون,يؤمنون
915,6,الأنعام,126,7,الايات,الآيات
917,6,الأنعام,128,10,الانس,الإنس
917,6,الأنعام,128,12,اولياوهم,أولياؤهم
917,6,الأنعام,128,14,الانس,الإنس
917,6,الأنعام,128,20,اجلنا,أجلنا
917,6,الأنعام,128,22,اجلت,أجلت
917,6,الأنعام,128,29,الا,إلا
917,6,الأنعام,128,33,ان,إن
919,6,الأنعام,130,4,والانس,والإنس
919,6,الأنعام,130,5,الم,ألم
919,6,الأنعام,130,6,ياتكم,يأتكم
919,6,الأنعام,130,11,اياتي,آياتي
919,6,الأنعام,130,18,علي,على
919,6,الأنعام,130,19,انفسنا,أنفسنا
919,6,الأنعام,130,21,الحياه,الحياة
919,6,الأنعام,130,24,علي,على
919,6,الأنعام,130,25,انفسهم,أنفسهم
919,6,الأنعام,130,26,انهم,أنهم
920,6,الأنعام,131,2,ان,أن
920,6,الأنعام,131,7,القري,القرى
920,6,الأنعام,131,9,واهلها,وأهلها
922,6,الأنعام,133,4,الرحمه,الرحمة
922,6,الأنعام,133,5,ان,إن
922,6,الأنعام,133,6,يشا,يشأ
922,6,الأنعام,133,14,انشاكم,أنشأكم
922,6,الأنعام,133,16,ذريه,ذرية
922,6,الأنعام,133,18,اخرين,آخرين
923,6,الأنعام,134,1,ان,إن
923,6,الأنعام,134,4,لات,لآت
923,6,الأنعام,134,6,انتم,أنتم
924,6,الأنعام,135,5,علي,على
924,6,الأنعام,135,7,اني,إني
924,6,الأنعام,135,14,عاقبه,عاقبة
924,6,الأنعام,135,16,انه,إنه
925,6,الأنعام,136,4,ذرا,ذرأ
925,6,الأنعام,136,7,والانعام,والأنعام
925,6,الأنعام,136,14,لشركاينا,لشركائنا
925,6,الأنعام,136,17,لشركايهم,لشركائهم
925,6,الأنعام,136,20,الي,إلى
925,6,الأنعام,136,27,الي,إلى
925,6,الأنعام,136,28,شركايهم,شركائهم
926,6,الأنعام,137,7,اولادهم,أولادهم
926,6,الأنعام,137,8,شركاوهم,شركاؤهم
927,6,الأنعام,138,3,انعام,أنعام
927,6,الأنعام,138,8,الا,إلا
927,6,الأنعام,138,12,وانعام,وأنعام
927,6,الأنعام,138,15,وانعام,وأنعام
928,6,الأنعام,139,6,الانعام,الأنعام
928,6,الأنعام,139,7,خالصه,خالصة
928,6,الأنعام,139,10,علي,على
928,6,الأنعام,139,11,ازواجنا,أزواجنا
928,6,الأنعام,139,12,وان,وإن
928,6,الأنعام,139,14,ميته,ميتة
928,6,الأنعام,139,20,انه,إنه
929,6,الأنعام,140,5,اولادهم,أولادهم
929,6,الأنعام,140,14,علي,على
930,6,الأنعام,141,3,انشا,أنشأ
930,6,الأنعام,141,11,اكله,أكله
930,6,الأنعام,141,20,اذا,إذا
930,6,الأنعام,141,21,اثمر,أثمر
930,6,الأنعام,141,22,واتوا,وآتوا
930,6,الأنعام,141,28,انه,إنه
931,6,الأنعام,142,2,الانعام,الأنعام
931,6,الأنعام,142,3,حموله,حمولة
931,6,الأنعام,142,13,انه,إنه
932,6,الأنعام,143,1,ثمانيه,ثمانية
932,6,الأنعام,143,2,ازواج,أزواج
932,6,الأنعام,143,4,الضان,الضأن
932,6,الأنعام,143,10,الذكرين,آلذكرين
932,6,الأنعام,143,12,ام,أم
932,6,الأنعام,143,13,الانثيين,الأنثيين
932,6,الأنعام,143,14,اما,أما
932,6,الأنعام,143,17,ارحام,أرحام
932,6,الأنعام,143,18,الانثيين,الأنثيين
932,6,الأنعام,143,19,نبيوني,نبئوني
932,6,الأنعام,143,21,ان,إن
933,6,الأنعام,144,2,الابل,الإبل
933,6,الأنعام,144,8,الذكرين,آلذكرين
933,6,الأنعام,144,10,ام,أم
933,6,الأنعام,144,11,الانثيين,الأنثيين
933,6,الأنعام,144,12,اما,أما
933,6,الأنعام,144,15,ارحام,أرحام
933,6,الأنعام,144,16,الانثيين,الأنثيين
933,6,الأنعام,144,17,ام,أم
933,6,الأنعام,144,20,اذ,إذ
933,6,الأنعام,144,25,اظلم,أظلم
933,6,الأنعام,144,27,افتري,افترى
933,6,الأنعام,144,28,علي,على
933,6,الأنعام,144,35,ان,إن
934,6,الأنعام,145,3,اجد,أجد
934,6,الأنعام,145,6,اوحي,أوحي
934,6,الأنعام,145,7,الي,إلي
934,6,الأنعام,145,9,علي,على
934,6,الأنعام,145,12,الا,إلا
934,6,الأنعام,145,13,ان,أن
934,6,الأنعام,145,15,ميته,ميتة
934,6,الأنعام,145,16,او,أو
934,6,الأنعام,145,19,او,أو
934,6,الأنعام,145,22,فانه,فإنه
934,6,الأنعام,145,24,او,أو
934,6,الأنعام,145,26,اهل,أهل
934,6,الأنعام,145,36,فان,فإن
935,6,الأنعام,146,1,وعلي,وعلى
935,6,الأنعام,146,14,الا,إلا
935,6,الأنعام,146,18,او,أو
935,6,الأنعام,146,20,او,أو
935,6,الأنعام,146,27,وانا,وإنا
936,6,الأنعام,147,1,فان,فإن
936,6,الأنعام,147,6,رحمه,رحمة
936,6,الأنعام,147,7,واسعه,واسعة
936,6,الأنعام,147,10,باسه,بأسه
937,6,الأنعام,148,3,اشركوا,أشركوا
937,6,الأنعام,148,8,اشركنا,أشركنا
937,6,الأنعام,148,10,اباونا,آباؤنا
937,6,الأنعام,148,20,حتي,حتى
937,6,الأنعام,148,22,باسنا,بأسنا
937,6,الأنعام,148,30,ان,إن
937,6,الأنعام,148,32,الا,إلا
937,6,الأنعام,148,34,وان,وإن
937,6,الأنعام,148,35,انتم,أنتم
937,6,الأنعام,148,36,الا,إلا
938,6,الأنعام,149,3,الحجه,الحجة
938,6,الأنعام,149,4,البالغه,البالغة
938,6,الأنعام,149,8,اجمعين,أجمعين
939,6,الأنعام,150,6,ان,أن
939,6,الأنعام,150,10,فان,فإن
939,6,الأنعام,150,17,اهواء,أهواء
939,6,الأنعام,150,20,باياتنا,بآياتنا
939,6,الأنعام,150,23,يومنون,يؤمنون
939,6,الأنعام,150,24,بالاخره,بالآخرة
940,6,الأنعام,151,3,اتل,أتل
940,6,الأنعام,151,8,الا,ألا
940,6,الأنعام,151,11,شييا,شيئا
940,6,الأنعام,151,13,احسانا,إحسانا
940,6,الأنعام,151,16,اولادكم,أولادكم
940,6,الأنعام,151,18,املاق,إملاق
940,6,الأنعام,151,21,واياهم,وإياهم
940,6,الأنعام,151,36,الا,إلا
941,6,الأنعام,152,5,الا,إلا
941,6,الأنعام,152,8,احسن,أحسن
941,6,الأنعام,152,9,حتي,حتى
941,6,الأنعام,152,11,اشده,أشده
941,6,الأنعام,152,12,واوفوا,وأوفوا
941,6,الأنعام,152,19,الا,إلا
941,6,الأنعام,152,21,واذا,وإذا
941,6,الأنعام,152,27,قربي,قربى
941,6,الأنعام,152,30,اوفوا,أوفوا
942,6,الأنعام,153,1,وان,وأن
943,6,الأنعام,154,2,اتينا,آتينا
943,6,الأنعام,154,3,موسي,موسى
943,6,الأنعام,154,6,علي,على
943,6,الأنعام,154,8,احسن,أحسن
943,6,الأنعام,154,12,وهدي,وهدى
943,6,الأنعام,154,13,ورحمه,ورحمة
943,6,الأنعام,154,17,يومنون,يؤمنون
944,6,الأنعام,155,3,انزلناه,أنزلناه
945,6,الأنعام,156,1,ان,أن
945,6,الأنعام,156,3,انما,إنما
945,6,الأنعام,156,4,انزل,أنزل
945,6,الأنعام,156,6,علي,على
945,6,الأنعام,156,7,طايفتين,طائفتين
945,6,الأنعام,156,10,وان,وإن
946,6,الأنعام,157,1,او,أو
946,6,الأنعام,157,4,انا,أنا
946,6,الأنعام,157,5,انزل,أنزل
946,6,الأنعام,157,9,اهدي,أهدى
946,6,الأنعام,157,13,بينه,بينة
946,6,الأنعام,157,16,وهدي,وهدى
946,6,الأنعام,157,17,ورحمه,ورحمة
946,6,الأنعام,157,19,اظلم,أظلم
946,6,الأنعام,157,22,بايات,بآيات
946,6,الأنعام,157,30,اياتنا,آياتنا
947,6,الأنعام,158,3,الا,إلا
947,6,الأنعام,158,4,ان,أن
947,6,الأنعام,158,5,تاتيهم,تأتيهم
947,6,الأنعام,158,6,الملايكه,الملائكة
947,6,الأنعام,158,7,او,أو
947,6,الأنعام,158,8,ياتي,يأتي
947,6,الأنعام,158,10,او,أو
947,6,الأنعام,158,11,ياتي,يأتي
947,6,الأنعام,158,13,ايات,آيات
947,6,الأنعام,158,16,ياتي,يأتي
947,6,الأنعام,158,18,ايات,آيات
947,6,الأنعام,158,23,ايمانها,إيمانها
947,6,الأنعام,158,26,امنت,آمنت
947,6,الأنعام,158,29,او,أو
947,6,الأنعام,158,32,ايمانها,إيمانها
947,6,الأنعام,158,36,انا,إنا
948,6,الأنعام,159,1,ان,إن
948,6,الأنعام,159,11,انما,إنما
948,6,الأنعام,159,12,امرهم,أمرهم
948,6,الأنعام,159,13,الي,إلى
948,6,الأنعام,159,16,ينبيهم,ينبئهم
949,6,الأنعام,160,3,بالحسنه,بالحسنة
949,6,الأنعام,160,6,امثالها,أمثالها
949,6,الأنعام,160,9,بالسييه,بالسيئة
949,6,الأنعام,160,11,يجزي,يجزى
949,6,الأنعام,160,12,الا,إلا
950,6,الأنعام,161,2,انني,إنني
950,6,الأنعام,161,5,الي,إلى
950,6,الأنعام,161,10,مله,ملة
950,6,الأنعام,161,11,ابراهيم,إبراهيم
951,6,الأنعام,162,2,ان,إن
952,6,الأنعام,163,5,امرت,أمرت
952,6,الأنعام,163,6,وانا,وأنا
952,6,الأنعام,163,7,اول,أول
953,6,الأنعام,164,2,اغير,أغير
953,6,الأنعام,164,4,ابغي,أبغي
953,6,الأنعام,164,14,الا,إلا
953,6,الأنعام,164,18,وازره,وازرة
953,6,الأنعام,164,20,اخري,أخرى
953,6,الأنعام,164,22,الي,إلى
953,6,الأنعام,164,25,فينبيكم,فينبئكم
954,6,الأنعام,165,4,خلايف,خلائف
954,6,الأنعام,165,5,الارض,الأرض
954,6,الأنعام,165,14,اتاكم,آتاكم
954,6,الأنعام,165,15,ان,إن
954,6,الأنعام,165,19,وانه,وإنه
956,7,الأعراف,2,2,انزل,أنزل
956,7,الأعراف,2,3,اليك,إليك
956,7,الأعراف,2,12,وذكري,وذكرى
956,7,الأعراف,2,13,للمومنين,للمؤمنين
957,7,الأعراف,3,3,انزل,أنزل
957,7,الأعراف,3,4,اليكم,إليكم
957,7,الأعراف,3,11,اولياء,أولياء
958,7,الأعراف,4,3,قريه,قرية
958,7,الأعراف,4,4,اهلكناها,أهلكناها
958,7,الأعراف,4,6,باسنا,بأسنا
958,7,الأعراف,4,8,او,أو
958,7,الأعراف,4,10,قايلون,قائلون
959,7,الأعراف,5,4,اذ,إذ
959,7,الأعراف,5,6,باسنا,بأسنا
959,7,الأعراف,5,7,الا,إلا
959,7,الأعراف,5,8,ان,أن
959,7,الأعراف,5,10,انا,إنا
960,7,الأعراف,6,1,فلنسالن,فلنسألن
960,7,الأعراف,6,3,ارسل,أرسل
960,7,الأعراف,6,4,اليهم,إليهم
960,7,الأعراف,6,5,ولنسالن,ولنسألن
961,7,الأعراف,7,6,غايبين,غائبين
962,7,الأعراف,8,2,يوميذ,يومئذ
962,7,الأعراف,8,7,فاوليك,فأولئك
963,7,الأعراف,9,4,فاوليك,فأولئك
963,7,الأعراف,9,7,انفسهم,أنفسهم
963,7,الأعراف,9,10,باياتنا,بآياتنا
964,7,الأعراف,10,4,الارض,الأرض
965,7,الأعراف,11,7,للملايكه,للملائكة
965,7,الأعراف,11,9,لادم,لآدم
965,7,الأعراف,11,11,الا,إلا
965,7,الأعراف,11,12,ابليس,إبليس
966,7,الأعراف,12,4,الا,ألا
966,7,الأعراف,12,6,اذ,إذ
966,7,الأعراف,12,7,امرتك,أمرتك
966,7,الأعراف,12,9,انا,أنا
967,7,الأعراف,13,7,ان,أن
967,7,الأعراف,13,11,انك,إنك
968,7,الأعراف,14,2,انظرني,أنظرني
968,7,الأعراف,14,3,الي,إلى
969,7,الأعراف,15,2,انك,إنك
970,7,الأعراف,16,3,اغويتني,أغويتني
970,7,الأعراف,16,4,لاقعدن,لأقعدن
971,7,الأعراف,17,2,لاتينهم,لآتينهم
971,7,الأعراف,17,5,ايديهم,أيديهم
971,7,الأعراف,17,9,ايمانهم,أيمانهم
971,7,الأعراف,17,11,شمايلهم,شمائلهم
971,7,الأعراف,17,14,اكثرهم,أكثرهم
972,7,الأعراف,18,9,لاملان,لأملأن
972,7,الأعراف,18,12,اجمعين,أجمعين
973,7,الأعراف,19,2,ادم,آدم
973,7,الأعراف,19,4,انت,أنت
973,7,الأعراف,19,6,الجنه,الجنة
973,7,الأعراف,19,10,شيتما,شئتما
973,7,الأعراف,19,14,الشجره,الشجرة
974,7,الأعراف,20,10,سواتهما,سوآتهما
974,7,الأعراف,20,17,الشجره,الشجرة
974,7,الأعراف,20,18,الا,إلا
974,7,الأعراف,20,19,ان,أن
974,7,الأعراف,20,22,او,أو
975,7,الأعراف,21,2,اني,إني
976,7,الأعراف,22,5,الشجره,الشجرة
976,7,الأعراف,22,8,سواتهما,سوآتهما
976,7,الأعراف,22,14,الجنه,الجنة
976,7,الأعراف,22,17,الم,ألم
976,7,الأعراف,22,18,انهكما,أنهكما
976,7,الأعراف,22,21,الشجره,الشجرة
976,7,الأعراف,22,22,واقل,وأقل
976,7,الأعراف,22,24,ان,إن
977,7,الأعراف,23,4,انفسنا,أنفسنا
977,7,الأعراف,23,5,وان,وإن
978,7,الأعراف,24,8,الارض,الأرض
978,7,الأعراف,24,11,الي,إلى
980,7,الأعراف,26,3,ادم,آدم
980,7,الأعراف,26,5,انزلنا,أنزلنا
980,7,الأعراف,26,9,سواتكم,سوآتكم
980,7,الأعراف,26,12,التقوي,التقوى
980,7,الأعراف,26,17,ايات,آيات
981,7,الأعراف,27,3,ادم,آدم
981,7,الأعراف,27,8,اخرج,أخرج
981,7,الأعراف,27,9,ابويكم,أبويكم
981,7,الأعراف,27,11,الجنه,الجنة
981,7,الأعراف,27,16,سواتهما,سوآتهما
981,7,الأعراف,27,17,انه,إنه
981,7,الأعراف,27,25,انا,إنا
981,7,الأعراف,27,28,اولياء,أولياء
981,7,الأعراف,27,31,يومنون,يؤمنون
982,7,الأعراف,28,1,واذا,وإذا
982,7,الأعراف,28,3,فاحشه,فاحشة
982,7,الأعراف,28,7,اباءنا,آباءنا
982,7,الأعراف,28,9,امرنا,أمرنا
982,7,الأعراف,28,12,ان,إن
982,7,الأعراف,28,15,يامر,يأمر
982,7,الأعراف,28,17,اتقولون,أتقولون
982,7,الأعراف,28,18,علي,على
983,7,الأعراف,29,2,امر,أمر
983,7,الأعراف,29,5,واقيموا,وأقيموا
983,7,الأعراف,29,15,بداكم,بدأكم
984,7,الأعراف,30,2,هدي,هدى
984,7,الأعراف,30,6,الضلاله,الضلالة
984,7,الأعراف,30,7,انهم,إنهم
984,7,الأعراف,30,10,اولياء,أولياء
984,7,الأعراف,30,15,انهم,أنهم
985,7,الأعراف,31,3,ادم,آدم
985,7,الأعراف,31,13,انه,إنه
986,7,الأعراف,32,4,زينه,زينة
986,7,الأعراف,32,7,اخرج,أخرج
986,7,الأعراف,32,15,امنوا,آمنوا
986,7,الأعراف,32,17,الحياه,الحياة
986,7,الأعراف,32,19,خالصه,خالصة
986,7,الأعراف,32,21,القيامه,القيامة
986,7,الأعراف,32,24,الايات,الآيات
987,7,الأعراف,33,2,انما,إنما
987,7,الأعراف,33,11,والاثم,والإثم
987,7,الأعراف,33,15,وان,وأن
987,7,الأعراف,33,23,وان,وأن
987,7,الأعراف,33,25,علي,على
988,7,الأعراف,34,2,امه,أمة
988,7,الأعراف,34,3,اجل,أجل
988,7,الأعراف,34,4,فاذا,فإذا
988,7,الأعراف,34,6,اجلهم,أجلهم
988,7,الأعراف,34,8,يستاخرون,يستأخرون
988,7,الأعراف,34,9,ساعه,ساعة
989,7,الأعراف,35,3,ادم,آدم
989,7,الأعراف,35,4,اما,إما
989,7,الأعراف,35,5,ياتينكم,يأتينكم
989,7,الأعراف,35,10,اياتي,آياتي
989,7,الأعراف,35,12,اتقي,اتقى
989,7,الأعراف,35,13,واصلح,وأصلح
990,7,الأعراف,36,3,باياتنا,بآياتنا
990,7,الأعراف,36,6,اوليك,أولئك
990,7,الأعراف,36,7,اصحاب,أصحاب
991,7,الأعراف,37,2,اظلم,أظلم
991,7,الأعراف,37,4,افتري,افترى
991,7,الأعراف,37,5,علي,على
991,7,الأعراف,37,8,او,أو
991,7,الأعراف,37,10,باياته,بآياته
991,7,الأعراف,37,11,اوليك,أولئك
991,7,الأعراف,37,16,حتي,حتى
991,7,الأعراف,37,17,اذا,إذا
991,7,الأعراف,37,22,اين,أين
991,7,الأعراف,37,33,علي,على
991,7,الأعراف,37,34,انفسهم,أنفسهم
991,7,الأعراف,37,35,انهم,أنهم
992,7,الأعراف,38,4,امم,أمم
992,7,الأعراف,38,11,والانس,والإنس
992,7,الأعراف,38,16,امه,أمة
992,7,الأعراف,38,18,اختها,أختها
992,7,الأعراف,38,19,حتي,حتى
992,7,الأعراف,38,20,اذا,إذا
992,7,الأعراف,38,25,اخراهم,أخراهم
992,7,الأعراف,38,26,لاولاهم,لأولاهم
992,7,الأعراف,38,28,هولاء,هؤلاء
992,7,الأعراف,38,29,اضلونا,أضلونا
992,7,الأعراف,38,30,فاتهم,فآتهم
993,7,الأعراف,39,2,اولاهم,أولاهم
993,7,الأعراف,39,3,لاخراهم,لأخراهم
994,7,الأعراف,40,1,ان,إن
994,7,الأعراف,40,4,باياتنا,بآياتنا
994,7,الأعراف,40,10,ابواب,أبواب
994,7,الأعراف,40,14,الجنه,الجنة
994,7,الأعراف,40,15,حتي,حتى
996,7,الأعراف,42,2,امنوا,آمنوا
996,7,الأعراف,42,8,الا,إلا
996,7,الأعراف,42,10,اوليك,أولئك
996,7,الأعراف,42,11,اصحاب,أصحاب
996,7,الأعراف,42,12,الجنه,الجنة
997,7,الأعراف,43,10,الانهار,الأنهار
997,7,الأعراف,43,21,ان,أن
997,7,الأعراف,43,30,ان,أن
997,7,الأعراف,43,32,الجنه,الجنة
997,7,الأعراف,43,33,اورثتموها,أورثتموها
998,7,الأعراف,44,1,ونادي,ونادى
998,7,الأعراف,44,2,اصحاب,أصحاب
998,7,الأعراف,44,3,الجنه,الجنة
998,7,الأعراف,44,4,اصحاب,أصحاب
998,7,الأعراف,44,6,ان,أن
998,7,الأعراف,44,21,فاذن,فأذن
998,7,الأعراف,44,22,موذن,مؤذن
998,7,الأعراف,44,24,ان,أن
998,7,الأعراف,44,25,لعنه,لعنة
998,7,الأعراف,44,27,علي,على
999,7,الأعراف,45,9,بالاخره,بالآخرة
1000,7,الأعراف,46,3,وعلي,وعلى
1000,7,الأعراف,46,4,الاعراف,الأعراف
1000,7,الأعراف,46,10,اصحاب,أصحاب
1000,7,الأعراف,46,11,الجنه,الجنة
1000,7,الأعراف,46,12,ان,أن
1001,7,الأعراف,47,1,واذا,وإذا
1001,7,الأعراف,47,3,ابصارهم,أبصارهم
1001,7,الأعراف,47,5,اصحاب,أصحاب
1002,7,الأعراف,48,1,ونادي,ونادى
1002,7,الأعراف,48,2,اصحاب,أصحاب
1002,7,الأعراف,48,3,الاعراف,الأعراف
1002,7,الأعراف,48,9,اغني,أغنى
1003,7,الأعراف,49,1,اهولاء,أهؤلاء
1003,7,الأعراف,49,3,اقسمتم,أقسمتم
1003,7,الأعراف,49,7,برحمه,برحمة
1003,7,الأعراف,49,9,الجنه,الجنة
1003,7,الأعراف,49,14,انتم,أنتم
1004,7,الأعراف,50,1,ونادي,ونادى
1004,7,الأعراف,50,2,اصحاب,أصحاب
1004,7,الأعراف,50,4,اصحاب,أصحاب
1004,7,الأعراف,50,5,الجنه,الجنة
1004,7,الأعراف,50,6,ان,أن
1004,7,الأعراف,50,7,افيضوا,أفيضوا
1004,7,الأعراف,50,11,او,أو
1004,7,الأعراف,50,16,ان,إن
1004,7,الأعراف,50,19,علي,على
1005,7,الأعراف,51,7,الحياه,الحياة
1005,7,الأعراف,51,18,باياتنا,بآياتنا
1006,7,الأعراف,52,2,جيناهم,جئناهم
1006,7,الأعراف,52,5,علي,على
1006,7,الأعراف,52,7,هدي,هدى
1006,7,الأعراف,52,8,ورحمه,ورحمة
1006,7,الأعراف,52,10,يومنون,يؤمنون
1007,7,الأعراف,53,3,الا,إلا
1007,7,الأعراف,53,4,تاويله,تأويله
1007,7,الأعراف,53,6,ياتي,يأتي
1007,7,الأعراف,53,7,تاويله,تأويله
1007,7,الأعراف,53,24,او,أو
1007,7,الأعراف,53,33,انفسهم,أنفسهم
1008,7,الأعراف,54,1,ان,إن
1008,7,الأعراف,54,7,والارض,والأرض
1008,7,الأعراف,54,9,سته,ستة
1008,7,الأعراف,54,10,ايام,أيام
1008,7,الأعراف,54,12,استوي,استوى
1008,7,الأعراف,54,13,علي,على
1008,7,الأعراف,54,24,بامره,بأمره
1008,7,الأعراف,54,25,الا,ألا
1008,7,الأعراف,54,28,والامر,والأمر
1009,7,الأعراف,55,4,وخفيه,وخفية
1009,7,الأعراف,55,5,انه,إنه
1010,7,الأعراف,56,4,الارض,الأرض
1010,7,الأعراف,56,6,اصلاحها,إصلاحها
1010,7,الأعراف,56,10,ان,إن
1011,7,الأعراف,57,9,حتي,حتى
1011,7,الأعراف,57,10,اذا,إذا
1011,7,الأعراف,57,11,اقلت,أقلت
1011,7,الأعراف,57,17,فانزلنا,فأنزلنا
1011,7,الأعراف,57,20,فاخرجنا,فأخرجنا
1011,7,الأعراف,57,27,الموتي,الموتى
1012,7,الأعراف,58,5,باذن,بإذن
1012,7,الأعراف,58,11,الا,إلا
1012,7,الأعراف,58,15,الايات,الآيات
1013,7,الأعراف,59,2,ارسلنا,أرسلنا
1013,7,الأعراف,59,4,الي,إلى
1013,7,الأعراف,59,14,اله,إله
1013,7,الأعراف,59,16,اني,إني
1013,7,الأعراف,59,17,اخاف,أخاف
1014,7,الأعراف,60,2,الملا,الملأ
1014,7,الأعراف,60,5,انا,إنا
1015,7,الأعراف,61,6,ضلاله,ضلالة
1016,7,الأعراف,62,1,ابلغكم,أبلغكم
1016,7,الأعراف,62,4,وانصح,وأنصح
1016,7,الأعراف,62,6,واعلم,وأعلم
1017,7,الأعراف,63,1,اوعجبتم,أوعجبتم
1017,7,الأعراف,63,2,ان,أن
1017,7,الأعراف,63,7,علي,على
1018,7,الأعراف,64,2,فانجيناه,فأنجيناه
1018,7,الأعراف,64,7,واغرقنا,وأغرقنا
1018,7,الأعراف,64,10,باياتنا,بآياتنا
1018,7,الأعراف,64,11,انهم,إنهم
1019,7,الأعراف,65,1,والي,وإلى
1019,7,الأعراف,65,3,اخاهم,أخاهم
1019,7,الأعراف,65,13,اله,إله
1019,7,الأعراف,65,15,افلا,أفلا
1020,7,الأعراف,66,2,الملا,الملأ
1020,7,الأعراف,66,7,انا,إنا
1020,7,الأعراف,66,10,سفاهه,سفاهة
1020,7,الأعراف,66,11,وانا,وإنا
1021,7,الأعراف,67,6,سفاهه,سفاهة
1022,7,الأعراف,68,1,ابلغكم,أبلغكم
1022,7,الأعراف,68,4,وانا,وأنا
1022,7,الأعراف,68,7,امين,أمين
1023,7,الأعراف,69,1,اوعجبتم,أوعجبتم
1023,7,الأعراف,69,2,ان,أن
1023,7,الأعراف,69,7,علي,على
1023,7,الأعراف,69,12,اذ,إذ
1023,7,الأعراف,69,22,بسطه,بسطة
1023,7,الأعراف,69,24,الاء,آلاء
1024,7,الأعراف,70,2,اجيتنا,أجئتنا
1024,7,الأعراف,70,10,اباونا,آباؤنا
1024,7,الأعراف,70,11,فاتنا,فأتنا
1024,7,الأعراف,70,14,ان,إن
1025,7,الأعراف,71,9,اتجادلونني,أتجادلونني
1025,7,الأعراف,71,11,اسماء,أسماء
1025,7,الأعراف,71,13,انتم,أنتم
1025,7,الأعراف,71,14,واباوكم,وآباؤكم
1025,7,الأعراف,71,22,اني,إني
1026,7,الأعراف,72,1,فانجيناه,فأنجيناه
1026,7,الأعراف,72,4,برحمه,برحمة
1026,7,الأعراف,72,10,باياتنا,بآياتنا
1026,7,الأعراف,72,13,مومنين,مؤمنين
1027,7,الأعراف,73,1,والي,وإلى
1027,7,الأعراف,73,3,اخاهم,أخاهم
1027,7,الأعراف,73,13,اله,إله
1027,7,الأعراف,73,17,بينه,بينة
1027,7,الأعراف,73,21,ناقه,ناقة
1027,7,الأعراف,73,24,ايه,آية
1027,7,الأعراف,73,26,تاكل,تأكل
1027,7,الأعراف,73,28,ارض,أرض
1027,7,الأعراف,73,33,فياخذكم,فيأخذكم
1027,7,الأعراف,73,35,اليم,أليم
1028,7,الأعراف,74,2,اذ,إذ
1028,7,الأعراف,74,8,وبواكم,وبوأكم
1028,7,الأعراف,74,10,الارض,الأرض
1028,7,الأعراف,74,19,الاء,آلاء
1028,7,الأعراف,74,24,الارض,الأرض
1029,7,الأعراف,75,2,الملا,الملأ
1029,7,الأعراف,75,10,امن,آمن
1029,7,الأعراف,75,12,اتعلمون,أتعلمون
1029,7,الأعراف,75,13,ان,أن
1029,7,الأعراف,75,19,انا,إنا
1029,7,الأعراف,75,21,ارسل,أرسل
1029,7,الأعراف,75,23,مومنون,مؤمنون
1030,7,الأعراف,76,4,انا,إنا
1030,7,الأعراف,76,6,امنتم,آمنتم
1031,7,الأعراف,77,2,الناقه,الناقة
1031,7,الأعراف,77,5,امر,أمر
1031,7,الأعراف,77,10,ايتنا,ائتنا
1031,7,الأعراف,77,13,ان,إن
1032,7,الأعراف,78,1,فاخذتهم,فأخذتهم
1032,7,الأعراف,78,2,الرجفه,الرجفة
1032,7,الأعراف,78,3,فاصبحوا,فأصبحوا
1033,7,الأعراف,79,1,فتولي,فتولى
1033,7,الأعراف,79,7,ابلغتكم,أبلغتكم
1033,7,الأعراف,79,8,رساله,رسالة
1034,7,الأعراف,80,2,اذ,إذ
1034,7,الأعراف,80,5,اتاتون,أتأتون
1034,7,الأعراف,80,6,الفاحشه,الفاحشة
1034,7,الأعراف,80,11,احد,أحد
1035,7,الأعراف,81,1,انكم,إنكم
1035,7,الأعراف,81,2,لتاتون,لتأتون
1035,7,الأعراف,81,4,شهوه,شهوة
1035,7,الأعراف,81,9,انتم,أنتم
1036,7,الأعراف,82,5,الا,إلا
1036,7,الأعراف,82,6,ان,أن
1036,7,الأعراف,82,8,اخرجوهم,أخرجوهم
1036,7,الأعراف,82,11,انهم,إنهم
1036,7,الأعراف,82,12,اناس,أناس
1037,7,الأعراف,83,1,فانجيناه,فأنجيناه
1037,7,الأعراف,83,2,واهله,وأهله
1037,7,الأعراف,83,3,الا,إلا
1037,7,الأعراف,83,4,امراته,امرأته
1038,7,الأعراف,84,1,وامطرنا,وأمطرنا
1038,7,الأعراف,84,7,عاقبه,عاقبة
1039,7,الأعراف,85,1,والي,وإلى
1039,7,الأعراف,85,3,اخاهم,أخاهم
1039,7,الأعراف,85,13,اله,إله
1039,7,الأعراف,85,17,بينه,بينة
1039,7,الأعراف,85,20,فاوفوا,فأوفوا
1039,7,الأعراف,85,26,اشياءهم,أشياءهم
1039,7,الأعراف,85,30,الارض,الأرض
1039,7,الأعراف,85,32,اصلاحها,إصلاحها
1039,7,الأعراف,85,36,ان,إن
1039,7,الأعراف,85,38,مومنين,مؤمنين
1040,7,الأعراف,86,11,امن,آمن
1040,7,الأعراف,86,16,اذ,إذ
1040,7,الأعراف,86,23,عاقبه,عاقبة
1041,7,الأعراف,87,1,وان,وإن
1041,7,الأعراف,87,3,طايفه,طائفة
1041,7,الأعراف,87,5,امنوا,آمنوا
1041,7,الأعراف,87,7,ارسلت,أرسلت
1041,7,الأعراف,87,9,وطايفه,وطائفة
1041,7,الأعراف,87,11,يومنوا,يؤمنوا
1041,7,الأعراف,87,13,حتي,حتى
1042,7,الأعراف,88,2,الملا,الملأ
1042,7,الأعراف,88,11,امنوا,آمنوا
1042,7,الأعراف,88,15,او,أو
1042,7,الأعراف,88,20,اولو,أولو
1043,7,الأعراف,89,3,علي,على
1043,7,الأعراف,89,6,ان,إن
1043,7,الأعراف,89,11,اذ,إذ
1043,7,الأعراف,89,18,ان,أن
1043,7,الأعراف,89,21,الا,إلا
1043,7,الأعراف,89,22,ان,أن
1043,7,الأعراف,89,31,علي,على
1043,7,الأعراف,89,40,وانت,وأنت
1044,7,الأعراف,90,2,الملا,الملأ
1044,7,الأعراف,90,7,لين,لئن
1044,7,الأعراف,90,10,انكم,إنكم
1044,7,الأعراف,90,11,اذا,إذا
1045,7,الأعراف,91,1,فاخذتهم,فأخذتهم
1045,7,الأعراف,91,2,الرجفه,الرجفة
1045,7,الأعراف,91,3,فاصبحوا,فأصبحوا
1046,7,الأعراف,92,4,كان,كأن
1047,7,الأعراف,93,1,فتولي,فتولى
1047,7,الأعراف,93,7,ابلغتكم,أبلغتكم
1047,7,الأعراف,93,13,اسي,آسى
1047,7,الأعراف,93,14,علي,على
1048,7,الأعراف,94,2,ارسلنا,أرسلنا
1048,7,الأعراف,94,4,قريه,قرية
1048,7,الأعراف,94,7,الا,إلا
1048,7,الأعراف,94,8,اخذنا,أخذنا
1048,7,الأعراف,94,9,اهلها,أهلها
1048,7,الأعراف,94,10,بالباساء,بالبأساء
1049,7,الأعراف,95,4,السييه,السيئة
1049,7,الأعراف,95,5,الحسنه,الحسنة
1049,7,الأعراف,95,6,حتي,حتى
1049,7,الأعراف,95,11,اباءنا,آباءنا
1049,7,الأعراف,95,14,فاخذناهم,فأخذناهم
1049,7,الأعراف,95,15,بغته,بغتة
1050,7,الأعراف,96,2,ان,أن
1050,7,الأعراف,96,3,اهل,أهل
1050,7,الأعراف,96,4,القري,القرى
1050,7,الأعراف,96,5,امنوا,آمنوا
1050,7,الأعراف,96,12,والارض,والأرض
1050,7,الأعراف,96,15,فاخذناهم,فأخذناهم
1051,7,الأعراف,97,1,افامن,أفأمن
1051,7,الأعراف,97,2,اهل,أهل
1051,7,الأعراف,97,3,القري,القرى
1051,7,الأعراف,97,4,ان,أن
1051,7,الأعراف,97,5,ياتيهم,يأتيهم
1051,7,الأعراف,97,6,باسنا,بأسنا
1051,7,الأعراف,97,9,نايمون,نائمون
1052,7,الأعراف,98,1,اوامن,أوأمن
1052,7,الأعراف,98,2,اهل,أهل
1052,7,الأعراف,98,3,القري,القرى
1052,7,الأعراف,98,4,ان,أن
1052,7,الأعراف,98,5,ياتيهم,يأتيهم
1052,7,الأعراف,98,6,باسنا,بأسنا
1052,7,الأعراف,98,7,ضحي,ضحى
1053,7,الأعراف,99,1,افامنوا,أفأمنوا
1053,7,الأعراف,99,5,يامن,يأمن
1053,7,الأعراف,99,8,الا,إلا
1054,7,الأعراف,100,1,اولم,أولم
1054,7,الأعراف,100,5,الارض,الأرض
1054,7,الأعراف,100,8,اهلها,أهلها
1054,7,الأعراف,100,9,ان,أن
1054,7,الأعراف,100,12,اصبناهم,أصبناهم
1054,7,الأعراف,100,15,علي,على
1055,7,الأعراف,101,2,القري,القرى
1055,7,الأعراف,101,6,انبايها,أنبائها
1055,7,الأعراف,101,13,ليومنوا,ليؤمنوا
1055,7,الأعراف,101,21,علي,على
1056,7,الأعراف,102,3,لاكثرهم,لأكثرهم
1056,7,الأعراف,102,6,وان,وإن
1056,7,الأعراف,102,8,اكثرهم,أكثرهم
1057,7,الأعراف,103,5,موسي,موسى
1057,7,الأعراف,103,6,باياتنا,بآياتنا
1057,7,الأعراف,103,7,الي,إلى
1057,7,الأعراف,103,9,ومليه,وملئه
1057,7,الأعراف,103,15,عاقبه,عاقبة
1058,7,الأعراف,104,2,موسي,موسى
1058,7,الأعراف,104,5,اني,إني
1059,7,الأعراف,105,2,علي,على
1059,7,الأعراف,105,3,ان,أن
1059,7,الأعراف,105,5,اقول,أقول
1059,7,الأعراف,105,6,علي,على
1059,7,الأعراف,105,8,الا,إلا
1059,7,الأعراف,105,11,جيتكم,جئتكم
1059,7,الأعراف,105,12,ببينه,ببينة
1059,7,الأعراف,105,15,فارسل,فأرسل
1059,7,الأعراف,105,18,اسراييل,إسرائيل
1060,7,الأعراف,106,2,ان,إن
1060,7,الأعراف,106,4,جيت,جئت
1060,7,الأعراف,106,5,بايه,بآية
1060,7,الأعراف,106,6,فات,فأت
1060,7,الأعراف,106,8,ان,إن
1061,7,الأعراف,107,1,فالقي,فألقى
1061,7,الأعراف,107,3,فاذا,فإذا
1062,7,الأعراف,108,3,فاذا,فإذا
1063,7,الأعراف,109,2,الملا,الملأ
1063,7,الأعراف,109,6,ان,إن
1064,7,الأعراف,110,2,ان,أن
1064,7,الأعراف,110,5,ارضكم,أرضكم
1064,7,الأعراف,110,7,تامرون,تأمرون
1065,7,الأعراف,111,2,ارجه,أرجه
1065,7,الأعراف,111,3,واخاه,وأخاه
1065,7,الأعراف,111,4,وارسل,وأرسل
1065,7,الأعراف,111,6,المداين,المدائن
1066,7,الأعراف,112,1,ياتوك,يأتوك
1067,7,الأعراف,113,2,السحره,السحرة
1067,7,الأعراف,113,5,ان,إن
1067,7,الأعراف,113,7,لاجرا,لأجرا
1067,7,الأعراف,113,8,ان,إن
1068,7,الأعراف,114,3,وانكم,وإنكم
1069,7,الأعراف,115,3,موسي,موسى
1069,7,الأعراف,115,4,اما,إما
1069,7,الأعراف,115,5,ان,أن
1069,7,الأعراف,115,7,واما,وإما
1069,7,الأعراف,115,8,ان,أن
1070,7,الأعراف,116,2,القوا,ألقوا
1070,7,الأعراف,116,4,القوا,ألقوا
1070,7,الأعراف,116,6,اعين,أعين
1071,7,الأعراف,117,1,واوحينا,وأوحينا
1071,7,الأعراف,117,2,الي,إلى
1071,7,الأعراف,117,3,موسي,موسى
1071,7,الأعراف,117,4,ان,أن
1071,7,الأعراف,117,5,الق,ألق
1071,7,الأعراف,117,7,فاذا,فإذا
1071,7,الأعراف,117,11,يافكون,يأفكون
1074,7,الأعراف,120,1,والقي,وألقي
1074,7,الأعراف,120,2,السحره,السحرة
1075,7,الأعراف,121,2,امنا,آمنا
1076,7,الأعراف,122,2,موسي,موسى
1077,7,الأعراف,123,3,امنتم,آمنتم
1077,7,الأعراف,123,6,ان,أن
1077,7,الأعراف,123,7,اذن,آذن
1077,7,الأعراف,123,9,ان,إن
1077,7,الأعراف,123,14,المدينه,المدينة
1077,7,الأعراف,123,17,اهلها,أهلها
1078,7,الأعراف,124,1,لاقطعن,لأقطعن
1078,7,الأعراف,124,2,ايديكم,أيديكم
1078,7,الأعراف,124,3,وارجلكم,وأرجلكم
1078,7,الأعراف,124,7,لاصلبنكم,لأصلبنكم
1078,7,الأعراف,124,8,اجمعين,أجمعين
1079,7,الأعراف,125,2,انا,إنا
1079,7,الأعراف,125,3,الي,إلى
1080,7,الأعراف,126,4,الا,إلا
1080,7,الأعراف,126,5,ان,أن
1080,7,الأعراف,126,6,امنا,آمنا
1080,7,الأعراف,126,7,بايات,بآيات
1080,7,الأعراف,126,12,افرغ,أفرغ
1081,7,الأعراف,127,2,الملا,الملأ
1081,7,الأعراف,127,6,اتذر,أتذر
1081,7,الأعراف,127,7,موسي,موسى
1081,7,الأعراف,127,11,الارض,الأرض
1081,7,الأعراف,127,13,والهتك,وآلهتك
1081,7,الأعراف,127,16,ابناءهم,أبناءهم
1081,7,الأعراف,127,19,وانا,وإنا
1082,7,الأعراف,128,2,موسي,موسى
1082,7,الأعراف,128,7,ان,إن
1082,7,الأعراف,128,8,الارض,الأرض
1082,7,الأعراف,128,15,والعاقبه,والعاقبة
1083,7,الأعراف,129,2,اوذينا,أوذينا
1083,7,الأعراف,129,5,ان,أن
1083,7,الأعراف,129,6,تاتينا,تأتينا
1083,7,الأعراف,129,10,جيتنا,جئتنا
1083,7,الأعراف,129,12,عسي,عسى
1083,7,الأعراف,129,14,ان,أن
1083,7,الأعراف,129,19,الارض,الأرض
1084,7,الأعراف,130,2,اخذنا,أخذنا
1084,7,الأعراف,130,3,ال,آل
1085,7,الأعراف,131,1,فاذا,فإذا
1085,7,الأعراف,131,3,الحسنه,الحسنة
1085,7,الأعراف,131,7,وان,وإن
1085,7,الأعراف,131,9,سييه,سيئة
1085,7,الأعراف,131,11,بموسي,بموسى
1085,7,الأعراف,131,14,الا,ألا
1085,7,الأعراف,131,15,انما,إنما
1085,7,الأعراف,131,16,طايرهم,طائرهم
1085,7,الأعراف,131,20,اكثرهم,أكثرهم
1086,7,الأعراف,132,3,تاتنا,تأتنا
1086,7,الأعراف,132,6,ايه,آية
1086,7,الأعراف,132,12,بمومنين,بمؤمنين
1087,7,الأعراف,133,1,فارسلنا,فأرسلنا
1087,7,الأعراف,133,8,ايات,آيات
1088,7,الأعراف,134,7,موسي,موسى
1088,7,الأعراف,134,14,لين,لئن
1088,7,الأعراف,134,18,لنومنن,لنؤمنن
1088,7,الأعراف,134,23,اسراييل,إسرائيل
1089,7,الأعراف,135,5,الي,إلى
1089,7,الأعراف,135,6,اجل,أجل
1089,7,الأعراف,135,9,اذا,إذا
1090,7,الأعراف,136,3,فاغرقناهم,فأغرقناهم
1090,7,الأعراف,136,6,بانهم,بأنهم
1090,7,الأعراف,136,8,باياتنا,بآياتنا
1091,7,الأعراف,137,1,واورثنا,وأورثنا
1091,7,الأعراف,137,7,الارض,الأرض
1091,7,الأعراف,137,15,الحسني,الحسنى
1091,7,الأعراف,137,16,علي,على
1091,7,الأعراف,137,18,اسراييل,إسرائيل
1092,7,الأعراف,138,3,اسراييل,إسرائيل
1092,7,الأعراف,138,5,فاتوا,فأتوا
1092,7,الأعراف,138,6,علي,على
1092,7,الأعراف,138,9,علي,على
1092,7,الأعراف,138,10,اصنام,أصنام
1092,7,الأعراف,138,14,موسي,موسى
1092,7,الأعراف,138,17,الها,إلها
1092,7,الأعراف,138,20,الهه,آلهة
1092,7,الأعراف,138,22,انكم,إنكم
1093,7,الأعراف,139,1,ان,إن
1093,7,الأعراف,139,2,هولاء,هؤلاء
1094,7,الأعراف,140,2,اغير,أغير
1094,7,الأعراف,140,4,ابغيكم,أبغيكم
1094,7,الأعراف,140,5,الها,إلها
1094,7,الأعراف,140,8,علي,على
1095,7,الأعراف,141,1,واذ,وإذ
1095,7,الأعراف,141,2,انجيناكم,أنجيناكم
1095,7,الأعراف,141,4,ال,آل
1095,7,الأعراف,141,10,ابناءكم,أبناءكم
1096,7,الأعراف,142,2,موسي,موسى
1096,7,الأعراف,142,4,ليله,ليلة
1096,7,الأعراف,142,5,واتممناها,وأتممناها
1096,7,الأعراف,142,10,اربعين,أربعين
1096,7,الأعراف,142,11,ليله,ليلة
1096,7,الأعراف,142,13,موسي,موسى
1096,7,الأعراف,142,14,لاخيه,لأخيه
1096,7,الأعراف,142,19,واصلح,وأصلح
1097,7,الأعراف,143,3,موسي,موسى
1097,7,الأعراف,143,9,ارني,أرني
1097,7,الأعراف,143,10,انظر,أنظر
1097,7,الأعراف,143,11,اليك,إليك
1097,7,الأعراف,143,17,الي,إلى
1097,7,الأعراف,143,19,فان,فإن
1097,7,الأعراف,143,25,تجلي,تجلى
1097,7,الأعراف,143,31,موسي,موسى
1097,7,الأعراف,143,34,افاق,أفاق
1097,7,الأعراف,143,38,اليك,إليك
1097,7,الأعراف,143,39,وانا,وأنا
1097,7,الأعراف,143,40,اول,أول
1097,7,الأعراف,143,41,المومنين,المؤمنين
1098,7,الأعراف,144,3,موسي,موسى
1098,7,الأعراف,144,4,اني,إني
1098,7,الأعراف,144,6,علي,على
1098,7,الأعراف,144,12,اتيتك,آتيتك
1099,7,الأعراف,145,4,الالواح,الألواح
1099,7,الأعراف,145,8,موعظه,موعظة
1099,7,الأعراف,145,13,بقوه,بقوة
1099,7,الأعراف,145,14,وامر,وأمر
1099,7,الأعراف,145,16,ياخذوا,يأخذوا
1099,7,الأعراف,145,17,باحسنها,بأحسنها
1099,7,الأعراف,145,18,ساريكم,سأريكم
1100,7,الأعراف,146,1,ساصرف,سأصرف
1100,7,الأعراف,146,3,اياتي,آياتي
1100,7,الأعراف,146,7,الارض,الأرض
1100,7,الأعراف,146,10,وان,وإن
1100,7,الأعراف,146,13,ايه,آية
1100,7,الأعراف,146,15,يومنوا,يؤمنوا
1100,7,الأعراف,146,17,وان,وإن
1100,7,الأعراف,146,24,وان,وإن
1100,7,الأعراف,146,31,بانهم,بأنهم
1100,7,الأعراف,146,33,باياتنا,بآياتنا
1101,7,الأعراف,147,3,باياتنا,بآياتنا
1101,7,الأعراف,147,5,الاخره,الآخرة
1101,7,الأعراف,147,7,اعمالهم,أعمالهم
1101,7,الأعراف,147,10,الا,إلا
1102,7,الأعراف,148,3,موسي,موسى
1102,7,الأعراف,148,12,الم,ألم
1102,7,الأعراف,148,14,انه,أنه
1103,7,الأعراف,149,4,ايديهم,أيديهم
1103,7,الأعراف,149,5,وراوا,ورأوا
1103,7,الأعراف,149,6,انهم,أنهم
1103,7,الأعراف,149,10,لين,لئن
1104,7,الأعراف,150,3,موسي,موسى
1104,7,الأعراف,150,4,الي,إلى
1104,7,الأعراف,150,7,اسفا,أسفا
1104,7,الأعراف,150,9,بيسما,بئسما
1104,7,الأعراف,150,13,اعجلتم,أعجلتم
1104,7,الأعراف,150,14,امر,أمر
1104,7,الأعراف,150,16,والقي,وألقى
1104,7,الأعراف,150,17,الالواح,الألواح
1104,7,الأعراف,150,18,واخذ,وأخذ
1104,7,الأعراف,150,19,براس,برأس
1104,7,الأعراف,150,20,اخيه,أخيه
1104,7,الأعراف,150,22,اليه,إليه
1104,7,الأعراف,150,25,ام,أم
1104,7,الأعراف,150,26,ان,إن
1104,7,الأعراف,150,34,الاعداء,الأعداء
1105,7,الأعراف,151,5,ولاخي,ولأخي
1105,7,الأعراف,151,6,وادخلنا,وأدخلنا
1105,7,الأعراف,151,9,وانت,وأنت
1105,7,الأعراف,151,10,ارحم,أرحم
1106,7,الأعراف,152,1,ان,إن
1106,7,الأعراف,152,9,وذله,وذلة
1106,7,الأعراف,152,11,الحياه,الحياة
1107,7,الأعراف,153,3,السييات,السيئات
1107,7,الأعراف,153,8,وامنوا,وآمنوا
1107,7,الأعراف,153,9,ان,إن
1108,7,الأعراف,154,4,موسي,موسى
1108,7,الأعراف,154,6,اخذ,أخذ
1108,7,الأعراف,154,7,الالواح,الألواح
1108,7,الأعراف,154,10,هدي,هدى
1108,7,الأعراف,154,11,ورحمه,ورحمة
1109,7,الأعراف,155,2,موسي,موسى
1109,7,الأعراف,155,8,اخذتهم,أخذتهم
1109,7,الأعراف,155,9,الرجفه,الرجفة
1109,7,الأعراف,155,13,شيت,شئت
1109,7,الأعراف,155,14,اهلكتهم,أهلكتهم
1109,7,الأعراف,155,17,واياي,وإياي
1109,7,الأعراف,155,18,اتهلكنا,أتهلكنا
1109,7,الأعراف,155,23,ان,إن
1109,7,الأعراف,155,25,الا,إلا
1109,7,الأعراف,155,34,انت,أنت
1109,7,الأعراف,155,39,وانت,وأنت
1110,7,الأعراف,156,6,حسنه,حسنة
1110,7,الأعراف,156,8,الاخره,الآخرة
1110,7,الأعراف,156,9,انا,إنا
1110,7,الأعراف,156,11,اليك,إليك
1110,7,الأعراف,156,14,اصيب,أصيب
1110,7,الأعراف,156,17,اشاء,أشاء
1110,7,الأعراف,156,22,فساكتبها,فسأكتبها
1110,7,الأعراف,156,25,ويوتون,ويؤتون
1110,7,الأعراف,156,26,الزكاه,الزكاة
1110,7,الأعراف,156,29,باياتنا,بآياتنا
1110,7,الأعراف,156,30,يومنون,يؤمنون
1111,7,الأعراف,157,5,الامي,الأمي
1111,7,الأعراف,157,11,التوراه,التوراة
1111,7,الأعراف,157,12,والانجيل,والإنجيل
1111,7,الأعراف,157,13,يامرهم,يأمرهم
1111,7,الأعراف,157,23,الخبايث,الخبائث
1111,7,الأعراف,157,26,اصرهم,إصرهم
1111,7,الأعراف,157,27,والاغلال,والأغلال
1111,7,الأعراف,157,32,امنوا,آمنوا
1111,7,الأعراف,157,39,انزل,أنزل
1111,7,الأعراف,157,41,اوليك,أولئك
1112,7,الأعراف,158,3,ايها,أيها
1112,7,الأعراف,158,5,اني,إني
1112,7,الأعراف,158,8,اليكم,إليكم
1112,7,الأعراف,158,14,والارض,والأرض
1112,7,الأعراف,158,16,اله,إله
1112,7,الأعراف,158,17,الا,إلا
1112,7,الأعراف,158,21,فامنوا,فآمنوا
1112,7,الأعراف,158,25,الامي,الأمي
1112,7,الأعراف,158,27,يومن,يؤمن
1113,7,الأعراف,159,3,موسي,موسى
1113,7,الأعراف,159,4,امه,أمة
1114,7,الأعراف,160,3,عشره,عشرة
1114,7,الأعراف,160,4,اسباطا,أسباطا
1114,7,الأعراف,160,5,امما,أمما
1114,7,الأعراف,160,6,واوحينا,وأوحينا
1114,7,الأعراف,160,7,الي,إلى
1114,7,الأعراف,160,8,موسي,موسى
1114,7,الأعراف,160,9,اذ,إذ
1114,7,الأعراف,160,12,ان,أن
1114,7,الأعراف,160,19,عشره,عشرة
1114,7,الأعراف,160,24,اناس,أناس
1114,7,الأعراف,160,29,وانزلنا,وأنزلنا
1114,7,الأعراف,160,32,والسلوي,والسلوى
1114,7,الأعراف,160,42,انفسهم,أنفسهم
1115,7,الأعراف,161,1,واذ,وإذ
1115,7,الأعراف,161,6,القريه,القرية
1115,7,الأعراف,161,10,شيتم,شئتم
1115,7,الأعراف,161,12,حطه,حطة
1115,7,الأعراف,161,18,خطيياتكم,خطيئاتكم
1116,7,الأعراف,162,10,فارسلنا,فأرسلنا
1117,7,الأعراف,163,1,واسالهم,واسألهم
1117,7,الأعراف,163,3,القريه,القرية
1117,7,الأعراف,163,6,حاضره,حاضرة
1117,7,الأعراف,163,8,اذ,إذ
1117,7,الأعراف,163,12,اذ,إذ
1117,7,الأعراف,163,13,تاتيهم,تأتيهم
1117,7,الأعراف,163,22,تاتيهم,تأتيهم
1118,7,الأعراف,164,1,واذ,وإذ
1118,7,الأعراف,164,3,امه,أمة
1118,7,الأعراف,164,10,او,أو
1118,7,الأعراف,164,15,معذره,معذرة
1118,7,الأعراف,164,16,الي,إلى
1119,7,الأعراف,165,6,انجينا,أنجينا
1119,7,الأعراف,165,11,واخذنا,وأخذنا
1119,7,الأعراف,165,15,بييس,بئيس
1120,7,الأعراف,166,10,قرده,قردة
1120,7,الأعراف,166,11,خاسيين,خاسئين
1121,7,الأعراف,167,1,واذ,وإذ
1121,7,الأعراف,167,2,تاذن,تأذن
1121,7,الأعراف,167,6,الي,إلى
1121,7,الأعراف,167,8,القيامه,القيامة
1121,7,الأعراف,167,13,ان,إن
1121,7,الأعراف,167,17,وانه,وإنه
1122,7,الأعراف,168,3,الارض,الأرض
1122,7,الأعراف,168,4,امما,أمما
1122,7,الأعراف,168,12,والسييات,والسيئات
1123,7,الأعراف,169,7,ياخذون,يأخذون
1123,7,الأعراف,169,10,الادني,الأدنى
1123,7,الأعراف,169,14,وان,وإن
1123,7,الأعراف,169,15,ياتهم,يأتهم
1123,7,الأعراف,169,18,ياخذوه,يأخذوه
1123,7,الأعراف,169,19,الم,ألم
1123,7,الأعراف,169,20,يوخذ,يؤخذ
1123,7,الأعراف,169,24,ان,أن
1123,7,الأعراف,169,27,علي,على
1123,7,الأعراف,169,29,الا,إلا
1123,7,الأعراف,169,35,الاخره,الآخرة
1123,7,الأعراف,169,39,افلا,أفلا
1124,7,الأعراف,170,4,واقاموا,وأقاموا
1124,7,الأعراف,170,5,الصلاه,الصلاة
1124,7,الأعراف,170,6,انا,إنا
1124,7,الأعراف,170,9,اجر,أجر
1125,7,الأعراف,171,1,واذ,وإذ
1125,7,الأعراف,171,5,كانه,كأنه
1125,7,الأعراف,171,6,ظله,ظلة
1125,7,الأعراف,171,8,انه,أنه
1125,7,الأعراف,171,13,اتيناكم,آتيناكم
1125,7,الأعراف,171,14,بقوه,بقوة
1126,7,الأعراف,172,1,واذ,وإذ
1126,7,الأعراف,172,2,اخذ,أخذ
1126,7,الأعراف,172,6,ادم,آدم
1126,7,الأعراف,172,10,واشهدهم,وأشهدهم
1126,7,الأعراف,172,11,علي,على
1126,7,الأعراف,172,12,انفسهم,أنفسهم
1126,7,الأعراف,172,13,الست,ألست
1126,7,الأعراف,172,16,بلي,بلى
1126,7,الأعراف,172,18,ان,أن
1126,7,الأعراف,172,21,القيامه,القيامة
1126,7,الأعراف,172,22,انا,إنا
1127,7,الأعراف,173,1,او,أو
1127,7,الأعراف,173,3,انما,إنما
1127,7,الأعراف,173,4,اشرك,أشرك
1127,7,الأعراف,173,5,اباونا,آباؤنا
1127,7,الأعراف,173,9,ذريه,ذرية
1127,7,الأعراف,173,12,افتهلكنا,أفتهلكنا
1128,7,الأعراف,174,3,الايات,الآيات
1129,7,الأعراف,175,3,نبا,نبأ
1129,7,الأعراف,175,5,اتيناه,آتيناه
1129,7,الأعراف,175,6,اياتنا,آياتنا
1129,7,الأعراف,175,9,فاتبعه,فأتبعه
1130,7,الأعراف,176,2,شينا,شئنا
1130,7,الأعراف,176,6,اخلد,أخلد
1130,7,الأعراف,176,7,الي,إلى
1130,7,الأعراف,176,8,الارض,الأرض
1130,7,الأعراف,176,14,ان,إن
1130,7,الأعراف,176,18,او,أو
1130,7,الأعراف,176,26,باياتنا,بآياتنا
1131,7,الأعراف,177,6,باياتنا,بآياتنا
1131,7,الأعراف,177,7,وانفسهم,وأنفسهم
1132,7,الأعراف,178,8,فاوليك,فأولئك
1133,7,الأعراف,179,2,ذرانا,ذرأنا
1133,7,الأعراف,179,7,والانس,والإنس
1133,7,الأعراف,179,14,اعين,أعين
1133,7,الأعراف,179,19,اذان,آذان
1133,7,الأعراف,179,23,اوليك,أولئك
1133,7,الأعراف,179,24,كالانعام,كالأنعام
1133,7,الأعراف,179,27,اضل,أضل
1133,7,الأعراف,179,28,اوليك,أولئك
1134,7,الأعراف,180,2,الاسماء,الأسماء
1134,7,الأعراف,180,3,الحسني,الحسنى
1134,7,الأعراف,180,10,اسمايه,أسمائه
1135,7,الأعراف,181,3,امه,أمة
1136,7,الأعراف,182,3,باياتنا,بآياتنا
1137,7,الأعراف,183,1,واملي,وأملي
1137,7,الأعراف,183,3,ان,إن
1138,7,الأعراف,184,1,اولم,أولم
1138,7,الأعراف,184,6,جنه,جنة
1138,7,الأعراف,184,7,ان,إن
1138,7,الأعراف,184,9,الا,إلا
1139,7,الأعراف,185,1,اولم,أولم
1139,7,الأعراف,185,6,والارض,والأرض
1139,7,الأعراف,185,12,وان,وأن
1139,7,الأعراف,185,13,عسي,عسى
1139,7,الأعراف,185,14,ان,أن
1139,7,الأعراف,185,18,اجلهم,أجلهم
1139,7,الأعراف,185,19,فباي,فبأي
1139,7,الأعراف,185,22,يومنون,يؤمنون
1141,7,الأعراف,187,1,يسالونك,يسألونك
1141,7,الأعراف,187,3,الساعه,الساعة
1141,7,الأعراف,187,4,ايان,أيان
1141,7,الأعراف,187,7,انما,إنما
1141,7,الأعراف,187,14,الا,إلا
1141,7,الأعراف,187,19,والارض,والأرض
1141,7,الأعراف,187,21,تاتيكم,تأتيكم
1141,7,الأعراف,187,22,الا,إلا
1141,7,الأعراف,187,23,بغته,بغتة
1141,7,الأعراف,187,24,يسالونك,يسألونك
1141,7,الأعراف,187,25,كانك,كأنك
1141,7,الأعراف,187,29,انما,إنما
1141,7,الأعراف,187,34,اكثر,أكثر
1142,7,الأعراف,188,3,املك,أملك
1142,7,الأعراف,188,8,الا,إلا
1142,7,الأعراف,188,14,اعلم,أعلم
1142,7,الأعراف,188,22,ان,إن
1142,7,الأعراف,188,23,انا,أنا
1142,7,الأعراف,188,24,الا,إلا
1142,7,الأعراف,188,28,يومنون,يؤمنون
1143,7,الأعراف,189,6,واحده,واحدة
1143,7,الأعراف,189,11,اليها,إليها
1143,7,الأعراف,189,20,اثقلت,أثقلت
1143,7,الأعراف,189,24,لين,لئن
1143,7,الأعراف,189,25,اتيتنا,آتيتنا
1144,7,الأعراف,190,2,اتاهما,آتاهما
1144,7,الأعراف,190,8,اتاهما,آتاهما
1144,7,الأعراف,190,9,فتعالي,فتعالى
1145,7,الأعراف,191,1,ايشركون,أيشركون
1145,7,الأعراف,191,5,شييا,شيئا
1146,7,الأعراف,192,6,انفسهم,أنفسهم
1147,7,الأعراف,193,1,وان,وإن
1147,7,الأعراف,193,3,الي,إلى
1147,7,الأعراف,193,4,الهدي,الهدى
1147,7,الأعراف,193,9,ادعوتموهم,أدعوتموهم
1147,7,الأعراف,193,10,ام,أم
1147,7,الأعراف,193,11,انتم,أنتم
1148,7,الأعراف,194,1,ان,إن
1148,7,الأعراف,194,8,امثالكم,أمثالكم
1148,7,الأعراف,194,12,ان,إن
1149,7,الأعراف,195,1,الهم,ألهم
1149,7,الأعراف,195,2,ارجل,أرجل
1149,7,الأعراف,195,5,ام,أم
1149,7,الأعراف,195,7,ايد,أيد
1149,7,الأعراف,195,10,ام,أم
1149,7,الأعراف,195,12,اعين,أعين
1149,7,الأعراف,195,15,ام,أم
1149,7,الأعراف,195,17,اذان,آذان
1150,7,الأعراف,196,1,ان,إن
1150,7,الأعراف,196,8,يتولي,يتولى
1151,7,الأعراف,197,9,انفسهم,أنفسهم
1152,7,الأعراف,198,1,وان,وإن
1152,7,الأعراف,198,3,الي,إلى
1152,7,الأعراف,198,4,الهدي,الهدى
1152,7,الأعراف,198,9,اليك,إليك
1153,7,الأعراف,199,3,وامر,وأمر
1153,7,الأعراف,199,5,واعرض,وأعرض
1154,7,الأعراف,200,1,واما,وإما
1154,7,الأعراف,200,8,انه,إنه
1155,7,الأعراف,201,1,ان,إن
1155,7,الأعراف,201,4,اذا,إذا
1155,7,الأعراف,201,6,طايف,طائف
1155,7,الأعراف,201,10,فاذا,فإذا
1156,7,الأعراف,202,1,واخوانهم,وإخوانهم
1157,7,الأعراف,203,1,واذا,وإذا
1157,7,الأعراف,203,3,تاتهم,تأتهم
1157,7,الأعراف,203,4,بايه,بآية
1157,7,الأعراف,203,9,انما,إنما
1157,7,الأعراف,203,10,اتبع,أتبع
1157,7,الأعراف,203,12,يوحي,يوحى
1157,7,الأعراف,203,13,الي,إلي
1157,7,الأعراف,203,17,بصاير,بصائر
1157,7,الأعراف,203,20,وهدي,وهدى
1157,7,الأعراف,203,21,ورحمه,ورحمة
1157,7,الأعراف,203,23,يومنون,يؤمنون
1158,7,الأعراف,204,1,واذا,وإذا
1158,7,الأعراف,204,2,قري,قرئ
1158,7,الأعراف,204,3,القران,القرآن
1158,7,الأعراف,204,6,وانصتوا,وأنصتوا
1159,7,الأعراف,205,6,وخيفه,وخيفة
1159,7,الأعراف,205,12,والاصال,والآصال
1160,7,الأعراف,206,1,ان,إن
1161,8,الأنفال,1,5,يسالونك,يسألونك
1161,8,الأنفال,1,7,الانفال,الأنفال
1161,8,الأنفال,1,9,الانفال,الأنفال
1161,8,الأنفال,1,14,واصلحوا,وأصلحوا
1161,8,الأنفال,1,17,واطيعوا,وأطيعوا
1161,8,الأنفال,1,20,ان,إن
1161,8,الأنفال,1,22,مومنين,مؤمنين
1162,8,الأنفال,2,1,انما,إنما
1162,8,الأنفال,2,2,المومنون,المؤمنون
1162,8,الأنفال,2,4,اذا,إذا
1162,8,الأنفال,2,9,واذا,وإذا
1162,8,الأنفال,2,12,اياته,آياته
1162,8,الأنفال,2,14,ايمانا,إيمانا
1162,8,الأنفال,2,15,وعلي,وعلى
1163,8,الأنفال,3,3,الصلاه,الصلاة
1164,8,الأنفال,4,1,اوليك,أولئك
1164,8,الأنفال,4,3,المومنون,المؤمنون
1164,8,الأنفال,4,9,ومغفره,ومغفرة
1165,8,الأنفال,5,2,اخرجك,أخرجك
1165,8,الأنفال,5,7,وان,وإن
1165,8,الأنفال,5,10,المومنين,المؤمنين
1166,8,الأنفال,6,7,كانما,كأنما
1166,8,الأنفال,6,9,الي,إلى
1167,8,الأنفال,7,1,واذ,وإذ
1167,8,الأنفال,7,4,احدي,إحدى
1167,8,الأنفال,7,5,الطايفتين,الطائفتين
1167,8,الأنفال,7,6,انها,أنها
1167,8,الأنفال,7,9,ان,أن
1167,8,الأنفال,7,12,الشوكه,الشوكة
1167,8,الأنفال,7,17,ان,أن
1169,8,الأنفال,9,1,اذ,إذ
1169,8,الأنفال,9,6,اني,أني
1169,8,الأنفال,9,8,بالف,بألف
1169,8,الأنفال,9,10,الملايكه,الملائكة
1170,8,الأنفال,10,4,الا,إلا
1170,8,الأنفال,10,5,بشري,بشرى
1170,8,الأنفال,10,6,ولتطمين,ولتطمئن
1170,8,الأنفال,10,11,الا,إلا
1170,8,الأنفال,10,15,ان,إن
1171,8,الأنفال,11,1,اذ,إذ
1171,8,الأنفال,11,4,امنه,أمنة
1171,8,الأنفال,11,18,علي,على
1171,8,الأنفال,11,22,الاقدام,الأقدام
1172,8,الأنفال,12,1,اذ,إذ
1172,8,الأنفال,12,4,الي,إلى
1172,8,الأنفال,12,5,الملايكه,الملائكة
1172,8,الأنفال,12,6,اني,أني
1172,8,الأنفال,12,10,امنوا,آمنوا
1172,8,الأنفال,12,11,سالقي,سألقي
1172,8,الأنفال,12,19,الاعناق,الأعناق
1173,8,الأنفال,13,2,بانهم,بأنهم
1173,8,الأنفال,13,10,فان,فإن
1174,8,الأنفال,14,3,وان,وأن
1175,8,الأنفال,15,2,ايها,أيها
1175,8,الأنفال,15,4,امنوا,آمنوا
1175,8,الأنفال,15,5,اذا,إذا
1175,8,الأنفال,15,12,الادبار,الأدبار
1176,8,الأنفال,16,3,يوميذ,يومئذ
1176,8,الأنفال,16,5,الا,إلا
1176,8,الأنفال,16,8,او,أو
1176,8,الأنفال,16,10,الي,إلى
1176,8,الأنفال,16,11,فيه,فئة
1176,8,الأنفال,16,17,وماواه,ومأواه
1176,8,الأنفال,16,19,وبيس,وبئس
1177,8,الأنفال,17,8,اذ,إذ
1177,8,الأنفال,17,12,رمي,رمى
1177,8,الأنفال,17,14,المومنين,المؤمنين
1177,8,الأنفال,17,18,ان,إن
1178,8,الأنفال,18,2,وان,وأن
1179,8,الأنفال,19,1,ان,إن
1179,8,الأنفال,19,6,وان,وإن
1179,8,الأنفال,19,11,وان,وإن
1179,8,الأنفال,19,17,فيتكم,فئتكم
1179,8,الأنفال,19,18,شييا,شيئا
1179,8,الأنفال,19,21,وان,وأن
1179,8,الأنفال,19,24,المومنين,المؤمنين
1180,8,الأنفال,20,2,ايها,أيها
1180,8,الأنفال,20,4,امنوا,آمنوا
1180,8,الأنفال,20,5,اطيعوا,أطيعوا
1180,8,الأنفال,20,11,وانتم,وأنتم
1182,8,الأنفال,22,1,ان,إن
1183,8,الأنفال,23,6,لاسمعهم,لأسمعهم
1183,8,الأنفال,23,8,اسمعهم,أسمعهم
1184,8,الأنفال,24,2,ايها,أيها
1184,8,الأنفال,24,4,امنوا,آمنوا
1184,8,الأنفال,24,8,اذا,إذا
1184,8,الأنفال,24,13,ان,أن
1184,8,الأنفال,24,19,وانه,وأنه
1184,8,الأنفال,24,20,اليه,إليه
1185,8,الأنفال,25,2,فتنه,فتنة
1185,8,الأنفال,25,8,خاصه,خاصة
1185,8,الأنفال,25,10,ان,أن
1186,8,الأنفال,26,2,اذ,إذ
1186,8,الأنفال,26,3,انتم,أنتم
1186,8,الأنفال,26,7,الارض,الأرض
1186,8,الأنفال,26,9,ان,أن
1186,8,الأنفال,26,12,فاواكم,فآواكم
1186,8,الأنفال,26,13,وايدكم,وأيدكم
1187,8,الأنفال,27,2,ايها,أيها
1187,8,الأنفال,27,4,امنوا,آمنوا
1187,8,الأنفال,27,10,اماناتكم,أماناتكم
1187,8,الأنفال,27,11,وانتم,وأنتم
1188,8,الأنفال,28,2,انما,أنما
1188,8,الأنفال,28,3,اموالكم,أموالكم
1188,8,الأنفال,28,4,واولادكم,وأولادكم
1188,8,الأنفال,28,5,فتنه,فتنة
1188,8,الأنفال,28,6,وان,وأن
1188,8,الأنفال,28,9,اجر,أجر
1189,8,الأنفال,29,2,ايها,أيها
1189,8,الأنفال,29,4,امنوا,آمنوا
1189,8,الأنفال,29,5,ان,إن
1189,8,الأنفال,29,13,سيياتكم,سيئاتكم
1190,8,الأنفال,30,1,واذ,وإذ
1190,8,الأنفال,30,7,او,أو
1190,8,الأنفال,30,9,او,أو
1191,8,الأنفال,31,1,واذا,وإذا
1191,8,الأنفال,31,2,تتلي,تتلى
1191,8,الأنفال,31,4,اياتنا,آياتنا
1191,8,الأنفال,31,13,ان,إن
1191,8,الأنفال,31,15,الا,إلا
1191,8,الأنفال,31,16,اساطير,أساطير
1191,8,الأنفال,31,17,الاولين,الأولين
1192,8,الأنفال,32,1,واذ,وإذ
1192,8,الأنفال,32,4,ان,إن
1192,8,الأنفال,32,11,فامطر,فأمطر
1192,8,الأنفال,32,13,حجاره,حجارة
1192,8,الأنفال,32,16,او,أو
1192,8,الأنفال,32,17,ايتنا,ائتنا
1192,8,الأنفال,32,19,اليم,أليم
1193,8,الأنفال,33,5,وانت,وأنت
1194,8,الأنفال,34,3,الا,ألا
1194,8,الأنفال,34,13,اولياءه,أولياءه
1194,8,الأنفال,34,14,ان,إن
1194,8,الأنفال,34,15,اولياوه,أولياؤه
1194,8,الأنفال,34,16,الا,إلا
1194,8,الأنفال,34,19,اكثرهم,أكثرهم
1195,8,الأنفال,35,6,الا,إلا
1195,8,الأنفال,35,8,وتصديه,وتصدية
1196,8,الأنفال,36,1,ان,إن
1196,8,الأنفال,36,5,اموالهم,أموالهم
1196,8,الأنفال,36,14,حسره,حسرة
1196,8,الأنفال,36,19,الي,إلى
1197,8,الأنفال,37,9,علي,على
1197,8,الأنفال,37,16,اوليك,أولئك
1198,8,الأنفال,38,4,ان,إن
1198,8,الأنفال,38,11,وان,وإن
1198,8,الأنفال,38,16,الاولين,الأولين
1199,8,الأنفال,39,2,حتي,حتى
1199,8,الأنفال,39,5,فتنه,فتنة
1199,8,الأنفال,39,10,فان,فإن
1199,8,الأنفال,39,12,فان,فإن
1200,8,الأنفال,40,1,وان,وإن
1200,8,الأنفال,40,4,ان,أن
1200,8,الأنفال,40,8,المولي,المولى
1201,8,الأنفال,41,2,انما,أنما
1201,8,الأنفال,41,6,فان,فأن
1201,8,الأنفال,41,11,القربي,القربى
1201,8,الأنفال,41,12,واليتامي,واليتامى
1201,8,الأنفال,41,16,ان,إن
1201,8,الأنفال,41,18,امنتم,آمنتم
1201,8,الأنفال,41,21,انزلنا,أنزلنا
1201,8,الأنفال,41,22,علي,على
1201,8,الأنفال,41,27,التقي,التقى
1201,8,الأنفال,41,30,علي,على
1202,8,الأنفال,42,1,اذ,إذ
1202,8,الأنفال,42,2,انتم,أنتم
1202,8,الأنفال,42,3,بالعدوه,بالعدوة
1202,8,الأنفال,42,6,بالعدوه,بالعدوة
1202,8,الأنفال,42,7,القصوي,القصوى
1202,8,الأنفال,42,9,اسفل,أسفل
1202,8,الأنفال,42,19,امرا,أمرا
1202,8,الأنفال,42,26,بينه,بينة
1202,8,الأنفال,42,27,ويحيي,ويحيى
1202,8,الأنفال,42,31,بينه,بينة
1202,8,الأنفال,42,32,وان,وإن
1203,8,الأنفال,43,1,اذ,إذ
1203,8,الأنفال,43,8,اراكهم,أراكهم
1203,8,الأنفال,43,13,الامر,الأمر
1203,8,الأنفال,43,17,انه,إنه
1204,8,الأنفال,44,1,واذ,وإذ
1204,8,الأنفال,44,3,اذ,إذ
1204,8,الأنفال,44,6,اعينكم,أعينكم
1204,8,الأنفال,44,10,اعينهم,أعينهم
1204,8,الأنفال,44,13,امرا,أمرا
1204,8,الأنفال,44,16,والي,وإلى
1204,8,الأنفال,44,19,الامور,الأمور
1205,8,الأنفال,45,2,ايها,أيها
1205,8,الأنفال,45,4,امنوا,آمنوا
1205,8,الأنفال,45,5,اذا,إذا
1205,8,الأنفال,45,7,فيه,فئة
1206,8,الأنفال,46,1,واطيعوا,وأطيعوا
1206,8,الأنفال,46,10,ان,إن
1207,8,الأنفال,47,8,ورياء,ورئاء
1208,8,الأنفال,48,1,واذ,وإذ
1208,8,الأنفال,48,5,اعمالهم,أعمالهم
1208,8,الأنفال,48,13,واني,وإني
1208,8,الأنفال,48,18,الفيتان,الفئتان
1208,8,الأنفال,48,20,علي,على
1208,8,الأنفال,48,23,اني,إني
1208,8,الأنفال,48,26,اني,إني
1208,8,الأنفال,48,27,اري,أرى
1208,8,الأنفال,48,31,اني,إني
1208,8,الأنفال,48,32,اخاف,أخاف
1209,8,الأنفال,49,1,اذ,إذ
1209,8,الأنفال,49,9,هولاء,هؤلاء
1209,8,الأنفال,49,13,علي,على
1209,8,الأنفال,49,15,فان,فإن
1210,8,الأنفال,50,2,تري,ترى
1210,8,الأنفال,50,3,اذ,إذ
1210,8,الأنفال,50,4,يتوفي,يتوفى
1210,8,الأنفال,50,7,الملايكه,الملائكة
1210,8,الأنفال,50,10,وادبارهم,وأدبارهم
1211,8,الأنفال,51,4,ايديكم,أيديكم
1211,8,الأنفال,51,5,وان,وأن
1212,8,الأنفال,52,1,كداب,كدأب
1212,8,الأنفال,52,2,ال,آل
1212,8,الأنفال,52,8,بايات,بآيات
1212,8,الأنفال,52,10,فاخذهم,فأخذهم
1212,8,الأنفال,52,13,ان,إن
1213,8,الأنفال,53,2,بان,بأن
1213,8,الأنفال,53,7,نعمه,نعمة
1213,8,الأنفال,53,8,انعمها,أنعمها
1213,8,الأنفال,53,9,علي,على
1213,8,الأنفال,53,11,حتي,حتى
1213,8,الأنفال,53,14,بانفسهم,بأنفسهم
1213,8,الأنفال,53,15,وان,وأن
1214,8,الأنفال,54,1,كداب,كدأب
1214,8,الأنفال,54,2,ال,آل
1214,8,الأنفال,54,8,بايات,بآيات
1214,8,الأنفال,54,10,فاهلكناهم,فأهلكناهم
1214,8,الأنفال,54,12,واغرقنا,وأغرقنا
1214,8,الأنفال,54,13,ال,آل
1215,8,الأنفال,55,1,ان,إن
1215,8,الأنفال,55,10,يومنون,يؤمنون
1216,8,الأنفال,56,9,مره,مرة
1217,8,الأنفال,57,1,فاما,فإما
1218,8,الأنفال,58,1,واما,وإما
1218,8,الأنفال,58,5,خيانه,خيانة
1218,8,الأنفال,58,7,اليهم,إليهم
1218,8,الأنفال,58,8,علي,على
1218,8,الأنفال,58,10,ان,إن
1218,8,الأنفال,58,14,الخاينين,الخائنين
1219,8,الأنفال,59,6,انهم,إنهم
1220,8,الأنفال,60,1,واعدوا,وأعدوا
1220,8,الأنفال,60,6,قوه,قوة
1220,8,الأنفال,60,15,واخرين,وآخرين
1220,8,الأنفال,60,30,اليكم,إليكم
1220,8,الأنفال,60,31,وانتم,وأنتم
1221,8,الأنفال,61,1,وان,وإن
1221,8,الأنفال,61,7,علي,على
1221,8,الأنفال,61,9,انه,إنه
1222,8,الأنفال,62,1,وان,وإن
1222,8,الأنفال,62,3,ان,أن
1222,8,الأنفال,62,5,فان,فإن
1222,8,الأنفال,62,10,ايدك,أيدك
1222,8,الأنفال,62,12,وبالمومنين,وبالمؤمنين
1223,8,الأنفال,63,1,والف,وألف
1223,8,الأنفال,63,5,انفقت,أنفقت
1223,8,الأنفال,63,8,الارض,الأرض
1223,8,الأنفال,63,11,الفت,ألفت
1223,8,الأنفال,63,16,الف,ألف
1223,8,الأنفال,63,18,انه,إنه
1224,8,الأنفال,64,2,ايها,أيها
1224,8,الأنفال,64,9,المومنين,المؤمنين
1225,8,الأنفال,65,2,ايها,أيها
1225,8,الأنفال,65,5,المومنين,المؤمنين
1225,8,الأنفال,65,6,علي,على
1225,8,الأنفال,65,8,ان,إن
1225,8,الأنفال,65,14,مايتين,مائتين
1225,8,الأنفال,65,15,وان,وإن
1225,8,الأنفال,65,18,مايه,مائة
1225,8,الأنفال,65,20,الفا,ألفا
1225,8,الأنفال,65,24,بانهم,بأنهم
1226,8,الأنفال,66,1,الان,الآن
1226,8,الأنفال,66,6,ان,أن
1226,8,الأنفال,66,9,فان,فإن
1226,8,الأنفال,66,12,مايه,مائة
1226,8,الأنفال,66,13,صابره,صابرة
1226,8,الأنفال,66,15,مايتين,مائتين
1226,8,الأنفال,66,16,وان,وإن
1226,8,الأنفال,66,19,الف,ألف
1226,8,الأنفال,66,21,الفين,ألفين
1226,8,الأنفال,66,22,باذن,بإذن
1227,8,الأنفال,67,4,ان,أن
1227,8,الأنفال,67,7,اسري,أسرى
1227,8,الأنفال,67,8,حتي,حتى
1227,8,الأنفال,67,11,الارض,الأرض
1227,8,الأنفال,67,17,الاخره,الآخرة
1228,8,الأنفال,68,8,اخذتم,أخذتم
1229,8,الأنفال,69,8,ان,إن
1230,8,الأنفال,70,2,ايها,أيها
1230,8,الأنفال,70,7,ايديكم,أيديكم
1230,8,الأنفال,70,9,الاسري,الأسرى
1230,8,الأنفال,70,10,ان,إن
1230,8,الأنفال,70,16,يوتكم,يؤتكم
1230,8,الأنفال,70,19,اخذ,أخذ
1231,8,الأنفال,71,1,وان,وإن
1231,8,الأنفال,71,9,فامكن,فأمكن
1232,8,الأنفال,72,1,ان,إن
1232,8,الأنفال,72,3,امنوا,آمنوا
1232,8,الأنفال,72,6,باموالهم,بأموالهم
1232,8,الأنفال,72,7,وانفسهم,وأنفسهم
1232,8,الأنفال,72,12,اووا,آووا
1232,8,الأنفال,72,14,اوليك,أولئك
1232,8,الأنفال,72,16,اولياء,أولياء
1232,8,الأنفال,72,19,امنوا,آمنوا
1232,8,الأنفال,72,28,حتي,حتى
1232,8,الأنفال,72,30,وان,وإن
1232,8,الأنفال,72,36,الا,إلا
1232,8,الأنفال,72,37,علي,على
1233,8,الأنفال,73,4,اولياء,أولياء
1233,8,الأنفال,73,6,الا,إلا
1233,8,الأنفال,73,9,فتنه,فتنة
1233,8,الأنفال,73,11,الارض,الأرض
1234,8,الأنفال,74,2,امنوا,آمنوا
1234,8,الأنفال,74,9,اووا,آووا
1234,8,الأنفال,74,11,اوليك,أولئك
1234,8,الأنفال,74,13,المومنون,المؤمنون
1234,8,الأنفال,74,16,مغفره,مغفرة
1235,8,الأنفال,75,2,امنوا,آمنوا
1235,8,الأنفال,75,8,فاوليك,فأولئك
1235,8,الأنفال,75,10,واولو,وأولو
1235,8,الأنفال,75,11,الارحام,الأرحام
1235,8,الأنفال,75,13,اولي,أولى
1235,8,الأنفال,75,18,ان,إن
1236,9,التوبة,1,1,براءه,براءة
1236,9,التوبة,1,5,الي,إلى
1237,9,التوبة,2,3,الارض,الأرض
1237,9,التوبة,2,4,اربعه,أربعة
1237,9,التوبة,2,5,اشهر,أشهر
1237,9,التوبة,2,7,انكم,أنكم
1237,9,التوبة,2,11,وان,وأن
1238,9,التوبة,3,1,واذان,وأذان
1238,9,التوبة,3,5,الي,إلى
1238,9,التوبة,3,9,الاكبر,الأكبر
1238,9,التوبة,3,10,ان,أن
1238,9,التوبة,3,16,فان,فإن
1238,9,التوبة,3,21,وان,وإن
1238,9,التوبة,3,24,انكم,أنكم
1238,9,التوبة,3,32,اليم,أليم
1239,9,التوبة,4,1,الا,إلا
1239,9,التوبة,4,9,شييا,شيئا
1239,9,التوبة,4,13,احدا,أحدا
1239,9,التوبة,4,14,فاتموا,فأتموا
1239,9,التوبة,4,15,اليهم,إليهم
1239,9,التوبة,4,17,الي,إلى
1239,9,التوبة,4,19,ان,إن
1240,9,التوبة,5,1,فاذا,فإذا
1240,9,التوبة,5,3,الاشهر,الأشهر
1240,9,التوبة,5,15,فان,فإن
1240,9,التوبة,5,17,واقاموا,وأقاموا
1240,9,التوبة,5,18,الصلاه,الصلاة
1240,9,التوبة,5,19,واتوا,وآتوا
1240,9,التوبة,5,20,الزكاه,الزكاة
1240,9,التوبة,5,23,ان,إن
1241,9,التوبة,6,1,وان,وإن
1241,9,التوبة,6,2,احد,أحد
1241,9,التوبة,6,6,فاجره,فأجره
1241,9,التوبة,6,7,حتي,حتى
1241,9,التوبة,6,12,ابلغه,أبلغه
1241,9,التوبة,6,13,مامنه,مأمنه
1241,9,التوبة,6,15,بانهم,بأنهم
1242,9,التوبة,7,9,الا,إلا
1242,9,التوبة,7,20,ان,إن
1243,9,التوبة,8,2,وان,وإن
1243,9,التوبة,8,8,الا,إلا
1243,9,التوبة,8,10,ذمه,ذمة
1243,9,التوبة,8,12,بافواههم,بأفواههم
1243,9,التوبة,8,13,وتابي,وتأبى
1243,9,التوبة,8,15,واكثرهم,وأكثرهم
1244,9,التوبة,9,2,بايات,بآيات
1244,9,التوبة,9,9,انهم,إنهم
1245,9,التوبة,10,4,مومن,مؤمن
1245,9,التوبة,10,5,الا,إلا
1245,9,التوبة,10,7,ذمه,ذمة
1245,9,التوبة,10,8,واوليك,وأولئك
1246,9,التوبة,11,1,فان,فإن
1246,9,التوبة,11,3,واقاموا,وأقاموا
1246,9,التوبة,11,4,الصلاه,الصلاة
1246,9,التوبة,11,5,واتوا,وآتوا
1246,9,التوبة,11,6,الزكاه,الزكاة
1246,9,التوبة,11,7,فاخوانكم,فإخوانكم
1246,9,التوبة,11,11,الايات,الآيات
1247,9,التوبة,12,1,وان,وإن
1247,9,التوبة,12,3,ايمانهم,أيمانهم
1247,9,التوبة,12,11,ايمه,أئمة
1247,9,التوبة,12,13,انهم,إنهم
1247,9,التوبة,12,15,ايمان,أيمان
1248,9,التوبة,13,1,الا,ألا
1248,9,التوبة,13,5,ايمانهم,أيمانهم
1248,9,التوبة,13,7,باخراج,بإخراج
1248,9,التوبة,13,11,اول,أول
1248,9,التوبة,13,12,مره,مرة
1248,9,التوبة,13,13,اتخشونهم,أتخشونهم
1248,9,التوبة,13,15,احق,أحق
1248,9,التوبة,13,16,ان,أن
1248,9,التوبة,13,18,ان,إن
1248,9,التوبة,13,20,مومنين,مؤمنين
1249,9,التوبة,14,4,بايديكم,بأيديكم
1249,9,التوبة,14,11,مومنين,مؤمنين
1250,9,التوبة,15,6,علي,على
1251,9,التوبة,16,1,ام,أم
1251,9,التوبة,16,3,ان,أن
1251,9,التوبة,16,19,المومنين,المؤمنين
1251,9,التوبة,16,20,وليجه,وليجة
1252,9,التوبة,17,4,ان,أن
1252,9,التوبة,17,9,علي,على
1252,9,التوبة,17,10,انفسهم,أنفسهم
1252,9,التوبة,17,12,اوليك,أولئك
1252,9,التوبة,17,14,اعمالهم,أعمالهم
1253,9,التوبة,18,1,انما,إنما
1253,9,التوبة,18,6,امن,آمن
1253,9,التوبة,18,9,الاخر,الآخر
1253,9,التوبة,18,10,واقام,وأقام
1253,9,التوبة,18,11,الصلاه,الصلاة
1253,9,التوبة,18,12,واتي,وآتى
1253,9,التوبة,18,13,الزكاه,الزكاة
1253,9,التوبة,18,16,الا,إلا
1253,9,التوبة,18,18,فعسي,فعسى
1253,9,التوبة,18,19,اوليك,أولئك
1253,9,التوبة,18,20,ان,أن
1254,9,التوبة,19,1,اجعلتم,أجعلتم
1254,9,التوبة,19,2,سقايه,سقاية
1254,9,التوبة,19,4,وعماره,وعمارة
1254,9,التوبة,19,8,امن,آمن
1254,9,التوبة,19,11,الاخر,الآخر
1255,9,التوبة,20,2,امنوا,آمنوا
1255,9,التوبة,20,8,باموالهم,بأموالهم
1255,9,التوبة,20,9,وانفسهم,وأنفسهم
1255,9,التوبة,20,10,اعظم,أعظم
1255,9,التوبة,20,11,درجه,درجة
1255,9,التوبة,20,14,واوليك,وأولئك
1255,9,التوبة,20,16,الفايزون,الفائزون
1256,9,التوبة,21,3,برحمه,برحمة
1257,9,التوبة,22,3,ابدا,أبدا
1257,9,التوبة,22,4,ان,إن
1257,9,التوبة,22,7,اجر,أجر
1258,9,التوبة,23,2,ايها,أيها
1258,9,التوبة,23,4,امنوا,آمنوا
1258,9,التوبة,23,7,اباءكم,آباءكم
1258,9,التوبة,23,8,واخوانكم,وإخوانكم
1258,9,التوبة,23,9,اولياء,أولياء
1258,9,التوبة,23,10,ان,إن
1258,9,التوبة,23,13,علي,على
1258,9,التوبة,23,14,الايمان,الإيمان
1258,9,التوبة,23,18,فاوليك,فأولئك
1259,9,التوبة,24,2,ان,إن
1259,9,التوبة,24,4,اباوكم,آباؤكم
1259,9,التوبة,24,5,وابناوكم,وأبناؤكم
1259,9,التوبة,24,6,واخوانكم,وإخوانكم
1259,9,التوبة,24,7,وازواجكم,وأزواجكم
1259,9,التوبة,24,9,واموال,وأموال
1259,9,التوبة,24,11,وتجاره,وتجارة
1259,9,التوبة,24,16,احب,أحب
1259,9,التوبة,24,17,اليكم,إليكم
1259,9,التوبة,24,25,حتي,حتى
1259,9,التوبة,24,26,ياتي,يأتي
1259,9,التوبة,24,28,بامره,بأمره
1260,9,التوبة,25,6,كثيره,كثيرة
1260,9,التوبة,25,9,اذ,إذ
1260,9,التوبة,25,10,اعجبتكم,أعجبتكم
1260,9,التوبة,25,15,شييا,شيئا
1260,9,التوبة,25,18,الارض,الأرض
1261,9,التوبة,26,2,انزل,أنزل
1261,9,التوبة,26,5,علي,على
1261,9,التوبة,26,7,وعلي,وعلى
1261,9,التوبة,26,8,المومنين,المؤمنين
1261,9,التوبة,26,9,وانزل,وأنزل
1262,9,التوبة,27,7,علي,على
1263,9,التوبة,28,2,ايها,أيها
1263,9,التوبة,28,4,امنوا,آمنوا
1263,9,التوبة,28,5,انما,إنما
1263,9,التوبة,28,15,وان,وإن
1263,9,التوبة,28,17,عيله,عيلة
1263,9,التوبة,28,23,ان,إن
1263,9,التوبة,28,25,ان,إن
1264,9,التوبة,29,4,يومنون,يؤمنون
1264,9,التوبة,29,8,الاخر,الآخر
1264,9,التوبة,29,21,اوتوا,أوتوا
1264,9,التوبة,29,23,حتي,حتى
1264,9,التوبة,29,25,الجزيه,الجزية
1265,9,التوبة,30,7,النصاري,النصارى
1265,9,التوبة,30,13,بافواههم,بأفواههم
1265,9,التوبة,30,14,يضاهيون,يضاهئون
1265,9,التوبة,30,22,اني,أنى
1265,9,التوبة,30,23,يوفكون,يؤفكون
1266,9,التوبة,31,2,احبارهم,أحبارهم
1266,9,التوبة,31,4,اربابا,أربابا
1266,9,التوبة,31,12,امروا,أمروا
1266,9,التوبة,31,13,الا,إلا
1266,9,التوبة,31,15,الها,إلها
1266,9,التوبة,31,18,اله,إله
1266,9,التوبة,31,19,الا,إلا
1267,9,التوبة,32,2,ان,أن
1267,9,التوبة,32,3,يطفيوا,يطفئوا
1267,9,التوبة,32,6,بافواههم,بأفواههم
1267,9,التوبة,32,7,ويابي,ويأبى
1267,9,التوبة,32,9,الا,إلا
1267,9,التوبة,32,10,ان,أن
1268,9,التوبة,33,3,ارسل,أرسل
1268,9,التوبة,33,5,بالهدي,بالهدى
1268,9,التوبة,33,9,علي,على
1269,9,التوبة,34,2,ايها,أيها
1269,9,التوبة,34,4,امنوا,آمنوا
1269,9,التوبة,34,5,ان,إن
1269,9,التوبة,34,8,الاحبار,الأحبار
1269,9,التوبة,34,10,لياكلون,ليأكلون
1269,9,التوبة,34,11,اموال,أموال
1269,9,التوبة,34,21,والفضه,والفضة
1269,9,التوبة,34,29,اليم,أليم
1270,9,التوبة,35,2,يحمي,يحمى
1270,9,التوبة,35,7,فتكوي,فتكوى
1270,9,التوبة,35,15,لانفسكم,لأنفسكم
1271,9,التوبة,36,1,ان,إن
1271,9,التوبة,36,2,عده,عدة
1271,9,التوبة,36,15,والارض,والأرض
1271,9,التوبة,36,17,اربعه,أربعة
1271,9,التوبة,36,25,انفسكم,أنفسكم
1271,9,التوبة,36,28,كافه,كافة
1271,9,التوبة,36,31,كافه,كافة
1271,9,التوبة,36,33,ان,أن
1272,9,التوبة,37,1,انما,إنما
1272,9,التوبة,37,3,زياده,زيادة
1272,9,التوبة,37,14,ليواطيوا,ليواطئوا
1272,9,التوبة,37,15,عده,عدة
1272,9,التوبة,37,26,اعمالهم,أعمالهم
1273,9,التوبة,38,2,ايها,أيها
1273,9,التوبة,38,4,امنوا,آمنوا
1273,9,التوبة,38,7,اذا,إذا
1273,9,التوبة,38,15,الي,إلى
1273,9,التوبة,38,16,الارض,الأرض
1273,9,التوبة,38,17,ارضيتم,أرضيتم
1273,9,التوبة,38,18,بالحياه,بالحياة
1273,9,التوبة,38,21,الاخره,الآخرة
1273,9,التوبة,38,24,الحياه,الحياة
1273,9,التوبة,38,27,الاخره,الآخرة
1273,9,التوبة,38,28,الا,إلا
1274,9,التوبة,39,1,الا,إلا
1274,9,التوبة,39,5,اليما,أليما
1274,9,التوبة,39,11,شييا,شيئا
1274,9,التوبة,39,13,علي,على
1275,9,التوبة,40,1,الا,إلا
1275,9,التوبة,40,6,اذ,إذ
1275,9,التوبة,40,7,اخرجه,أخرجه
1275,9,التوبة,40,12,اذ,إذ
1275,9,التوبة,40,16,اذ,إذ
1275,9,التوبة,40,21,ان,إن
1275,9,التوبة,40,24,فانزل,فأنزل
1275,9,التوبة,40,28,وايده,وأيده
1275,9,التوبة,40,33,كلمه,كلمة
1275,9,التوبة,40,36,السفلي,السفلى
1275,9,التوبة,40,37,وكلمه,وكلمة
1276,9,التوبة,41,5,باموالكم,بأموالكم
1276,9,التوبة,41,6,وانفسكم,وأنفسكم
1276,9,التوبة,41,13,ان,إن
1277,9,التوبة,42,11,الشقه,الشقة
1277,9,التوبة,42,19,انفسهم,أنفسهم
1277,9,التوبة,42,22,انهم,إنهم
1278,9,التوبة,43,5,اذنت,أذنت
1278,9,التوبة,43,7,حتي,حتى
1279,9,التوبة,44,2,يستاذنك,يستأذنك
1279,9,التوبة,44,4,يومنون,يؤمنون
1279,9,التوبة,44,7,الاخر,الآخر
1279,9,التوبة,44,8,ان,أن
1279,9,التوبة,44,10,باموالهم,بأموالهم
1279,9,التوبة,44,11,وانفسهم,وأنفسهم
1280,9,التوبة,45,1,انما,إنما
1280,9,التوبة,45,2,يستاذنك,يستأذنك
1280,9,التوبة,45,5,يومنون,يؤمنون
1280,9,التوبة,45,8,الاخر,الآخر
1281,9,التوبة,46,2,ارادوا,أرادوا
1281,9,التوبة,46,4,لاعدوا,لأعدوا
1281,9,التوبة,46,6,عده,عدة
1282,9,التوبة,47,6,الا,إلا
1282,9,التوبة,47,8,ولاوضعوا,ولأوضعوا
1282,9,التوبة,47,11,الفتنه,الفتنة
1283,9,التوبة,48,3,الفتنه,الفتنة
1283,9,التوبة,48,8,الامور,الأمور
1283,9,التوبة,48,9,حتي,حتى
1283,9,التوبة,48,13,امر,أمر
1284,9,التوبة,49,4,ايذن,ائذن
1284,9,التوبة,49,8,الا,ألا
1284,9,التوبة,49,10,الفتنه,الفتنة
1284,9,التوبة,49,12,وان,وإن
1284,9,التوبة,49,14,لمحيطه,لمحيطة
1285,9,التوبة,50,1,ان,إن
1285,9,التوبة,50,3,حسنه,حسنة
1285,9,التوبة,50,4,تسوهم,تسؤهم
1285,9,التوبة,50,5,وان,وإن
1285,9,التوبة,50,7,مصيبه,مصيبة
1285,9,التوبة,50,10,اخذنا,أخذنا
1285,9,التوبة,50,11,امرنا,أمرنا
1286,9,التوبة,51,4,الا,إلا
1286,9,التوبة,51,11,وعلي,وعلى
1286,9,التوبة,51,14,المومنون,المؤمنون
1287,9,التوبة,52,5,الا,إلا
1287,9,التوبة,52,6,احدي,إحدى
1287,9,التوبة,52,11,ان,أن
1287,9,التوبة,52,17,او,أو
1287,9,التوبة,52,18,بايدينا,بأيدينا
1287,9,التوبة,52,20,انا,إنا
1288,9,التوبة,53,2,انفقوا,أنفقوا
1288,9,التوبة,53,4,او,أو
1288,9,التوبة,53,9,انكم,إنكم
1289,9,التوبة,54,3,ان,أن
1289,9,التوبة,54,7,الا,إلا
1289,9,التوبة,54,8,انهم,أنهم
1289,9,التوبة,54,13,ياتون,يأتون
1289,9,التوبة,54,14,الصلاه,الصلاة
1289,9,التوبة,54,15,الا,إلا
1289,9,التوبة,54,17,كسالي,كسالى
1289,9,التوبة,54,20,الا,إلا
1290,9,التوبة,55,3,اموالهم,أموالهم
1290,9,التوبة,55,5,اولادهم,أولادهم
1290,9,التوبة,55,6,انما,إنما
1290,9,التوبة,55,12,الحياه,الحياة
1290,9,التوبة,55,15,انفسهم,أنفسهم
1291,9,التوبة,56,3,انهم,إنهم
1292,9,التوبة,57,3,ملجا,ملجأ
1292,9,التوبة,57,4,او,أو
1292,9,التوبة,57,6,او,أو
1292,9,التوبة,57,9,اليه,إليه
1293,9,التوبة,58,6,فان,فإن
1293,9,التوبة,58,7,اعطوا,أعطوا
1293,9,التوبة,58,10,وان,وإن
1293,9,التوبة,58,14,اذا,إذا
1294,9,التوبة,59,2,انهم,أنهم
1294,9,التوبة,59,5,اتاهم,آتاهم
1294,9,التوبة,59,11,سيوتينا,سيؤتينا
1294,9,التوبة,59,16,انا,إنا
1294,9,التوبة,59,17,الي,إلى
1295,9,التوبة,60,1,انما,إنما
1295,9,التوبة,60,7,والمولفه,والمؤلفة
1295,9,التوبة,60,17,فريضه,فريضة
1296,9,التوبة,61,3,يوذون,يؤذون
1296,9,التوبة,61,7,اذن,أذن
1296,9,التوبة,61,9,اذن,أذن
1296,9,التوبة,61,12,يومن,يؤمن
1296,9,التوبة,61,14,ويومن,ويؤمن
1296,9,التوبة,61,15,للمومنين,للمؤمنين
1296,9,التوبة,61,16,ورحمه,ورحمة
1296,9,التوبة,61,18,امنوا,آمنوا
1296,9,التوبة,61,21,يوذون,يؤذون
1296,9,التوبة,61,26,اليم,أليم
1297,9,التوبة,62,7,احق,أحق
1297,9,التوبة,62,8,ان,أن
1297,9,التوبة,62,10,ان,إن
1297,9,التوبة,62,12,مومنين,مؤمنين
1298,9,التوبة,63,1,الم,ألم
1298,9,التوبة,63,3,انه,أنه
1298,9,التوبة,63,8,فان,فأن
1299,9,التوبة,64,3,ان,أن
1299,9,التوبة,64,6,سوره,سورة
1299,9,التوبة,64,7,تنبيهم,تنبئهم
1299,9,التوبة,64,12,استهزيوا,استهزئوا
1299,9,التوبة,64,13,ان,إن
1300,9,التوبة,65,1,ولين,ولئن
1300,9,التوبة,65,2,سالتهم,سألتهم
1300,9,التوبة,65,4,انما,إنما
1300,9,التوبة,65,9,ابالله,أبالله
1300,9,التوبة,65,10,واياته,وآياته
1300,9,التوبة,65,13,تستهزيون,تستهزئون
1301,9,التوبة,66,6,ايمانكم,إيمانكم
1301,9,التوبة,66,7,ان,إن
1301,9,التوبة,66,10,طايفه,طائفة
1301,9,التوبة,66,13,طايفه,طائفة
1301,9,التوبة,66,14,بانهم,بأنهم
1302,9,التوبة,67,6,يامرون,يأمرون
1302,9,التوبة,67,12,ايديهم,أيديهم
1302,9,التوبة,67,16,ان,إن
1304,9,التوبة,69,5,اشد,أشد
1304,9,التوبة,69,7,قوه,قوة
1304,9,التوبة,69,8,واكثر,وأكثر
1304,9,التوبة,69,9,اموالا,أموالا
1304,9,التوبة,69,10,واولادا,وأولادا
1304,9,التوبة,69,24,اوليك,أولئك
1304,9,التوبة,69,26,اعمالهم,أعمالهم
1304,9,التوبة,69,29,والاخره,والآخرة
1304,9,التوبة,69,30,واوليك,وأولئك
1305,9,التوبة,70,1,الم,ألم
1305,9,التوبة,70,2,ياتهم,يأتهم
1305,9,التوبة,70,3,نبا,نبأ
1305,9,التوبة,70,12,ابراهيم,إبراهيم
1305,9,التوبة,70,13,واصحاب,وأصحاب
1305,9,التوبة,70,15,والموتفكات,والمؤتفكات
1305,9,التوبة,70,16,اتتهم,أتتهم
1305,9,التوبة,70,25,انفسهم,أنفسهم
1306,9,التوبة,71,1,والمومنون,والمؤمنون
1306,9,التوبة,71,2,والمومنات,والمؤمنات
1306,9,التوبة,71,4,اولياء,أولياء
1306,9,التوبة,71,6,يامرون,يأمرون
1306,9,التوبة,71,12,الصلاه,الصلاة
1306,9,التوبة,71,13,ويوتون,ويؤتون
1306,9,التوبة,71,14,الزكاه,الزكاة
1306,9,التوبة,71,18,اوليك,أولئك
1306,9,التوبة,71,21,ان,إن
1307,9,التوبة,72,3,المومنين,المؤمنين
1307,9,التوبة,72,4,والمومنات,والمؤمنات
1307,9,التوبة,72,9,الانهار,الأنهار
1307,9,التوبة,72,13,طيبه,طيبة
1307,9,التوبة,72,20,اكبر,أكبر
1308,9,التوبة,73,2,ايها,أيها
1308,9,التوبة,73,9,وماواهم,ومأواهم
1308,9,التوبة,73,11,وبيس,وبئس
1309,9,التوبة,74,7,كلمه,كلمة
1309,9,التوبة,74,11,اسلامهم,إسلامهم
1309,9,التوبة,74,18,الا,إلا
1309,9,التوبة,74,19,ان,أن
1309,9,التوبة,74,20,اغناهم,أغناهم
1309,9,التوبة,74,25,فان,فإن
1309,9,التوبة,74,30,وان,وإن
1309,9,التوبة,74,35,اليما,أليما
1309,9,التوبة,74,38,والاخره,والآخرة
1309,9,التوبة,74,42,الارض,الأرض
1310,9,التوبة,75,5,لين,لئن
1310,9,التوبة,75,6,اتانا,آتانا
1311,9,التوبة,76,2,اتاهم,آتاهم
1312,9,التوبة,77,1,فاعقبهم,فأعقبهم
1312,9,التوبة,77,5,الي,إلى
1312,9,التوبة,77,9,اخلفوا,أخلفوا
1313,9,التوبة,78,1,الم,ألم
1313,9,التوبة,78,3,ان,أن
1313,9,التوبة,78,8,وان,وأن
1314,9,التوبة,79,5,المومنين,المؤمنين
1314,9,التوبة,79,11,الا,إلا
1314,9,التوبة,79,20,اليم,أليم
1315,9,التوبة,80,3,او,أو
1315,9,التوبة,80,7,ان,إن
1315,9,التوبة,80,11,مره,مرة
1315,9,التوبة,80,17,بانهم,بأنهم
1316,9,التوبة,81,8,ان,أن
1316,9,التوبة,81,10,باموالهم,بأموالهم
1316,9,التوبة,81,11,وانفسهم,وأنفسهم
1316,9,التوبة,81,23,اشد,أشد
1318,9,التوبة,83,1,فان,فإن
1318,9,التوبة,83,4,الي,إلى
1318,9,التوبة,83,5,طايفه,طائفة
1318,9,التوبة,83,7,فاستاذنوك,فاستأذنوك
1318,9,التوبة,83,13,ابدا,أبدا
1318,9,التوبة,83,18,انكم,إنكم
1318,9,التوبة,83,21,اول,أول
1318,9,التوبة,83,22,مره,مرة
1319,9,التوبة,84,3,علي,على
1319,9,التوبة,84,4,احد,أحد
1319,9,التوبة,84,7,ابدا,أبدا
1319,9,التوبة,84,10,علي,على
1319,9,التوبة,84,12,انهم,إنهم
1320,9,التوبة,85,3,اموالهم,أموالهم
1320,9,التوبة,85,4,واولادهم,وأولادهم
1320,9,التوبة,85,5,انما,إنما
1320,9,التوبة,85,8,ان,أن
1320,9,التوبة,85,14,انفسهم,أنفسهم
1321,9,التوبة,86,1,واذا,وإذا
1321,9,التوبة,86,2,انزلت,أنزلت
1321,9,التوبة,86,3,سوره,سورة
1321,9,التوبة,86,4,ان,أن
1321,9,التوبة,86,5,امنوا,آمنوا
1321,9,التوبة,86,10,استاذنك,استأذنك
1321,9,التوبة,86,11,اولو,أولو
1322,9,التوبة,87,2,بان,بأن
1322,9,التوبة,87,7,علي,على
1323,9,التوبة,88,4,امنوا,آمنوا
1323,9,التوبة,88,7,باموالهم,بأموالهم
1323,9,التوبة,88,8,وانفسهم,وأنفسهم
1323,9,التوبة,88,9,واوليك,وأولئك
1323,9,التوبة,88,12,واوليك,وأولئك
1324,9,التوبة,89,1,اعد,أعد
1324,9,التوبة,89,8,الانهار,الأنهار
1325,9,التوبة,90,4,الاعراب,الأعراب
1325,9,التوبة,90,5,ليوذن,ليؤذن
1325,9,التوبة,90,17,اليم,أليم
1326,9,التوبة,91,2,علي,على
1326,9,التوبة,91,5,علي,على
1326,9,التوبة,91,6,المرضي,المرضى
1326,9,التوبة,91,8,علي,على
1326,9,التوبة,91,15,اذا,إذا
1326,9,التوبة,91,20,علي,على
1327,9,التوبة,92,2,علي,على
1327,9,التوبة,92,4,اذا,إذا
1327,9,التوبة,92,6,اتوك,أتوك
1327,9,التوبة,92,10,اجد,أجد
1327,9,التوبة,92,12,احملكم,أحملكم
1327,9,التوبة,92,15,واعينهم,وأعينهم
1327,9,التوبة,92,20,الا,ألا
1328,9,التوبة,93,1,انما,إنما
1328,9,التوبة,93,3,علي,على
1328,9,التوبة,93,5,يستاذنونك,يستأذنونك
1328,9,التوبة,93,7,اغنياء,أغنياء
1328,9,التوبة,93,9,بان,بأن
1328,9,التوبة,93,15,علي,على
1329,9,التوبة,94,2,اليكم,إليكم
1329,9,التوبة,94,3,اذا,إذا
1329,9,التوبة,94,5,اليهم,إليهم
1329,9,التوبة,94,10,نومن,نؤمن
1329,9,التوبة,94,13,نبانا,نبأنا
1329,9,التوبة,94,16,اخباركم,أخباركم
1329,9,التوبة,94,17,وسيري,وسيرى
1329,9,التوبة,94,23,الي,إلى
1329,9,التوبة,94,26,والشهاده,والشهادة
1329,9,التوبة,94,27,فينبيكم,فينبئكم
1330,9,التوبة,95,4,اذا,إذا
1330,9,التوبة,95,6,اليهم,إليهم
1330,9,التوبة,95,9,فاعرضوا,فأعرضوا
1330,9,التوبة,95,11,انهم,إنهم
1330,9,التوبة,95,13,وماواهم,ومأواهم
1331,9,التوبة,96,5,فان,فإن
1331,9,التوبة,96,8,فان,فإن
1331,9,التوبة,96,11,يرضي,يرضى
1332,9,التوبة,97,1,الاعراب,الأعراب
1332,9,التوبة,97,2,اشد,أشد
1332,9,التوبة,97,5,واجدر,وأجدر
1332,9,التوبة,97,6,الا,ألا
1332,9,التوبة,97,10,انزل,أنزل
1332,9,التوبة,97,12,علي,على
1333,9,التوبة,98,2,الاعراب,الأعراب
1333,9,التوبة,98,10,الدواير,الدوائر
1333,9,التوبة,98,12,دايره,دائرة
1334,9,التوبة,99,2,الاعراب,الأعراب
1334,9,التوبة,99,4,يومن,يؤمن
1334,9,التوبة,99,7,الاخر,الآخر
1334,9,التوبة,99,16,الا,ألا
1334,9,التوبة,99,17,انها,إنها
1334,9,التوبة,99,18,قربه,قربة
1334,9,التوبة,99,24,ان,إن
1335,9,التوبة,100,2,الاولون,الأولون
1335,9,التوبة,100,5,والانصار,والأنصار
1335,9,التوبة,100,8,باحسان,بإحسان
1335,9,التوبة,100,14,واعد,وأعد
1335,9,التوبة,100,19,الانهار,الأنهار
1335,9,التوبة,100,22,ابدا,أبدا
1336,9,التوبة,101,4,الاعراب,الأعراب
1336,9,التوبة,101,7,اهل,أهل
1336,9,التوبة,101,8,المدينه,المدينة
1336,9,التوبة,101,10,علي,على
1336,9,التوبة,101,20,الي,إلى
1337,9,التوبة,102,1,واخرون,وآخرون
1337,9,التوبة,102,7,واخر,وآخر
1337,9,التوبة,102,8,سييا,سيئا
1337,9,التوبة,102,9,عسي,عسى
1337,9,التوبة,102,11,ان,أن
1337,9,التوبة,102,14,ان,إن
1338,9,التوبة,103,3,اموالهم,أموالهم
1338,9,التوبة,103,4,صدقه,صدقة
1338,9,التوبة,103,10,ان,إن
1339,9,التوبة,104,1,الم,ألم
1339,9,التوبة,104,3,ان,أن
1339,9,التوبة,104,7,التوبه,التوبة
1339,9,التوبة,104,10,وياخذ,ويأخذ
1339,9,التوبة,104,12,وان,وأن
1340,9,التوبة,105,3,فسيري,فسيرى
1340,9,التوبة,105,7,والمومنون,والمؤمنون
1340,9,التوبة,105,9,الي,إلى
1340,9,التوبة,105,12,والشهاده,والشهادة
1340,9,التوبة,105,13,فينبيكم,فينبئكم
1341,9,التوبة,106,1,واخرون,وآخرون
1341,9,التوبة,106,3,لامر,لأمر
1341,9,التوبة,106,5,اما,إما
1341,9,التوبة,106,7,واما,وإما
1342,9,التوبة,107,8,المومنين,المؤمنين
1342,9,التوبة,107,9,وارصادا,وإرصادا
1342,9,التوبة,107,17,ان,إن
1342,9,التوبة,107,18,اردنا,أردنا
1342,9,التوبة,107,19,الا,إلا
1342,9,التوبة,107,20,الحسني,الحسنى
1342,9,التوبة,107,23,انهم,إنهم
1343,9,التوبة,108,4,ابدا,أبدا
1343,9,التوبة,108,6,اسس,أسس
1343,9,التوبة,108,7,علي,على
1343,9,التوبة,108,8,التقوي,التقوى
1343,9,التوبة,108,10,اول,أول
1343,9,التوبة,108,12,احق,أحق
1343,9,التوبة,108,13,ان,أن
1343,9,التوبة,108,19,ان,أن
1344,9,التوبة,109,1,افمن,أفمن
1344,9,التوبة,109,2,اسس,أسس
1344,9,التوبة,109,4,علي,على
1344,9,التوبة,109,5,تقوي,تقوى
1344,9,التوبة,109,10,ام,أم
1344,9,التوبة,109,12,اسس,أسس
1344,9,التوبة,109,14,علي,على
1345,9,التوبة,110,6,ريبه,ريبة
1345,9,التوبة,110,9,الا,إلا
1345,9,التوبة,110,10,ان,أن
1346,9,التوبة,111,1,ان,إن
1346,9,التوبة,111,3,اشتري,اشترى
1346,9,التوبة,111,5,المومنين,المؤمنين
1346,9,التوبة,111,6,انفسهم,أنفسهم
1346,9,التوبة,111,7,واموالهم,وأموالهم
1346,9,التوبة,111,8,بان,بأن
1346,9,التوبة,111,10,الجنه,الجنة
1346,9,التوبة,111,21,التوراه,التوراة
1346,9,التوبة,111,22,والانجيل,والإنجيل
1346,9,التوبة,111,23,والقران,والقرآن
1346,9,التوبة,111,25,اوفي,أوفى
1347,9,التوبة,112,1,التايبون,التائبون
1347,9,التوبة,112,4,السايحون,السائحون
1347,9,التوبة,112,7,الامرون,الآمرون
1347,9,التوبة,112,16,المومنين,المؤمنين
1348,9,التوبة,113,5,امنوا,آمنوا
1348,9,التوبة,113,6,ان,أن
1348,9,التوبة,113,11,اولي,أولي
1348,9,التوبة,113,12,قربي,قربى
1348,9,التوبة,113,18,انهم,أنهم
1348,9,التوبة,113,19,اصحاب,أصحاب
1349,9,التوبة,114,4,ابراهيم,إبراهيم
1349,9,التوبة,114,5,لابيه,لأبيه
1349,9,التوبة,114,6,الا,إلا
1349,9,التوبة,114,8,موعده,موعدة
1349,9,التوبة,114,10,اياه,إياه
1349,9,التوبة,114,14,انه,أنه
1349,9,التوبة,114,17,تبرا,تبرأ
1349,9,التوبة,114,19,ان,إن
1349,9,التوبة,114,20,ابراهيم,إبراهيم
1349,9,التوبة,114,21,لاواه,لأواه
1350,9,التوبة,115,7,اذ,إذ
1350,9,التوبة,115,9,حتي,حتى
1350,9,التوبة,115,14,ان,إن
1351,9,التوبة,116,1,ان,إن
1351,9,التوبة,116,6,والارض,والأرض
1352,9,التوبة,117,4,علي,على
1352,9,التوبة,117,7,والانصار,والأنصار
1352,9,التوبة,117,11,ساعه,ساعة
1352,9,التوبة,117,12,العسره,العسرة
1352,9,التوبة,117,24,انه,إنه
1353,9,التوبة,118,1,وعلي,وعلى
1353,9,التوبة,118,2,الثلاثه,الثلاثة
1353,9,التوبة,118,5,حتي,حتى
1353,9,التوبة,118,6,اذا,إذا
1353,9,التوبة,118,9,الارض,الأرض
1353,9,التوبة,118,14,انفسهم,أنفسهم
1353,9,التوبة,118,16,ان,أن
1353,9,التوبة,118,18,ملجا,ملجأ
1353,9,التوبة,118,21,الا,إلا
1353,9,التوبة,118,22,اليه,إليه
1353,9,التوبة,118,27,ان,إن
1354,9,التوبة,119,2,ايها,أيها
1354,9,التوبة,119,4,امنوا,آمنوا
1355,9,التوبة,120,3,لاهل,لأهل
1355,9,التوبة,120,4,المدينه,المدينة
1355,9,التوبة,120,8,الاعراب,الأعراب
1355,9,التوبة,120,9,ان,أن
1355,9,التوبة,120,16,بانفسهم,بأنفسهم
1355,9,التوبة,120,20,بانهم,بأنهم
1355,9,التوبة,120,23,ظما,ظمأ
1355,9,التوبة,120,27,مخمصه,مخمصة
1355,9,التوبة,120,32,يطيون,يطئون
1355,9,التوبة,120,33,موطيا,موطئا
1355,9,التوبة,120,41,الا,إلا
1355,9,التوبة,120,47,ان,إن
1355,9,التوبة,120,51,اجر,أجر
1356,9,التوبة,121,3,نفقه,نفقة
1356,9,التوبة,121,4,صغيره,صغيرة
1356,9,التوبة,121,6,كبيره,كبيرة
1356,9,التوبة,121,10,الا,إلا
1356,9,التوبة,121,15,احسن,أحسن
1357,9,التوبة,122,3,المومنون,المؤمنون
1357,9,التوبة,122,5,كافه,كافة
1357,9,التوبة,122,10,فرقه,فرقة
1357,9,التوبة,122,12,طايفه,طائفة
1357,9,التوبة,122,18,اذا,إذا
1357,9,التوبة,122,20,اليهم,إليهم
1358,9,التوبة,123,2,ايها,أيها
1358,9,التوبة,123,4,امنوا,آمنوا
1358,9,التوبة,123,12,غلظه,غلظة
1358,9,التوبة,123,14,ان,أن
1359,9,التوبة,124,1,واذا,وإذا
1359,9,التوبة,124,3,انزلت,أنزلت
1359,9,التوبة,124,4,سوره,سورة
1359,9,التوبة,124,8,ايكم,أيكم
1359,9,التوبة,124,11,ايمانا,إيمانا
1359,9,التوبة,124,12,فاما,فأما
1359,9,التوبة,124,14,امنوا,آمنوا
1359,9,التوبة,124,16,ايمانا,إيمانا
1360,9,التوبة,125,1,واما,وأما
1360,9,التوبة,125,8,الي,إلى
1361,9,التوبة,126,1,اولا,أولا
1361,9,التوبة,126,3,انهم,أنهم
1361,9,التوبة,126,8,مره,مرة
1361,9,التوبة,126,9,او,أو
1362,9,التوبة,127,1,واذا,وإذا
1362,9,التوبة,127,3,انزلت,أنزلت
1362,9,التوبة,127,4,سوره,سورة
1362,9,التوبة,127,7,الي,إلى
1362,9,التوبة,127,12,احد,أحد
1362,9,التوبة,127,18,بانهم,بأنهم
1363,9,التوبة,128,5,انفسكم,أنفسكم
1363,9,التوبة,128,12,بالمومنين,بالمؤمنين
1364,9,التوبة,129,1,فان,فإن
1364,9,التوبة,129,7,اله,إله
1364,9,التوبة,129,8,الا,إلا
1365,10,يونس,1,7,ايات,آيات
1366,10,يونس,2,1,اكان,أكان
1366,10,يونس,2,4,ان,أن
1366,10,يونس,2,5,اوحينا,أوحينا
1366,10,يونس,2,6,الي,إلى
1366,10,يونس,2,9,ان,أن
1366,10,يونس,2,10,انذر,أنذر
1366,10,يونس,2,14,امنوا,آمنوا
1366,10,يونس,2,15,ان,أن
1366,10,يونس,2,23,ان,إن
1367,10,يونس,3,1,ان,إن
1367,10,يونس,3,7,والارض,والأرض
1367,10,يونس,3,9,سته,ستة
1367,10,يونس,3,10,ايام,أيام
1367,10,يونس,3,12,استوي,استوى
1367,10,يونس,3,13,علي,على
1367,10,يونس,3,16,الامر,الأمر
1367,10,يونس,3,20,الا,إلا
1367,10,يونس,3,23,اذنه,إذنه
1367,10,يونس,3,28,افلا,أفلا
1368,10,يونس,4,1,اليه,إليه
1368,10,يونس,4,7,انه,إنه
1368,10,يونس,4,8,يبدا,يبدأ
1368,10,يونس,4,14,امنوا,آمنوا
1368,10,يونس,4,25,اليم,أليم
1369,10,يونس,5,18,الا,إلا
1369,10,يونس,5,21,الايات,الآيات
1370,10,يونس,6,1,ان,إن
1370,10,يونس,6,11,والارض,والأرض
1370,10,يونس,6,12,لايات,لآيات
1371,10,يونس,7,1,ان,إن
1371,10,يونس,7,7,بالحياه,بالحياة
1371,10,يونس,7,9,واطمانوا,واطمأنوا
1371,10,يونس,7,14,اياتنا,آياتنا
1372,10,يونس,8,1,اوليك,أولئك
1372,10,يونس,8,2,ماواهم,مأواهم
1373,10,يونس,9,1,ان,إن
1373,10,يونس,9,3,امنوا,آمنوا
1373,10,يونس,9,8,بايمانهم,بإيمانهم
1373,10,يونس,9,12,الانهار,الأنهار
1374,10,يونس,10,8,واخر,وآخر
1374,10,يونس,10,10,ان,أن
1375,10,يونس,11,9,اليهم,إليهم
1375,10,يونس,11,10,اجلهم,أجلهم
1376,10,يونس,12,1,واذا,وإذا
1376,10,يونس,12,3,الانسان,الإنسان
1376,10,يونس,12,7,او,أو
1376,10,يونس,12,9,او,أو
1376,10,يونس,12,10,قايما,قائما
1376,10,يونس,12,16,كان,كأن
1376,10,يونس,12,19,الي,إلى
1377,10,يونس,13,2,اهلكنا,أهلكنا
1377,10,يونس,13,13,ليومنوا,ليؤمنوا
1378,10,يونس,14,3,خلايف,خلائف
1378,10,يونس,14,5,الارض,الأرض
1379,10,يونس,15,1,واذا,وإذا
1379,10,يونس,15,2,تتلي,تتلى
1379,10,يونس,15,4,اياتنا,آياتنا
1379,10,يونس,15,11,ايت,ائت
1379,10,يونس,15,12,بقران,بقرآن
1379,10,يونس,15,15,او,أو
1379,10,يونس,15,21,ان,أن
1379,10,يونس,15,22,ابدله,أبدله
1379,10,يونس,15,26,ان,إن
1379,10,يونس,15,27,اتبع,أتبع
1379,10,يونس,15,28,الا,إلا
1379,10,يونس,15,30,يوحي,يوحى
1379,10,يونس,15,31,الي,إلي
1379,10,يونس,15,32,اني,إني
1379,10,يونس,15,33,اخاف,أخاف
1379,10,يونس,15,34,ان,إن
1380,10,يونس,16,9,ادراكم,أدراكم
1380,10,يونس,16,17,افلا,أفلا
1381,10,يونس,17,2,اظلم,أظلم
1381,10,يونس,17,4,افتري,افترى
1381,10,يونس,17,5,علي,على
1381,10,يونس,17,8,او,أو
1381,10,يونس,17,10,باياته,بآياته
1381,10,يونس,17,11,انه,إنه
1382,10,يونس,18,11,هولاء,هؤلاء
1382,10,يونس,18,12,شفعاونا,شفعاؤنا
1382,10,يونس,18,16,اتنبيون,أتنبئون
1382,10,يونس,18,25,الارض,الأرض
1382,10,يونس,18,27,وتعالي,وتعالى
1383,10,يونس,19,4,الا,إلا
1383,10,يونس,19,5,امه,أمة
1383,10,يونس,19,6,واحده,واحدة
1383,10,يونس,19,9,كلمه,كلمة
1384,10,يونس,20,3,انزل,أنزل
1384,10,يونس,20,5,ايه,آية
1384,10,يونس,20,9,انما,إنما
1384,10,يونس,20,13,اني,إني
1385,10,يونس,21,1,واذا,وإذا
1385,10,يونس,21,2,اذقنا,أذقنا
1385,10,يونس,21,4,رحمه,رحمة
1385,10,يونس,21,9,اذا,إذا
1385,10,يونس,21,13,اياتنا,آياتنا
1385,10,يونس,21,16,اسرع,أسرع
1385,10,يونس,21,18,ان,إن
1386,10,يونس,22,7,حتي,حتى
1386,10,يونس,22,8,اذا,إذا
1386,10,يونس,22,15,طيبه,طيبة
1386,10,يونس,22,27,انهم,أنهم
1386,10,يونس,22,28,احيط,أحيط
1386,10,يونس,22,35,لين,لئن
1386,10,يونس,22,36,انجيتنا,أنجيتنا
1387,10,يونس,23,2,انجاهم,أنجاهم
1387,10,يونس,23,3,اذا,إذا
1387,10,يونس,23,7,الارض,الأرض
1387,10,يونس,23,11,ايها,أيها
1387,10,يونس,23,13,انما,إنما
1387,10,يونس,23,15,علي,على
1387,10,يونس,23,16,انفسكم,أنفسكم
1387,10,يونس,23,18,الحياه,الحياة
1387,10,يونس,23,21,الينا,إلينا
1387,10,يونس,23,23,فننبيكم,فننبئكم
1388,10,يونس,24,1,انما,إنما
1388,10,يونس,24,3,الحياه,الحياة
1388,10,يونس,24,6,انزلناه,أنزلناه
1388,10,يونس,24,12,الارض,الأرض
1388,10,يونس,24,14,ياكل,يأكل
1388,10,يونس,24,16,والانعام,والأنعام
1388,10,يونس,24,17,حتي,حتى
1388,10,يونس,24,18,اذا,إذا
1388,10,يونس,24,19,اخذت,أخذت
1388,10,يونس,24,20,الارض,الأرض
1388,10,يونس,24,24,اهلها,أهلها
1388,10,يونس,24,25,انهم,أنهم
1388,10,يونس,24,28,اتاها,أتاها
1388,10,يونس,24,29,امرنا,أمرنا
1388,10,يونس,24,31,او,أو
1388,10,يونس,24,35,كان,كأن
1388,10,يونس,24,38,بالامس,بالأمس
1388,10,يونس,24,41,الايات,الآيات
1389,10,يونس,25,3,الي,إلى
1389,10,يونس,25,9,الي,إلى
1390,10,يونس,26,2,احسنوا,أحسنوا
1390,10,يونس,26,3,الحسني,الحسنى
1390,10,يونس,26,4,وزياده,وزيادة
1390,10,يونس,26,10,ذله,ذلة
1390,10,يونس,26,11,اوليك,أولئك
1390,10,يونس,26,12,اصحاب,أصحاب
1390,10,يونس,26,13,الجنه,الجنة
1391,10,يونس,27,3,السييات,السيئات
1391,10,يونس,27,5,سييه,سيئة
1391,10,يونس,27,8,ذله,ذلة
1391,10,يونس,27,15,كانما,كأنما
1391,10,يونس,27,16,اغشيت,أغشيت
1391,10,يونس,27,22,اوليك,أولئك
1391,10,يونس,27,23,اصحاب,أصحاب
1392,10,يونس,28,7,اشركوا,أشركوا
1392,10,يونس,28,9,انتم,أنتم
1392,10,يونس,28,10,وشركاوكم,وشركاؤكم
1392,10,يونس,28,14,شركاوهم,شركاؤهم
1392,10,يونس,28,17,ايانا,إيانا
1393,10,يونس,29,1,فكفي,فكفى
1393,10,يونس,29,6,ان,إن
1394,10,يونس,30,6,اسلفت,أسلفت
1394,10,يونس,30,8,الي,إلى
1395,10,يونس,31,6,والارض,والأرض
1395,10,يونس,31,7,امن,أمن
1395,10,يونس,31,10,والابصار,والأبصار
1395,10,يونس,31,22,الامر,الأمر
1395,10,يونس,31,26,افلا,أفلا
1396,10,يونس,32,8,الا,إلا
1396,10,يونس,32,10,فاني,فأنى
1397,10,يونس,33,5,علي,على
1397,10,يونس,33,8,انهم,أنهم
1397,10,يونس,33,10,يومنون,يؤمنون
1398,10,يونس,34,4,شركايكم,شركائكم
1398,10,يونس,34,6,يبدا,يبدأ
1398,10,يونس,34,12,يبدا,يبدأ
1398,10,يونس,34,16,فاني,فأنى
1398,10,يونس,34,17,توفكون,تؤفكون
1399,10,يونس,35,4,شركايكم,شركائكم
1399,10,يونس,35,7,الي,إلى
1399,10,يونس,35,13,افمن,أفمن
1399,10,يونس,35,15,الي,إلى
1399,10,يونس,35,17,احق,أحق
1399,10,يونس,35,18,ان,أن
1399,10,يونس,35,20,امن,أمن
1399,10,يونس,35,23,الا,إلا
1399,10,يونس,35,24,ان,أن
1399,10,يونس,35,25,يهدي,يهدى
1400,10,يونس,36,3,اكثرهم,أكثرهم
1400,10,يونس,36,4,الا,إلا
1400,10,يونس,36,6,ان,إن
1400,10,يونس,36,12,شييا,شيئا
1400,10,يونس,36,13,ان,إن
1401,10,يونس,37,4,القران,القرآن
1401,10,يونس,37,5,ان,أن
1401,10,يونس,37,6,يفتري,يفترى
1402,10,يونس,38,1,ام,أم
1402,10,يونس,38,5,فاتوا,فأتوا
1402,10,يونس,38,6,بسوره,بسورة
1402,10,يونس,38,14,ان,إن
1403,10,يونس,39,8,ياتهم,يأتهم
1403,10,يونس,39,9,تاويله,تأويله
1403,10,يونس,39,18,عاقبه,عاقبة
1404,10,يونس,40,3,يومن,يؤمن
1404,10,يونس,40,8,يومن,يؤمن
1404,10,يونس,40,11,اعلم,أعلم
1405,10,يونس,41,1,وان,وإن
1405,10,يونس,41,8,انتم,أنتم
1405,10,يونس,41,9,برييون,بريئون
1405,10,يونس,41,11,اعمل,أعمل
1405,10,يونس,41,12,وانا,وأنا
1406,10,يونس,42,4,اليك,إليك
1406,10,يونس,42,5,افانت,أفأنت
1407,10,يونس,43,4,اليك,إليك
1407,10,يونس,43,5,افانت,أفأنت
1408,10,يونس,44,1,ان,إن
1408,10,يونس,44,6,شييا,شيئا
1408,10,يونس,44,9,انفسهم,أنفسهم
1409,10,يونس,45,3,كان,كأن
1409,10,يونس,45,6,الا,إلا
1409,10,يونس,45,7,ساعه,ساعة
1410,10,يونس,46,1,واما,وإما
1410,10,يونس,46,6,او,أو
1410,10,يونس,46,8,فالينا,فإلينا
1410,10,يونس,46,13,علي,على
1411,10,يونس,47,2,امه,أمة
1411,10,يونس,47,4,فاذا,فإذا
1412,10,يونس,48,2,متي,متى
1412,10,يونس,48,5,ان,إن
1413,10,يونس,49,3,املك,أملك
1413,10,يونس,49,8,الا,إلا
1413,10,يونس,49,13,امه,أمة
1413,10,يونس,49,14,اجل,أجل
1413,10,يونس,49,15,اذا,إذا
1413,10,يونس,49,17,اجلهم,أجلهم
1413,10,يونس,49,19,يستاخرون,يستأخرون
1413,10,يونس,49,20,ساعه,ساعة
1414,10,يونس,50,2,ارايتم,أرأيتم
1414,10,يونس,50,3,ان,إن
1414,10,يونس,50,4,اتاكم,أتاكم
1414,10,يونس,50,7,او,أو
1415,10,يونس,51,1,اثم,أثم
1415,10,يونس,51,2,اذا,إذا
1415,10,يونس,51,5,امنتم,آمنتم
1415,10,يونس,51,7,الان,آلآن
1416,10,يونس,52,10,الا,إلا
1417,10,يونس,53,1,ويستنبيونك,ويستنبئونك
1417,10,يونس,53,2,احق,أحق
1417,10,يونس,53,5,اي,إي
1417,10,يونس,53,7,انه,إنه
1417,10,يونس,53,10,انتم,أنتم
1418,10,يونس,54,2,ان,أن
1418,10,يونس,54,8,الارض,الأرض
1418,10,يونس,54,11,واسروا,وأسروا
1418,10,يونس,54,12,الندامه,الندامة
1418,10,يونس,54,14,راوا,رأوا
1419,10,يونس,55,1,الا,ألا
1419,10,يونس,55,2,ان,إن
1419,10,يونس,55,7,والارض,والأرض
1419,10,يونس,55,8,الا,ألا
1419,10,يونس,55,9,ان,إن
1419,10,يونس,55,14,اكثرهم,أكثرهم
1420,10,يونس,56,4,واليه,وإليه
1421,10,يونس,57,2,ايها,أيها
1421,10,يونس,57,6,موعظه,موعظة
1421,10,يونس,57,13,وهدي,وهدى
1421,10,يونس,57,14,ورحمه,ورحمة
1421,10,يونس,57,15,للمومنين,للمؤمنين
1423,10,يونس,59,2,ارايتم,أرأيتم
1423,10,يونس,59,4,انزل,أنزل
1423,10,يونس,59,14,الله,آلله
1423,10,يونس,59,15,اذن,أذن
1423,10,يونس,59,17,ام,أم
1423,10,يونس,59,18,علي,على
1424,10,يونس,60,5,علي,على
1424,10,يونس,60,9,القيامه,القيامة
1424,10,يونس,60,10,ان,إن
1424,10,يونس,60,14,علي,على
1424,10,يونس,60,17,اكثرهم,أكثرهم
1425,10,يونس,61,4,شان,شأن
1425,10,يونس,61,9,قران,قرآن
1425,10,يونس,61,14,الا,إلا
1425,10,يونس,61,18,اذ,إذ
1425,10,يونس,61,27,ذره,ذرة
1425,10,يونس,61,29,الارض,الأرض
1425,10,يونس,61,34,اصغر,أصغر
1425,10,يونس,61,38,اكبر,أكبر
1425,10,يونس,61,39,الا,إلا
1426,10,يونس,62,1,الا,ألا
1426,10,يونس,62,2,ان,إن
1426,10,يونس,62,3,اولياء,أولياء
1427,10,يونس,63,2,امنوا,آمنوا
1428,10,يونس,64,2,البشري,البشرى
1428,10,يونس,64,4,الحياه,الحياة
1428,10,يونس,64,7,الاخره,الآخرة
1429,10,يونس,65,4,ان,إن
1429,10,يونس,65,5,العزه,العزة
1430,10,يونس,66,1,الا,ألا
1430,10,يونس,66,2,ان,إن
1430,10,يونس,66,9,الارض,الأرض
1430,10,يونس,66,18,ان,إن
1430,10,يونس,66,20,الا,إلا
1430,10,يونس,66,22,وان,وإن
1430,10,يونس,66,24,الا,إلا
1431,10,يونس,67,10,ان,إن
1431,10,يونس,67,13,لايات,لآيات
1432,10,يونس,68,14,الارض,الأرض
1432,10,يونس,68,15,ان,إن
1432,10,يونس,68,20,اتقولون,أتقولون
1432,10,يونس,68,21,علي,على
1433,10,يونس,69,2,ان,إن
1433,10,يونس,69,5,علي,على
1434,10,يونس,70,5,الينا,إلينا
1435,10,يونس,71,3,نبا,نبأ
1435,10,يونس,71,5,اذ,إذ
1435,10,يونس,71,10,ان,إن
1435,10,يونس,71,16,بايات,بآيات
1435,10,يونس,71,18,فعلي,فعلى
1435,10,يونس,71,21,فاجمعوا,فأجمعوا
1435,10,يونس,71,22,امركم,أمركم
1435,10,يونس,71,27,امركم,أمركم
1435,10,يونس,71,29,غمه,غمة
1435,10,يونس,71,32,الي,إلي
1436,10,يونس,72,1,فان,فإن
1436,10,يونس,72,4,سالتكم,سألتكم
1436,10,يونس,72,6,اجر,أجر
1436,10,يونس,72,7,ان,إن
1436,10,يونس,72,8,اجري,أجري
1436,10,يونس,72,9,الا,إلا
1436,10,يونس,72,10,علي,على
1436,10,يونس,72,12,وامرت,وأمرت
1436,10,يونس,72,13,ان,أن
1436,10,يونس,72,14,اكون,أكون
1437,10,يونس,73,8,خلايف,خلائف
1437,10,يونس,73,9,واغرقنا,وأغرقنا
1437,10,يونس,73,12,باياتنا,بآياتنا
1437,10,يونس,73,16,عاقبه,عاقبة
1438,10,يونس,74,6,الي,إلى
1438,10,يونس,74,12,ليومنوا,ليؤمنوا
1438,10,يونس,74,20,علي,على
1439,10,يونس,75,5,موسي,موسى
1439,10,يونس,75,7,الي,إلى
1439,10,يونس,75,9,ومليه,وملئه
1439,10,يونس,75,10,باياتنا,بآياتنا
1440,10,يونس,76,7,ان,إن
1441,10,يونس,77,2,موسي,موسى
1441,10,يونس,77,3,اتقولون,أتقولون
1441,10,يونس,77,7,اسحر,أسحر
1442,10,يونس,78,2,اجيتنا,أجئتنا
1442,10,يونس,78,7,اباءنا,آباءنا
1442,10,يونس,78,12,الارض,الأرض
1442,10,يونس,78,16,بمومنين,بمؤمنين
1443,10,يونس,79,3,ايتوني,ائتوني
1444,10,يونس,80,3,السحره,السحرة
1444,10,يونس,80,6,موسي,موسى
1444,10,يونس,80,7,القوا,ألقوا
1444,10,يونس,80,9,انتم,أنتم
1445,10,يونس,81,2,القوا,ألقوا
1445,10,يونس,81,4,موسي,موسى
1445,10,يونس,81,6,جيتم,جئتم
1445,10,يونس,81,9,ان,إن
1445,10,يونس,81,12,ان,إن
1447,10,يونس,83,2,امن,آمن
1447,10,يونس,83,3,لموسي,لموسى
1447,10,يونس,83,4,الا,إلا
1447,10,يونس,83,5,ذريه,ذرية
1447,10,يونس,83,8,علي,على
1447,10,يونس,83,12,ومليهم,وملئهم
1447,10,يونس,83,13,ان,أن
1447,10,يونس,83,15,وان,وإن
1447,10,يونس,83,19,الارض,الأرض
1447,10,يونس,83,20,وانه,وإنه
1448,10,يونس,84,2,موسي,موسى
1448,10,يونس,84,5,ان,إن
1448,10,يونس,84,7,امنتم,آمنتم
1448,10,يونس,84,11,ان,إن
1449,10,يونس,85,2,علي,على
1449,10,يونس,85,8,فتنه,فتنة
1451,10,يونس,87,1,واوحينا,وأوحينا
1451,10,يونس,87,2,الي,إلى
1451,10,يونس,87,3,موسي,موسى
1451,10,يونس,87,4,واخيه,وأخيه
1451,10,يونس,87,5,ان,أن
1451,10,يونس,87,6,تبوا,تبوآ
1451,10,يونس,87,12,قبله,قبلة
1451,10,يونس,87,13,واقيموا,وأقيموا
1451,10,يونس,87,14,الصلاه,الصلاة
1451,10,يونس,87,16,المومنين,المؤمنين
1452,10,يونس,88,2,موسي,موسى
1452,10,يونس,88,4,انك,إنك
1452,10,يونس,88,5,اتيت,آتيت
1452,10,يونس,88,7,وملاه,وملأه
1452,10,يونس,88,8,زينه,زينة
1452,10,يونس,88,9,واموالا,وأموالا
1452,10,يونس,88,11,الحياه,الحياة
1452,10,يونس,88,19,علي,على
1452,10,يونس,88,20,اموالهم,أموالهم
1452,10,يونس,88,22,علي,على
1452,10,يونس,88,25,يومنوا,يؤمنوا
1452,10,يونس,88,26,حتي,حتى
1452,10,يونس,88,29,الاليم,الأليم
1453,10,يونس,89,3,اجيبت,أجيبت
1454,10,يونس,90,3,اسراييل,إسرائيل
1454,10,يونس,90,5,فاتبعهم,فأتبعهم
1454,10,يونس,90,10,حتي,حتى
1454,10,يونس,90,11,اذا,إذا
1454,10,يونس,90,12,ادركه,أدركه
1454,10,يونس,90,15,امنت,آمنت
1454,10,يونس,90,16,انه,أنه
1454,10,يونس,90,18,اله,إله
1454,10,يونس,90,19,الا,إلا
1454,10,يونس,90,21,امنت,آمنت
1454,10,يونس,90,24,اسراييل,إسرائيل
1454,10,يونس,90,25,وانا,وأنا
1455,10,يونس,91,1,الان,آلآن
1456,10,يونس,92,7,ايه,آية
1456,10,يونس,92,8,وان,وإن
1456,10,يونس,92,13,اياتنا,آياتنا
1457,10,يونس,93,2,بوانا,بوأنا
1457,10,يونس,93,4,اسراييل,إسرائيل
1457,10,يونس,93,5,مبوا,مبوأ
1457,10,يونس,93,12,حتي,حتى
1457,10,يونس,93,15,ان,إن
1457,10,يونس,93,20,القيامه,القيامة
1458,10,يونس,94,1,فان,فإن
1458,10,يونس,94,6,انزلنا,أنزلنا
1458,10,يونس,94,7,اليك,إليك
1458,10,يونس,94,8,فاسال,فاسأل
1459,10,يونس,95,6,بايات,بآيات
1460,10,يونس,96,1,ان,إن
1460,10,يونس,96,8,يومنون,يؤمنون
1461,10,يونس,97,4,ايه,آية
1461,10,يونس,97,5,حتي,حتى
1461,10,يونس,97,8,الاليم,الأليم
1462,10,يونس,98,3,قريه,قرية
1462,10,يونس,98,4,امنت,آمنت
1462,10,يونس,98,6,ايمانها,إيمانها
1462,10,يونس,98,7,الا,إلا
1462,10,يونس,98,11,امنوا,آمنوا
1462,10,يونس,98,17,الحياه,الحياة
1462,10,يونس,98,20,الي,إلى
1463,10,يونس,99,4,لامن,لآمن
1463,10,يونس,99,7,الارض,الأرض
1463,10,يونس,99,10,افانت,أفأنت
1463,10,يونس,99,13,حتي,حتى
1463,10,يونس,99,15,مومنين,مؤمنين
1464,10,يونس,100,4,ان,أن
1464,10,يونس,100,5,تومن,تؤمن
1464,10,يونس,100,6,الا,إلا
1464,10,يونس,100,7,باذن,بإذن
1464,10,يونس,100,11,علي,على
1465,10,يونس,101,6,والارض,والأرض
1465,10,يونس,101,9,الايات,الآيات
1465,10,يونس,101,14,يومنون,يؤمنون
1466,10,يونس,102,3,الا,إلا
1466,10,يونس,102,5,ايام,أيام
1466,10,يونس,102,12,اني,إني
1467,10,يونس,103,5,امنوا,آمنوا
1467,10,يونس,103,10,المومنين,المؤمنين
1468,10,يونس,104,3,ايها,أيها
1468,10,يونس,104,5,ان,إن
1468,10,يونس,104,12,اعبد,أعبد
1468,10,يونس,104,19,اعبد,أعبد
1468,10,يونس,104,23,وامرت,وأمرت
1468,10,يونس,104,24,ان,أن
1468,10,يونس,104,25,اكون,أكون
1468,10,يونس,104,27,المومنين,المؤمنين
1469,10,يونس,105,1,وان,وأن
1469,10,يونس,105,2,اقم,أقم
1470,10,يونس,106,11,فان,فإن
1470,10,يونس,106,13,فانك,فإنك
1470,10,يونس,106,14,اذا,إذا
1471,10,يونس,107,1,وان,وإن
1471,10,يونس,107,8,الا,إلا
1471,10,يونس,107,10,وان,وإن
1472,10,يونس,108,3,ايها,أيها
1472,10,يونس,108,11,اهتدي,اهتدى
1472,10,يونس,108,12,فانما,فإنما
1472,10,يونس,108,17,فانما,فإنما
1472,10,يونس,108,21,انا,أنا
1473,10,يونس,109,3,يوحي,يوحى
1473,10,يونس,109,4,اليك,إليك
1473,10,يونس,109,6,حتي,حتى
1474,11,هود,1,7,احكمت,أحكمت
1474,11,هود,1,8,اياته,آياته
1475,11,هود,2,1,الا,ألا
1475,11,هود,2,3,الا,إلا
1475,11,هود,2,5,انني,إنني
1476,11,هود,3,1,وان,وأن
1476,11,هود,3,6,اليه,إليه
1476,11,هود,3,10,الي,إلى
1476,11,هود,3,11,اجل,أجل
1476,11,هود,3,12,مسمي,مسمى
1476,11,هود,3,13,ويوت,ويؤت
1476,11,هود,3,18,وان,وإن
1476,11,هود,3,20,فاني,فإني
1476,11,هود,3,21,اخاف,أخاف
1477,11,هود,4,1,الي,إلى
1477,11,هود,4,5,علي,على
1478,11,هود,5,1,الا,ألا
1478,11,هود,5,2,انهم,إنهم
1478,11,هود,5,7,الا,ألا
1478,11,هود,5,16,انه,إنه
1479,11,هود,6,3,دابه,دابة
1479,11,هود,6,5,الارض,الأرض
1479,11,هود,6,6,الا,إلا
1479,11,هود,6,7,علي,على
1480,11,هود,7,5,والارض,والأرض
1480,11,هود,7,7,سته,ستة
1480,11,هود,7,8,ايام,أيام
1480,11,هود,7,11,علي,على
1480,11,هود,7,14,ايكم,أيكم
1480,11,هود,7,15,احسن,أحسن
1480,11,هود,7,17,ولين,ولئن
1480,11,هود,7,19,انكم,إنكم
1480,11,هود,7,27,ان,إن
1480,11,هود,7,29,الا,إلا
1481,11,هود,8,1,ولين,ولئن
1481,11,هود,8,2,اخرنا,أخرنا
1481,11,هود,8,5,الي,إلى
1481,11,هود,8,6,امه,أمة
1481,11,هود,8,7,معدوده,معدودة
1481,11,هود,8,11,الا,ألا
1481,11,هود,8,13,ياتيهم,يأتيهم
1481,11,هود,8,22,يستهزيون,يستهزئون
1482,11,هود,9,1,ولين,ولئن
1482,11,هود,9,2,اذقنا,أذقنا
1482,11,هود,9,3,الانسان,الإنسان
1482,11,هود,9,5,رحمه,رحمة
1482,11,هود,9,9,انه,إنه
1482,11,هود,9,10,لييوس,ليئوس
1483,11,هود,10,1,ولين,ولئن
1483,11,هود,10,2,اذقناه,أذقناه
1483,11,هود,10,9,السييات,السيئات
1483,11,هود,10,11,انه,إنه
1484,11,هود,11,1,الا,إلا
1484,11,هود,11,6,اوليك,أولئك
1484,11,هود,11,8,مغفره,مغفرة
1484,11,هود,11,9,واجر,وأجر
1485,11,هود,12,5,يوحي,يوحى
1485,11,هود,12,6,اليك,إليك
1485,11,هود,12,7,وضايق,وضائق
1485,11,هود,12,10,ان,أن
1485,11,هود,12,13,انزل,أنزل
1485,11,هود,12,16,او,أو
1485,11,هود,12,20,انما,إنما
1485,11,هود,12,21,انت,أنت
1485,11,هود,12,24,علي,على
1486,11,هود,13,1,ام,أم
1486,11,هود,13,5,فاتوا,فأتوا
1486,11,هود,13,16,ان,إن
1487,11,هود,14,1,فالم,فإلم
1487,11,هود,14,5,انما,أنما
1487,11,هود,14,6,انزل,أنزل
1487,11,هود,14,9,وان,وأن
1487,11,هود,14,11,اله,إله
1487,11,هود,14,12,الا,إلا
1487,11,هود,14,15,انتم,أنتم
1488,11,هود,15,4,الحياه,الحياة
1488,11,هود,15,8,اليهم,إليهم
1488,11,هود,15,9,اعمالهم,أعمالهم
1489,11,هود,16,1,اوليك,أولئك
1489,11,هود,16,6,الاخره,الآخرة
1489,11,هود,16,7,الا,إلا
1490,11,هود,17,1,افمن,أفمن
1490,11,هود,17,3,علي,على
1490,11,هود,17,4,بينه,بينة
1490,11,هود,17,13,موسي,موسى
1490,11,هود,17,14,اماما,إماما
1490,11,هود,17,15,ورحمه,ورحمة
1490,11,هود,17,16,اوليك,أولئك
1490,11,هود,17,17,يومنون,يؤمنون
1490,11,هود,17,23,الاحزاب,الأحزاب
1490,11,هود,17,29,مريه,مرية
1490,11,هود,17,31,انه,إنه
1490,11,هود,17,36,اكثر,أكثر
1490,11,هود,17,39,يومنون,يؤمنون
1491,11,هود,18,2,اظلم,أظلم
1491,11,هود,18,4,افتري,افترى
1491,11,هود,18,5,علي,على
1491,11,هود,18,8,اوليك,أولئك
1491,11,هود,18,10,علي,على
1491,11,هود,18,13,الاشهاد,الأشهاد
1491,11,هود,18,14,هولاء,هؤلاء
1491,11,هود,18,17,علي,على
1491,11,هود,18,19,الا,ألا
1491,11,هود,18,20,لعنه,لعنة
1491,11,هود,18,22,علي,على
1492,11,هود,19,9,بالاخره,بالآخرة
1493,11,هود,20,1,اوليك,أولئك
1493,11,هود,20,6,الارض,الأرض
1493,11,هود,20,14,اولياء,أولياء
1494,11,هود,21,1,اوليك,أولئك
1494,11,هود,21,4,انفسهم,أنفسهم
1495,11,هود,22,3,انهم,أنهم
1495,11,هود,22,5,الاخره,الآخرة
1495,11,هود,22,7,الاخسرون,الأخسرون
1496,11,هود,23,1,ان,إن
1496,11,هود,23,3,امنوا,آمنوا
1496,11,هود,23,6,واخبتوا,وأخبتوا
1496,11,هود,23,7,الي,إلى
1496,11,هود,23,9,اوليك,أولئك
1496,11,هود,23,10,اصحاب,أصحاب
1496,11,هود,23,11,الجنه,الجنة
1497,11,هود,24,3,كالاعمي,كالأعمى
1497,11,هود,24,4,والاصم,والأصم
1497,11,هود,24,10,افلا,أفلا
1498,11,هود,25,2,ارسلنا,أرسلنا
1498,11,هود,25,4,الي,إلى
1498,11,هود,25,6,اني,إني
1499,11,هود,26,1,ان,أن
1499,11,هود,26,4,الا,إلا
1499,11,هود,26,6,اني,إني
1499,11,هود,26,7,اخاف,أخاف
1499,11,هود,26,11,اليم,أليم
1500,11,هود,27,2,الملا,الملأ
1500,11,هود,27,9,الا,إلا
1500,11,هود,27,15,الا,إلا
1500,11,هود,27,18,اراذلنا,أراذلنا
1500,11,هود,27,20,الراي,الرأي
1500,11,هود,27,22,نري,نرى
1501,11,هود,28,4,ارايتم,أرأيتم
1501,11,هود,28,5,ان,إن
1501,11,هود,28,7,علي,على
1501,11,هود,28,8,بينه,بينة
1501,11,هود,28,11,واتاني,وآتاني
1501,11,هود,28,12,رحمه,رحمة
1501,11,هود,28,17,انلزمكموها,أنلزمكموها
1501,11,هود,28,18,وانتم,وأنتم
1502,11,هود,29,4,اسالكم,أسألكم
1502,11,هود,29,7,ان,إن
1502,11,هود,29,8,اجري,أجري
1502,11,هود,29,9,الا,إلا
1502,11,هود,29,10,علي,على
1502,11,هود,29,13,انا,أنا
1502,11,هود,29,16,امنوا,آمنوا
1502,11,هود,29,17,انهم,إنهم
1502,11,هود,29,21,اراكم,أراكم
1503,11,هود,30,7,ان,إن
1503,11,هود,30,9,افلا,أفلا
1504,11,هود,31,2,اقول,أقول
1504,11,هود,31,5,خزاين,خزائن
1504,11,هود,31,8,اعلم,أعلم
1504,11,هود,31,11,اقول,أقول
1504,11,هود,31,12,اني,إني
1504,11,هود,31,15,اقول,أقول
1504,11,هود,31,18,اعينكم,أعينكم
1504,11,هود,31,20,يوتيهم,يؤتيهم
1504,11,هود,31,24,اعلم,أعلم
1504,11,هود,31,27,انفسهم,أنفسهم
1504,11,هود,31,28,اني,إني
1504,11,هود,31,29,اذا,إذا
1505,11,هود,32,6,فاكثرت,فأكثرت
1505,11,هود,32,8,فاتنا,فأتنا
1505,11,هود,32,11,ان,إن
1506,11,هود,33,2,انما,إنما
1506,11,هود,33,3,ياتيكم,يأتيكم
1506,11,هود,33,6,ان,إن
1506,11,هود,33,9,انتم,أنتم
1507,11,هود,34,4,ان,إن
1507,11,هود,34,5,اردت,أردت
1507,11,هود,34,6,ان,أن
1507,11,هود,34,7,انصح,أنصح
1507,11,هود,34,9,ان,إن
1507,11,هود,34,13,ان,أن
1507,11,هود,34,17,واليه,وإليه
1508,11,هود,35,1,ام,أم
1508,11,هود,35,5,ان,إن
1508,11,هود,35,8,اجرامي,إجرامي
1508,11,هود,35,9,وانا,وأنا
1509,11,هود,36,1,واوحي,وأوحي
1509,11,هود,36,2,الي,إلى
1509,11,هود,36,4,انه,أنه
1509,11,هود,36,6,يومن,يؤمن
1509,11,هود,36,9,الا,إلا
1509,11,هود,36,12,امن,آمن
1509,11,هود,36,14,تبتيس,تبتئس
1510,11,هود,37,3,باعيننا,بأعيننا
1510,11,هود,37,10,انهم,إنهم
1511,11,هود,38,6,ملا,ملأ
1511,11,هود,38,12,ان,إن
1511,11,هود,38,15,فانا,فإنا
1512,11,هود,39,4,ياتيه,يأتيه
1513,11,هود,40,1,حتي,حتى
1513,11,هود,40,2,اذا,إذا
1513,11,هود,40,4,امرنا,أمرنا
1513,11,هود,40,14,واهلك,وأهلك
1513,11,هود,40,15,الا,إلا
1513,11,هود,40,21,امن,آمن
1513,11,هود,40,23,امن,آمن
1513,11,هود,40,25,الا,إلا
1514,11,هود,41,8,ان,إن
1515,11,هود,42,7,ونادي,ونادى
1516,11,هود,43,2,ساوي,سآوي
1516,11,هود,43,3,الي,إلى
1516,11,هود,43,13,امر,أمر
1516,11,هود,43,15,الا,إلا
1517,11,هود,44,3,ارض,أرض
1517,11,هود,44,8,اقلعي,أقلعي
1517,11,هود,44,12,الامر,الأمر
1517,11,هود,44,14,علي,على
1518,11,هود,45,1,ونادي,ونادى
1518,11,هود,45,6,ان,إن
1518,11,هود,45,9,اهلي,أهلي
1518,11,هود,45,10,وان,وإن
1518,11,هود,45,13,وانت,وأنت
1518,11,هود,45,14,احكم,أحكم
1519,11,هود,46,4,انه,إنه
1519,11,هود,46,7,اهلك,أهلك
1519,11,هود,46,8,انه,إنه
1519,11,هود,46,13,تسالن,تسألن
1519,11,هود,46,19,اني,إني
1519,11,هود,46,20,اعظك,أعظك
1519,11,هود,46,21,ان,أن
1520,11,هود,47,3,اني,إني
1520,11,هود,47,4,اعوذ,أعوذ
1520,11,هود,47,6,ان,أن
1520,11,هود,47,7,اسالك,أسألك
1520,11,هود,47,13,والا,وإلا
1520,11,هود,47,17,اكن,أكن
1521,11,هود,48,9,وعلي,وعلى
1521,11,هود,48,10,امم,أمم
1521,11,هود,48,13,وامم,وأمم
1521,11,هود,48,19,اليم,أليم
1522,11,هود,49,3,انباء,أنباء
1522,11,هود,49,6,اليك,إليك
1522,11,هود,49,10,انت,أنت
1522,11,هود,49,17,ان,إن
1522,11,هود,49,18,العاقبه,العاقبة
1523,11,هود,50,1,والي,وإلى
1523,11,هود,50,3,اخاهم,أخاهم
1523,11,هود,50,13,اله,إله
1523,11,هود,50,15,ان,إن
1523,11,هود,50,16,انتم,أنتم
1523,11,هود,50,17,الا,إلا
1524,11,هود,51,4,اسالكم,أسألكم
1524,11,هود,51,6,اجرا,أجرا
1524,11,هود,51,7,ان,إن
1524,11,هود,51,8,اجري,أجري
1524,11,هود,51,9,الا,إلا
1524,11,هود,51,10,علي,على
1524,11,هود,51,13,افلا,أفلا
1525,11,هود,52,7,اليه,إليه
1525,11,هود,52,13,قوه,قوة
1525,11,هود,52,14,الي,إلى
1526,11,هود,53,5,جيتنا,جئتنا
1526,11,هود,53,6,ببينه,ببينة
1526,11,هود,53,10,الهتنا,آلهتنا
1526,11,هود,53,16,بمومنين,بمؤمنين
1527,11,هود,54,1,ان,إن
1527,11,هود,54,3,الا,إلا
1527,11,هود,54,6,الهتنا,آلهتنا
1527,11,هود,54,9,اني,إني
1527,11,هود,54,10,اشهد,أشهد
1527,11,هود,54,13,اني,أني
1529,11,هود,56,1,اني,إني
1529,11,هود,56,3,علي,على
1529,11,هود,56,9,دابه,دابة
1529,11,هود,56,10,الا,إلا
1529,11,هود,56,12,اخذ,آخذ
1529,11,هود,56,14,ان,إن
1529,11,هود,56,16,علي,على
1530,11,هود,57,1,فان,فإن
1530,11,هود,57,4,ابلغتكم,أبلغتكم
1530,11,هود,57,6,ارسلت,أرسلت
1530,11,هود,57,8,اليكم,إليكم
1530,11,هود,57,15,شييا,شيئا
1530,11,هود,57,16,ان,إن
1530,11,هود,57,18,علي,على
1531,11,هود,58,3,امرنا,أمرنا
1531,11,هود,58,7,امنوا,آمنوا
1531,11,هود,58,9,برحمه,برحمة
1532,11,هود,59,4,بايات,بآيات
1532,11,هود,59,9,امر,أمر
1533,11,هود,60,1,واتبعوا,وأتبعوا
1533,11,هود,60,5,لعنه,لعنة
1533,11,هود,60,7,القيامه,القيامة
1533,11,هود,60,8,الا,ألا
1533,11,هود,60,9,ان,إن
1533,11,هود,60,13,الا,ألا
1534,11,هود,61,1,والي,وإلى
1534,11,هود,61,3,اخاهم,أخاهم
1534,11,هود,61,13,اله,إله
1534,11,هود,61,16,انشاكم,أنشأكم
1534,11,هود,61,18,الارض,الأرض
1534,11,هود,61,24,اليه,إليه
1534,11,هود,61,25,ان,إن
1535,11,هود,62,10,اتنهانا,أتنهانا
1535,11,هود,62,11,ان,أن
1535,11,هود,62,15,اباونا,آباؤنا
1535,11,هود,62,16,واننا,وإننا
1535,11,هود,62,21,اليه,إليه
1536,11,هود,63,4,ارايتم,أرأيتم
1536,11,هود,63,5,ان,إن
1536,11,هود,63,7,علي,على
1536,11,هود,63,8,بينه,بينة
1536,11,هود,63,11,واتاني,وآتاني
1536,11,هود,63,13,رحمه,رحمة
1536,11,هود,63,18,ان,إن
1537,11,هود,64,4,ناقه,ناقة
1537,11,هود,64,7,ايه,آية
1537,11,هود,64,9,تاكل,تأكل
1537,11,هود,64,11,ارض,أرض
1537,11,هود,64,16,فياخذكم,فيأخذكم
1538,11,هود,65,6,ثلاثه,ثلاثة
1538,11,هود,65,7,ايام,أيام
1539,11,هود,66,3,امرنا,أمرنا
1539,11,هود,66,7,امنوا,آمنوا
1539,11,هود,66,9,برحمه,برحمة
1539,11,هود,66,13,يوميذ,يومئذ
1539,11,هود,66,14,ان,إن
1540,11,هود,67,1,واخذ,وأخذ
1540,11,هود,67,4,الصيحه,الصيحة
1540,11,هود,67,5,فاصبحوا,فأصبحوا
1541,11,هود,68,1,كان,كأن
1541,11,هود,68,5,الا,ألا
1541,11,هود,68,6,ان,إن
1541,11,هود,68,10,الا,ألا
1542,11,هود,69,4,ابراهيم,إبراهيم
1542,11,هود,69,5,بالبشري,بالبشرى
1542,11,هود,69,12,ان,أن
1543,11,هود,70,2,راي,رأى
1543,11,هود,70,3,ايديهم,أيديهم
1543,11,هود,70,6,اليه,إليه
1543,11,هود,70,8,واوجس,وأوجس
1543,11,هود,70,10,خيفه,خيفة
1543,11,هود,70,14,انا,إنا
1543,11,هود,70,15,ارسلنا,أرسلنا
1543,11,هود,70,16,الي,إلى
1544,11,هود,71,1,وامراته,وامرأته
1544,11,هود,71,2,قايمه,قائمة
1544,11,هود,71,5,باسحاق,بإسحاق
1544,11,هود,71,8,اسحاق,إسحاق
1545,11,هود,72,3,ويلتي,ويلتى
1545,11,هود,72,4,االد,أألد
1545,11,هود,72,5,وانا,وأنا
1545,11,هود,72,10,ان,إن
1546,11,هود,73,2,اتعجبين,أتعجبين
1546,11,هود,73,4,امر,أمر
1546,11,هود,73,10,اهل,أهل
1546,11,هود,73,12,انه,إنه
1547,11,هود,74,4,ابراهيم,إبراهيم
1547,11,هود,74,7,البشري,البشرى
1548,11,هود,75,1,ان,إن
1548,11,هود,75,2,ابراهيم,إبراهيم
1548,11,هود,75,4,اواه,أواه
1549,11,هود,76,2,ابراهيم,إبراهيم
1549,11,هود,76,3,اعرض,أعرض
1549,11,هود,76,6,انه,إنه
1549,11,هود,76,9,امر,أمر
1549,11,هود,76,11,وانهم,وإنهم
1549,11,هود,76,12,اتيهم,آتيهم
1551,11,هود,78,4,اليه,إليه
1551,11,هود,78,9,السييات,السيئات
1551,11,هود,78,13,هولاء,هؤلاء
1551,11,هود,78,16,اطهر,أطهر
1551,11,هود,78,24,اليس,أليس
1552,11,هود,79,10,وانك,وإنك
1553,11,هود,80,3,ان,أن
1553,11,هود,80,6,قوه,قوة
1553,11,هود,80,7,او,أو
1553,11,هود,80,8,اوي,آوي
1553,11,هود,80,9,الي,إلى
1554,11,هود,81,4,انا,إنا
1554,11,هود,81,9,اليك,إليك
1554,11,هود,81,10,فاسر,فأسر
1554,11,هود,81,11,باهلك,بأهلك
1554,11,هود,81,18,احد,أحد
1554,11,هود,81,19,الا,إلا
1554,11,هود,81,20,امراتك,امرأتك
1554,11,هود,81,21,انه,إنه
1554,11,هود,81,24,اصابهم,أصابهم
1554,11,هود,81,25,ان,إن
1554,11,هود,81,28,اليس,أليس
1555,11,هود,82,3,امرنا,أمرنا
1555,11,هود,82,7,وامطرنا,وأمطرنا
1555,11,هود,82,9,حجاره,حجارة
1556,11,هود,83,1,مسومه,مسومة
1557,11,هود,84,1,والي,وإلى
1557,11,هود,84,3,اخاهم,أخاهم
1557,11,هود,84,13,اله,إله
1557,11,هود,84,19,اني,إني
1557,11,هود,84,20,اراكم,أراكم
1557,11,هود,84,22,واني,وإني
1557,11,هود,84,23,اخاف,أخاف
1558,11,هود,85,3,اوفوا,أوفوا
1558,11,هود,85,10,اشياءهم,أشياءهم
1558,11,هود,85,14,الارض,الأرض
1559,11,هود,86,5,ان,إن
1559,11,هود,86,7,مومنين,مؤمنين
1559,11,هود,86,9,انا,أنا
1560,11,هود,87,4,اصلاتك,أصلاتك
1560,11,هود,87,5,تامرك,تأمرك
1560,11,هود,87,6,ان,أن
1560,11,هود,87,10,اباونا,آباؤنا
1560,11,هود,87,11,او,أو
1560,11,هود,87,12,ان,أن
1560,11,هود,87,15,اموالنا,أموالنا
1560,11,هود,87,18,انك,إنك
1560,11,هود,87,19,لانت,لأنت
1561,11,هود,88,4,ارايتم,أرأيتم
1561,11,هود,88,5,ان,إن
1561,11,هود,88,7,علي,على
1561,11,هود,88,8,بينه,بينة
1561,11,هود,88,16,اريد,أريد
1561,11,هود,88,17,ان,أن
1561,11,هود,88,18,اخالفكم,أخالفكم
1561,11,هود,88,19,الي,إلى
1561,11,هود,88,21,انهاكم,أنهاكم
1561,11,هود,88,23,ان,إن
1561,11,هود,88,24,اريد,أريد
1561,11,هود,88,25,الا,إلا
1561,11,هود,88,26,الاصلاح,الإصلاح
1561,11,هود,88,31,الا,إلا
1561,11,هود,88,35,واليه,وإليه
1561,11,هود,88,36,انيب,أنيب
1562,11,هود,89,6,ان,أن
1562,11,هود,89,10,اصاب,أصاب
1562,11,هود,89,13,او,أو
1562,11,هود,89,16,او,أو
1563,11,هود,90,5,اليه,إليه
1563,11,هود,90,6,ان,إن
1564,11,هود,91,9,وانا,وإنا
1564,11,هود,91,17,انت,أنت
1565,11,هود,92,4,ارهطي,أرهطي
1565,11,هود,92,5,اعز,أعز
1565,11,هود,92,12,ان,إن
1566,11,هود,93,4,علي,على
1566,11,هود,93,6,اني,إني
1566,11,هود,93,11,ياتيه,يأتيه
1566,11,هود,93,18,اني,إني
1567,11,هود,94,3,امرنا,أمرنا
1567,11,هود,94,7,امنوا,آمنوا
1567,11,هود,94,9,برحمه,برحمة
1567,11,هود,94,11,واخذت,وأخذت
1567,11,هود,94,14,الصيحه,الصيحة
1567,11,هود,94,15,فاصبحوا,فأصبحوا
1568,11,هود,95,1,كان,كأن
1568,11,هود,95,5,الا,ألا
1569,11,هود,96,2,ارسلنا,أرسلنا
1569,11,هود,96,3,موسي,موسى
1569,11,هود,96,4,باياتنا,بآياتنا
1570,11,هود,97,1,الي,إلى
1570,11,هود,97,3,ومليه,وملئه
1570,11,هود,97,5,امر,أمر
1570,11,هود,97,8,امر,أمر
1571,11,هود,98,4,القيامه,القيامة
1571,11,هود,98,5,فاوردهم,فأوردهم
1571,11,هود,98,7,وبيس,وبئس
1572,11,هود,99,1,واتبعوا,وأتبعوا
1572,11,هود,99,4,لعنه,لعنة
1572,11,هود,99,6,القيامه,القيامة
1572,11,هود,99,7,بيس,بئس
1573,11,هود,100,3,انباء,أنباء
1573,11,هود,100,4,القري,القرى
1573,11,هود,100,8,قايم,قائم
1574,11,هود,101,5,انفسهم,أنفسهم
1574,11,هود,101,7,اغنت,أغنت
1574,11,هود,101,9,الهتهم,آلهتهم
1574,11,هود,101,19,امر,أمر
1575,11,هود,102,2,اخذ,أخذ
1575,11,هود,102,4,اذا,إذا
1575,11,هود,102,5,اخذ,أخذ
1575,11,هود,102,6,القري,القرى
1575,11,هود,102,8,ظالمه,ظالمة
1575,11,هود,102,9,ان,إن
1575,11,هود,102,10,اخذه,أخذه
1575,11,هود,102,11,اليم,أليم
1576,11,هود,103,1,ان,إن
1576,11,هود,103,4,لايه,لآية
1576,11,هود,103,8,الاخره,الآخرة
1577,11,هود,104,2,نوخره,نؤخره
1577,11,هود,104,3,الا,إلا
1577,11,هود,104,4,لاجل,لأجل
1578,11,هود,105,2,يات,يأت
1578,11,هود,105,6,الا,إلا
1578,11,هود,105,7,باذنه,بإذنه
1579,11,هود,106,1,فاما,فأما
1580,11,هود,107,6,والارض,والأرض
1580,11,هود,107,7,الا,إلا
1580,11,هود,107,11,ان,إن
1581,11,هود,108,1,واما,وأما
1581,11,هود,108,5,الجنه,الجنة
1581,11,هود,108,11,والارض,والأرض
1581,11,هود,108,12,الا,إلا
1582,11,هود,109,4,مريه,مرية
1582,11,هود,109,7,هولاء,هؤلاء
1582,11,هود,109,10,الا,إلا
1582,11,هود,109,13,اباوهم,آباؤهم
1582,11,هود,109,16,وانا,وإنا
1583,11,هود,110,2,اتينا,آتينا
1583,11,هود,110,3,موسي,موسى
1583,11,هود,110,8,كلمه,كلمة
1583,11,هود,110,14,وانهم,وإنهم
1584,11,هود,111,1,وان,وإن
1584,11,هود,111,6,اعمالهم,أعمالهم
1584,11,هود,111,7,انه,إنه
1585,11,هود,112,3,امرت,أمرت
1585,11,هود,112,9,انه,إنه
1586,11,هود,113,3,الي,إلى
1586,11,هود,113,14,اولياء,أولياء
1587,11,هود,114,1,واقم,وأقم
1587,11,هود,114,2,الصلاه,الصلاة
1587,11,هود,114,8,ان,إن
1587,11,هود,114,11,السييات,السيئات
1587,11,هود,114,13,ذكري,ذكرى
1588,11,هود,115,2,فان,فإن
1588,11,هود,115,6,اجر,أجر
1589,11,هود,116,7,اولو,أولو
1589,11,هود,116,8,بقيه,بقية
1589,11,هود,116,13,الارض,الأرض
1589,11,هود,116,14,الا,إلا
1589,11,هود,116,17,انجينا,أنجينا
1589,11,هود,116,23,اترفوا,أترفوا
1590,11,هود,117,5,القري,القرى
1590,11,هود,117,7,واهلها,وأهلها
1591,11,هود,118,6,امه,أمة
1591,11,هود,118,7,واحده,واحدة
1592,11,هود,119,1,الا,إلا
1592,11,هود,119,8,كلمه,كلمة
1592,11,هود,119,10,لاملان,لأملأن
1592,11,هود,119,13,الجنه,الجنة
1592,11,هود,119,15,اجمعين,أجمعين
1593,11,هود,120,5,انباء,أنباء
1593,11,هود,120,10,فوادك,فؤادك
1593,11,هود,120,15,وموعظه,وموعظة
1593,11,هود,120,16,وذكري,وذكرى
1593,11,هود,120,17,للمومنين,للمؤمنين
1594,11,هود,121,4,يومنون,يؤمنون
1594,11,هود,121,6,علي,على
1594,11,هود,121,8,انا,إنا
1595,11,هود,122,2,انا,إنا
1596,11,هود,123,4,والارض,والأرض
1596,11,هود,123,5,واليه,وإليه
1596,11,هود,123,7,الامر,الأمر
1597,12,يوسف,1,7,ايات,آيات
1598,12,يوسف,2,1,انا,إنا
1598,12,يوسف,2,2,انزلناه,أنزلناه
1598,12,يوسف,2,3,قرانا,قرآنا
1599,12,يوسف,3,4,احسن,أحسن
1599,12,يوسف,3,7,اوحينا,أوحينا
1599,12,يوسف,3,8,اليك,إليك
1599,12,يوسف,3,10,القران,القرآن
1599,12,يوسف,3,11,وان,وإن
1600,12,يوسف,4,1,اذ,إذ
1600,12,يوسف,4,4,لابيه,لأبيه
1600,12,يوسف,4,6,ابت,أبت
1600,12,يوسف,4,7,اني,إني
1600,12,يوسف,4,8,رايت,رأيت
1600,12,يوسف,4,9,احد,أحد
1600,12,يوسف,4,14,رايتهم,رأيتهم
1601,12,يوسف,5,6,روياك,رؤياك
1601,12,يوسف,5,7,علي,على
1601,12,يوسف,5,8,اخوتك,إخوتك
1601,12,يوسف,5,12,ان,إن
1601,12,يوسف,5,14,للانسان,للإنسان
1602,12,يوسف,6,6,تاويل,تأويل
1602,12,يوسف,6,7,الاحاديث,الأحاديث
1602,12,يوسف,6,11,وعلي,وعلى
1602,12,يوسف,6,12,ال,آل
1602,12,يوسف,6,15,اتمها,أتمها
1602,12,يوسف,6,16,علي,على
1602,12,يوسف,6,17,ابويك,أبويك
1602,12,يوسف,6,20,ابراهيم,إبراهيم
1602,12,يوسف,6,21,واسحاق,وإسحاق
1602,12,يوسف,6,22,ان,إن
1603,12,يوسف,7,5,واخوته,وإخوته
1603,12,يوسف,7,6,ايات,آيات
1603,12,يوسف,7,7,للسايلين,للسائلين
1604,12,يوسف,8,1,اذ,إذ
1604,12,يوسف,8,4,واخوه,وأخوه
1604,12,يوسف,8,5,احب,أحب
1604,12,يوسف,8,6,الي,إلى
1604,12,يوسف,8,7,ابينا,أبينا
1604,12,يوسف,8,10,عصبه,عصبة
1604,12,يوسف,8,11,ان,إن
1604,12,يوسف,8,12,ابانا,أبانا
1605,12,يوسف,9,3,او,أو
1605,12,يوسف,9,5,ارضا,أرضا
1605,12,يوسف,9,9,ابيكم,أبيكم
1606,12,يوسف,10,2,قايل,قائل
1606,12,يوسف,10,7,والقوه,وألقوه
1606,12,يوسف,10,13,السياره,السيارة
1606,12,يوسف,10,14,ان,إن
1607,12,يوسف,11,3,ابانا,أبانا
1607,12,يوسف,11,7,تامنا,تأمنا
1607,12,يوسف,11,8,علي,على
1607,12,يوسف,11,10,وانا,وإنا
1608,12,يوسف,12,1,ارسله,أرسله
1608,12,يوسف,12,6,وانا,وإنا
1609,12,يوسف,13,2,اني,إني
1609,12,يوسف,13,4,ان,أن
1609,12,يوسف,13,7,واخاف,وأخاف
1609,12,يوسف,13,8,ان,أن
1609,12,يوسف,13,9,ياكله,يأكله
1609,12,يوسف,13,10,الذيب,الذئب
1609,12,يوسف,13,11,وانتم,وأنتم
1610,12,يوسف,14,2,لين,لئن
1610,12,يوسف,14,3,اكله,أكله
1610,12,يوسف,14,4,الذيب,الذئب
1610,12,يوسف,14,6,عصبه,عصبة
1610,12,يوسف,14,7,انا,إنا
1610,12,يوسف,14,8,اذا,إذا
1611,12,يوسف,15,4,واجمعوا,وأجمعوا
1611,12,يوسف,15,5,ان,أن
1611,12,يوسف,15,10,واوحينا,وأوحينا
1611,12,يوسف,15,11,اليه,إليه
1611,12,يوسف,15,12,لتنبينهم,لتنبئنهم
1611,12,يوسف,15,13,بامرهم,بأمرهم
1612,12,يوسف,16,2,اباهم,أباهم
1613,12,يوسف,17,3,ابانا,أبانا
1613,12,يوسف,17,4,انا,إنا
1613,12,يوسف,17,11,فاكله,فأكله
1613,12,يوسف,17,12,الذيب,الذئب
1613,12,يوسف,17,14,انت,أنت
1613,12,يوسف,17,15,بمومن,بمؤمن
1614,12,يوسف,18,2,علي,على
1614,12,يوسف,18,10,انفسكم,أنفسكم
1614,12,يوسف,18,11,امرا,أمرا
1614,12,يوسف,18,16,علي,على
1615,12,يوسف,19,2,سياره,سيارة
1615,12,يوسف,19,3,فارسلوا,فأرسلوا
1615,12,يوسف,19,5,فادلي,فأدلى
1615,12,يوسف,19,9,بشري,بشرى
1615,12,يوسف,19,12,واسروه,وأسروه
1615,12,يوسف,19,13,بضاعه,بضاعة
1616,12,يوسف,20,5,معدوده,معدودة
1617,12,يوسف,21,6,لامراته,لامرأته
1617,12,يوسف,21,7,اكرمي,أكرمي
1617,12,يوسف,21,9,عسي,عسى
1617,12,يوسف,21,10,ان,أن
1617,12,يوسف,21,12,او,أو
1617,12,يوسف,21,19,الارض,الأرض
1617,12,يوسف,21,22,تاويل,تأويل
1617,12,يوسف,21,23,الاحاديث,الأحاديث
1617,12,يوسف,21,26,علي,على
1617,12,يوسف,21,27,امره,أمره
1617,12,يوسف,21,29,اكثر,أكثر
1618,12,يوسف,22,3,اشده,أشده
1618,12,يوسف,22,4,اتيناه,آتيناه
1619,12,يوسف,23,9,الابواب,الأبواب
1619,12,يوسف,23,16,انه,إنه
1619,12,يوسف,23,18,احسن,أحسن
1619,12,يوسف,23,20,انه,إنه
1620,12,يوسف,24,7,ان,أن
1620,12,يوسف,24,8,راي,رأى
1620,12,يوسف,24,16,انه,إنه
1621,12,يوسف,25,7,والفيا,وألفيا
1621,12,يوسف,25,9,لدي,لدى
1621,12,يوسف,25,15,اراد,أراد
1621,12,يوسف,25,16,باهلك,بأهلك
1621,12,يوسف,25,18,الا,إلا
1621,12,يوسف,25,19,ان,أن
1621,12,يوسف,25,21,او,أو
1621,12,يوسف,25,23,اليم,أليم
1622,12,يوسف,26,9,اهلها,أهلها
1622,12,يوسف,26,10,ان,إن
1623,12,يوسف,27,1,وان,وإن
1624,12,يوسف,28,2,راي,رأى
1624,12,يوسف,28,8,انه,إنه
1624,12,يوسف,28,11,ان,إن
1625,12,يوسف,29,2,اعرض,أعرض
1625,12,يوسف,29,7,انك,إنك
1625,12,يوسف,29,10,الخاطيين,الخاطئين
1626,12,يوسف,30,2,نسوه,نسوة
1626,12,يوسف,30,4,المدينه,المدينة
1626,12,يوسف,30,5,امرات,امرأت
1626,12,يوسف,30,14,انا,إنا
1627,12,يوسف,31,4,ارسلت,أرسلت
1627,12,يوسف,31,5,اليهن,إليهن
1627,12,يوسف,31,6,واعتدت,وأعتدت
1627,12,يوسف,31,8,متكا,متكأ
1627,12,يوسف,31,9,واتت,وآتت
1627,12,يوسف,31,11,واحده,واحدة
1627,12,يوسف,31,18,راينه,رأينه
1627,12,يوسف,31,19,اكبرنه,أكبرنه
1627,12,يوسف,31,21,ايديهن,أيديهن
1627,12,يوسف,31,28,ان,إن
1627,12,يوسف,31,30,الا,إلا
1628,12,يوسف,32,11,ولين,ولئن
1628,12,يوسف,32,15,امره,آمره
1629,12,يوسف,33,4,احب,أحب
1629,12,يوسف,33,5,الي,إلي
1629,12,يوسف,33,8,اليه,إليه
1629,12,يوسف,33,9,والا,وإلا
1629,12,يوسف,33,13,اصب,أصب
1629,12,يوسف,33,14,اليهن,إليهن
1629,12,يوسف,33,15,واكن,وأكن
1630,12,يوسف,34,7,انه,إنه
1631,12,يوسف,35,7,راوا,رأوا
1631,12,يوسف,35,8,الايات,الآيات
1631,12,يوسف,35,10,حتي,حتى
1632,12,يوسف,36,6,احدهما,أحدهما
1632,12,يوسف,36,7,اني,إني
1632,12,يوسف,36,8,اراني,أراني
1632,12,يوسف,36,9,اعصر,أعصر
1632,12,يوسف,36,12,الاخر,الآخر
1632,12,يوسف,36,13,اني,إني
1632,12,يوسف,36,14,اراني,أراني
1632,12,يوسف,36,15,احمل,أحمل
1632,12,يوسف,36,17,راسي,رأسي
1632,12,يوسف,36,19,تاكل,تأكل
1632,12,يوسف,36,22,نبينا,نبئنا
1632,12,يوسف,36,23,بتاويله,بتأويله
1632,12,يوسف,36,24,انا,إنا
1633,12,يوسف,37,3,ياتيكما,يأتيكما
1633,12,يوسف,37,6,الا,إلا
1633,12,يوسف,37,7,نباتكما,نبأتكما
1633,12,يوسف,37,8,بتاويله,بتأويله
1633,12,يوسف,37,10,ان,أن
1633,12,يوسف,37,11,ياتيكما,يأتيكما
1633,12,يوسف,37,16,اني,إني
1633,12,يوسف,37,18,مله,ملة
1633,12,يوسف,37,21,يومنون,يؤمنون
1633,12,يوسف,37,24,بالاخره,بالآخرة
1634,12,يوسف,38,2,مله,ملة
1634,12,يوسف,38,3,ابايي,آبائي
1634,12,يوسف,38,4,ابراهيم,إبراهيم
1634,12,يوسف,38,5,واسحاق,وإسحاق
1634,12,يوسف,38,10,ان,أن
1634,12,يوسف,38,20,وعلي,وعلى
1634,12,يوسف,38,23,اكثر,أكثر
1635,12,يوسف,39,4,اارباب,أأرباب
1635,12,يوسف,39,7,ام,أم
1636,12,يوسف,40,5,الا,إلا
1636,12,يوسف,40,6,اسماء,أسماء
1636,12,يوسف,40,8,انتم,أنتم
1636,12,يوسف,40,9,واباوكم,وآباؤكم
1636,12,يوسف,40,11,انزل,أنزل
1636,12,يوسف,40,16,ان,إن
1636,12,يوسف,40,18,الا,إلا
1636,12,يوسف,40,20,امر,أمر
1636,12,يوسف,40,21,الا,ألا
1636,12,يوسف,40,23,الا,إلا
1636,12,يوسف,40,24,اياه,إياه
1636,12,يوسف,40,29,اكثر,أكثر
1637,12,يوسف,41,4,اما,أما
1637,12,يوسف,41,5,احدكما,أحدكما
1637,12,يوسف,41,9,واما,وأما
1637,12,يوسف,41,10,الاخر,الآخر
1637,12,يوسف,41,12,فتاكل,فتأكل
1637,12,يوسف,41,15,راسه,رأسه
1637,12,يوسف,41,17,الامر,الأمر
1638,12,يوسف,42,4,انه,أنه
1638,12,يوسف,42,10,فانساه,فأنساه
1639,12,يوسف,43,3,اني,إني
1639,12,يوسف,43,4,اري,أرى
1639,12,يوسف,43,8,ياكلهن,يأكلهن
1639,12,يوسف,43,14,واخر,وأخر
1639,12,يوسف,43,17,ايها,أيها
1639,12,يوسف,43,18,الملا,الملأ
1639,12,يوسف,43,19,افتوني,أفتوني
1639,12,يوسف,43,21,روياي,رؤياي
1639,12,يوسف,43,22,ان,إن
1639,12,يوسف,43,24,للرويا,للرؤيا
1640,12,يوسف,44,2,اضغاث,أضغاث
1640,12,يوسف,44,3,احلام,أحلام
1640,12,يوسف,44,6,بتاويل,بتأويل
1640,12,يوسف,44,7,الاحلام,الأحلام
1641,12,يوسف,45,7,امه,أمة
1641,12,يوسف,45,8,انا,أنا
1641,12,يوسف,45,9,انبيكم,أنبئكم
1641,12,يوسف,45,10,بتاويله,بتأويله
1641,12,يوسف,45,11,فارسلون,فأرسلون
1642,12,يوسف,46,2,ايها,أيها
1642,12,يوسف,46,4,افتنا,أفتنا
1642,12,يوسف,46,9,ياكلهن,يأكلهن
1642,12,يوسف,46,15,واخر,وأخر
1642,12,يوسف,46,18,ارجع,أرجع
1642,12,يوسف,46,19,الي,إلى
1643,12,يوسف,47,5,دابا,دأبا
1643,12,يوسف,47,11,الا,إلا
1643,12,يوسف,47,14,تاكلون,تأكلون
1644,12,يوسف,48,2,ياتي,يأتي
1644,12,يوسف,48,8,ياكلن,يأكلن
1644,12,يوسف,48,12,الا,إلا
1645,12,يوسف,49,2,ياتي,يأتي
1646,12,يوسف,50,3,ايتوني,ائتوني
1646,12,يوسف,50,10,الي,إلى
1646,12,يوسف,50,12,فاساله,فاسأله
1646,12,يوسف,50,15,النسوه,النسوة
1646,12,يوسف,50,18,ايديهن,أيديهن
1646,12,يوسف,50,19,ان,إن
1647,12,يوسف,51,4,اذ,إذ
1647,12,يوسف,51,18,امرات,امرأت
1647,12,يوسف,51,20,الان,الآن
1647,12,يوسف,51,23,انا,أنا
1647,12,يوسف,51,27,وانه,وإنه
1648,12,يوسف,52,3,اني,أني
1648,12,يوسف,52,5,اخنه,أخنه
1648,12,يوسف,52,7,وان,وأن
1648,12,يوسف,52,12,الخاينين,الخائنين
1649,12,يوسف,53,2,ابري,أبرئ
1649,12,يوسف,53,4,ان,إن
1649,12,يوسف,53,6,لاماره,لأمارة
1649,12,يوسف,53,8,الا,إلا
1649,12,يوسف,53,12,ان,إن
1650,12,يوسف,54,3,ايتوني,ائتوني
1650,12,يوسف,54,5,استخلصه,أستخلصه
1650,12,يوسف,54,10,انك,إنك
1650,12,يوسف,54,14,امين,أمين
1651,12,يوسف,55,3,علي,على
1651,12,يوسف,55,4,خزاين,خزائن
1651,12,يوسف,55,5,الارض,الأرض
1651,12,يوسف,55,6,اني,إني
1652,12,يوسف,56,5,الارض,الأرض
1652,12,يوسف,56,6,يتبوا,يتبوأ
1652,12,يوسف,56,16,اجر,أجر
1653,12,يوسف,57,1,ولاجر,ولأجر
1653,12,يوسف,57,2,الاخره,الآخرة
1653,12,يوسف,57,5,امنوا,آمنوا
1654,12,يوسف,58,2,اخوه,إخوة
1655,12,يوسف,59,5,ايتوني,ائتوني
1655,12,يوسف,59,6,باخ,بأخ
1655,12,يوسف,59,9,ابيكم,أبيكم
1655,12,يوسف,59,10,الا,ألا
1655,12,يوسف,59,12,اني,أني
1655,12,يوسف,59,13,اوفي,أوفي
1655,12,يوسف,59,15,وانا,وأنا
1656,12,يوسف,60,1,فان,فإن
1656,12,يوسف,60,3,تاتوني,تأتوني
1657,12,يوسف,61,4,اباه,أباه
1657,12,يوسف,61,5,وانا,وإنا
1658,12,يوسف,62,9,اذا,إذا
1658,12,يوسف,62,11,الي,إلى
1658,12,يوسف,62,12,اهلهم,أهلهم
1659,12,يوسف,63,3,الي,إلى
1659,12,يوسف,63,4,ابيهم,أبيهم
1659,12,يوسف,63,7,ابانا,أبانا
1659,12,يوسف,63,11,فارسل,فأرسل
1659,12,يوسف,63,13,اخانا,أخانا
1659,12,يوسف,63,15,وانا,وإنا
1660,12,يوسف,64,3,امنكم,آمنكم
1660,12,يوسف,64,5,الا,إلا
1660,12,يوسف,64,7,امنتكم,أمنتكم
1660,12,يوسف,64,8,علي,على
1660,12,يوسف,64,9,اخيه,أخيه
1660,12,يوسف,64,16,ارحم,أرحم
1661,12,يوسف,65,7,اليهم,إليهم
1661,12,يوسف,65,10,ابانا,أبانا
1661,12,يوسف,65,16,الينا,إلينا
1661,12,يوسف,65,18,اهلنا,أهلنا
1661,12,يوسف,65,20,اخانا,أخانا
1662,12,يوسف,66,3,ارسله,أرسله
1662,12,يوسف,66,5,حتي,حتى
1662,12,يوسف,66,6,توتون,تؤتون
1662,12,يوسف,66,10,لتاتنني,لتأتنني
1662,12,يوسف,66,12,الا,إلا
1662,12,يوسف,66,13,ان,أن
1662,12,يوسف,66,17,اتوه,آتوه
1662,12,يوسف,66,21,علي,على
1663,12,يوسف,67,11,ابواب,أبواب
1663,12,يوسف,67,12,متفرقه,متفرقة
1663,12,يوسف,67,14,اغني,أغني
1663,12,يوسف,67,20,ان,إن
1663,12,يوسف,67,22,الا,إلا
1664,12,يوسف,68,5,امرهم,أمرهم
1664,12,يوسف,68,6,ابوهم,أبوهم
1664,12,يوسف,68,15,الا,إلا
1664,12,يوسف,68,16,حاجه,حاجة
1664,12,يوسف,68,21,وانه,وإنه
1664,12,يوسف,68,27,اكثر,أكثر
1665,12,يوسف,69,3,علي,على
1665,12,يوسف,69,5,اوي,آوى
1665,12,يوسف,69,6,اليه,إليه
1665,12,يوسف,69,7,اخاه,أخاه
1665,12,يوسف,69,9,اني,إني
1665,12,يوسف,69,10,انا,أنا
1665,12,يوسف,69,11,اخوك,أخوك
1665,12,يوسف,69,13,تبتيس,تبتئس
1666,12,يوسف,70,5,السقايه,السقاية
1666,12,يوسف,70,8,اخيه,أخيه
1666,12,يوسف,70,10,اذن,أذن
1666,12,يوسف,70,11,موذن,مؤذن
1666,12,يوسف,70,12,ايتها,أيتها
1666,12,يوسف,70,14,انكم,إنكم
1667,12,يوسف,71,2,واقبلوا,وأقبلوا
1668,12,يوسف,72,10,وانا,وأنا
1669,12,يوسف,73,6,جينا,جئنا
1669,12,يوسف,73,9,الارض,الأرض
1670,12,يوسف,74,3,جزاوه,جزاؤه
1670,12,يوسف,74,4,ان,إن
1671,12,يوسف,75,2,جزاوه,جزاؤه
1671,12,يوسف,75,8,جزاوه,جزاؤه
1672,12,يوسف,76,1,فبدا,فبدأ
1672,12,يوسف,76,2,باوعيتهم,بأوعيتهم
1672,12,يوسف,76,5,اخيه,أخيه
1672,12,يوسف,76,10,اخيه,أخيه
1672,12,يوسف,76,16,لياخذ,ليأخذ
1672,12,يوسف,76,17,اخاه,أخاه
1672,12,يوسف,76,21,الا,إلا
1672,12,يوسف,76,22,ان,أن
1673,12,يوسف,77,2,ان,إن
1673,12,يوسف,77,6,اخ,أخ
1673,12,يوسف,77,10,فاسرها,فأسرها
1673,12,يوسف,77,18,انتم,أنتم
1673,12,يوسف,77,22,اعلم,أعلم
1674,12,يوسف,78,3,ايها,أيها
1674,12,يوسف,78,5,ان,إن
1674,12,يوسف,78,7,ابا,أبا
1674,12,يوسف,78,11,احدنا,أحدنا
1674,12,يوسف,78,13,انا,إنا
1675,12,يوسف,79,4,ان,أن
1675,12,يوسف,79,5,ناخذ,نأخذ
1675,12,يوسف,79,6,الا,إلا
1675,12,يوسف,79,11,انا,إنا
1675,12,يوسف,79,12,اذا,إذا
1676,12,يوسف,80,2,استياسوا,استيأسوا
1676,12,يوسف,80,8,الم,ألم
1676,12,يوسف,80,10,ان,أن
1676,12,يوسف,80,11,اباكم,أباكم
1676,12,يوسف,80,13,اخذ,أخذ
1676,12,يوسف,80,25,ابرح,أبرح
1676,12,يوسف,80,26,الارض,الأرض
1676,12,يوسف,80,27,حتي,حتى
1676,12,يوسف,80,28,ياذن,يأذن
1676,12,يوسف,80,30,ابي,أبي
1676,12,يوسف,80,31,او,أو
1677,12,يوسف,81,2,الي,إلى
1677,12,يوسف,81,3,ابيكم,أبيكم
1677,12,يوسف,81,6,ابانا,أبانا
1677,12,يوسف,81,7,ان,إن
1677,12,يوسف,81,12,الا,إلا
1678,12,يوسف,82,1,واسال,واسأل
1678,12,يوسف,82,2,القريه,القرية
1678,12,يوسف,82,8,اقبلنا,أقبلنا
1678,12,يوسف,82,10,وانا,وإنا
1679,12,يوسف,83,5,انفسكم,أنفسكم
1679,12,يوسف,83,6,امرا,أمرا
1679,12,يوسف,83,9,عسي,عسى
1679,12,يوسف,83,11,ان,أن
1679,12,يوسف,83,12,ياتيني,يأتيني
1679,12,يوسف,83,15,انه,إنه
1680,12,يوسف,84,1,وتولي,وتولى
1680,12,يوسف,84,5,اسفي,أسفى
1680,12,يوسف,84,6,علي,على
1681,12,يوسف,85,3,تفتا,تفتأ
1681,12,يوسف,85,6,حتي,حتى
1681,12,يوسف,85,9,او,أو
1682,12,يوسف,86,2,انما,إنما
1682,12,يوسف,86,3,اشكو,أشكو
1682,12,يوسف,86,6,الي,إلى
1682,12,يوسف,86,8,واعلم,وأعلم
1683,12,يوسف,87,7,واخيه,وأخيه
1683,12,يوسف,87,9,تياسوا,تيأسوا
1683,12,يوسف,87,13,انه,إنه
1683,12,يوسف,87,15,يياس,ييأس
1683,12,يوسف,87,19,الا,إلا
1684,12,يوسف,88,6,ايها,أيها
1684,12,يوسف,88,9,واهلنا,وأهلنا
1684,12,يوسف,88,11,وجينا,وجئنا
1684,12,يوسف,88,12,ببضاعه,ببضاعة
1684,12,يوسف,88,13,مزجاه,مزجاة
1684,12,يوسف,88,14,فاوف,فأوف
1684,12,يوسف,88,19,ان,إن
1685,12,يوسف,89,7,واخيه,وأخيه
1685,12,يوسف,89,8,اذ,إذ
1685,12,يوسف,89,9,انتم,أنتم
1686,12,يوسف,90,2,اانك,أإنك
1686,12,يوسف,90,3,لانت,لأنت
1686,12,يوسف,90,6,انا,أنا
1686,12,يوسف,90,9,اخي,أخي
1686,12,يوسف,90,14,انه,إنه
1686,12,يوسف,90,18,فان,فإن
1686,12,يوسف,90,22,اجر,أجر
1687,12,يوسف,91,4,اثرك,آثرك
1687,12,يوسف,91,7,وان,وإن
1687,12,يوسف,91,9,لخاطيين,لخاطئين
1688,12,يوسف,92,10,ارحم,أرحم
1689,12,يوسف,93,4,فالقوه,فألقوه
1689,12,يوسف,93,5,علي,على
1689,12,يوسف,93,7,ابي,أبي
1689,12,يوسف,93,8,يات,يأت
1689,12,يوسف,93,10,واتوني,وأتوني
1689,12,يوسف,93,11,باهلكم,بأهلكم
1689,12,يوسف,93,12,اجمعين,أجمعين
1690,12,يوسف,94,5,ابوهم,أبوهم
1690,12,يوسف,94,6,اني,إني
1690,12,يوسف,94,7,لاجد,لأجد
1690,12,يوسف,94,11,ان,أن
1691,12,يوسف,95,3,انك,إنك
1692,12,يوسف,96,2,ان,أن
1692,12,يوسف,96,5,القاه,ألقاه
1692,12,يوسف,96,6,علي,على
1692,12,يوسف,96,11,الم,ألم
1692,12,يوسف,96,12,اقل,أقل
1692,12,يوسف,96,14,اني,إني
1692,12,يوسف,96,15,اعلم,أعلم
1693,12,يوسف,97,3,ابانا,أبانا
1693,12,يوسف,97,7,انا,إنا
1693,12,يوسف,97,9,خاطيين,خاطئين
1694,12,يوسف,98,3,استغفر,أستغفر
1694,12,يوسف,98,6,انه,إنه
1695,12,يوسف,99,3,علي,على
1695,12,يوسف,99,5,اوي,آوى
1695,12,يوسف,99,6,اليه,إليه
1695,12,يوسف,99,7,ابويه,أبويه
1695,12,يوسف,99,11,ان,إن
1695,12,يوسف,99,14,امنين,آمنين
1696,12,يوسف,100,2,ابويه,أبويه
1696,12,يوسف,100,3,علي,على
1696,12,يوسف,100,10,ابت,أبت
1696,12,يوسف,100,12,تاويل,تأويل
1696,12,يوسف,100,13,روياي,رؤياي
1696,12,يوسف,100,21,احسن,أحسن
1696,12,يوسف,100,23,اذ,إذ
1696,12,يوسف,100,24,اخرجني,أخرجني
1696,12,يوسف,100,33,ان,أن
1696,12,يوسف,100,38,اخوتي,إخوتي
1696,12,يوسف,100,39,ان,إن
1696,12,يوسف,100,44,انه,إنه
1697,12,يوسف,101,3,اتيتني,آتيتني
1697,12,يوسف,101,8,تاويل,تأويل
1697,12,يوسف,101,9,الاحاديث,الأحاديث
1697,12,يوسف,101,12,والارض,والأرض
1697,12,يوسف,101,13,انت,أنت
1697,12,يوسف,101,17,والاخره,والآخرة
1697,12,يوسف,101,20,والحقني,وألحقني
1698,12,يوسف,102,3,انباء,أنباء
1698,12,يوسف,102,6,اليك,إليك
1698,12,يوسف,102,10,اذ,إذ
1698,12,يوسف,102,11,اجمعوا,أجمعوا
1698,12,يوسف,102,12,امرهم,أمرهم
1699,12,يوسف,103,2,اكثر,أكثر
1699,12,يوسف,103,6,بمومنين,بمؤمنين
1700,12,يوسف,104,2,تسالهم,تسألهم
1700,12,يوسف,104,5,اجر,أجر
1700,12,يوسف,104,6,ان,إن
1700,12,يوسف,104,8,الا,إلا
1701,12,يوسف,105,1,وكاين,وكأين
1701,12,يوسف,105,3,ايه,آية
1701,12,يوسف,105,6,والارض,والأرض
1702,12,يوسف,106,2,يومن,يؤمن
1702,12,يوسف,106,3,اكثرهم,أكثرهم
1702,12,يوسف,106,5,الا,إلا
1703,12,يوسف,107,1,افامنوا,أفأمنوا
1703,12,يوسف,107,2,ان,أن
1703,12,يوسف,107,3,تاتيهم,تأتيهم
1703,12,يوسف,107,4,غاشيه,غاشية
1703,12,يوسف,107,8,او,أو
1703,12,يوسف,107,9,تاتيهم,تأتيهم
1703,12,يوسف,107,10,الساعه,الساعة
1703,12,يوسف,107,11,بغته,بغتة
1704,12,يوسف,108,4,ادعو,أدعو
1704,12,يوسف,108,5,الي,إلى
1704,12,يوسف,108,7,علي,على
1704,12,يوسف,108,8,بصيره,بصيرة
1704,12,يوسف,108,9,انا,أنا
1704,12,يوسف,108,15,انا,أنا
1705,12,يوسف,109,2,ارسلنا,أرسلنا
1705,12,يوسف,109,5,الا,إلا
1705,12,يوسف,109,8,اليهم,إليهم
1705,12,يوسف,109,10,اهل,أهل
1705,12,يوسف,109,11,القري,القرى
1705,12,يوسف,109,12,افلم,أفلم
1705,12,يوسف,109,15,الارض,الأرض
1705,12,يوسف,109,19,عاقبه,عاقبة
1705,12,يوسف,109,24,الاخره,الآخرة
1705,12,يوسف,109,28,افلا,أفلا
1706,12,يوسف,110,1,حتي,حتى
1706,12,يوسف,110,2,اذا,إذا
1706,12,يوسف,110,3,استياس,استيأس
1706,12,يوسف,110,6,انهم,أنهم
1706,12,يوسف,110,16,باسنا,بأسنا
1707,12,يوسف,111,5,عبره,عبرة
1707,12,يوسف,111,6,لاولي,لأولي
1707,12,يوسف,111,7,الالباب,الألباب
1707,12,يوسف,111,11,يفتري,يفترى
1707,12,يوسف,111,20,وهدي,وهدى
1707,12,يوسف,111,21,ورحمه,ورحمة
1707,12,يوسف,111,23,يومنون,يؤمنون
1708,13,الرعد,1,7,ايات,آيات
1708,13,الرعد,1,10,انزل,أنزل
1708,13,الرعد,1,11,اليك,إليك
1708,13,الرعد,1,16,اكثر,أكثر
1708,13,الرعد,1,19,يومنون,يؤمنون
1709,13,الرعد,2,9,استوي,استوى
1709,13,الرعد,2,10,علي,على
1709,13,الرعد,2,17,لاجل,لأجل
1709,13,الرعد,2,18,مسمي,مسمى
1709,13,الرعد,2,20,الامر,الأمر
1709,13,الرعد,2,22,الايات,الآيات
1710,13,الرعد,3,4,الارض,الأرض
1710,13,الرعد,3,8,وانهارا,وأنهارا
1710,13,الرعد,3,19,ان,إن
1710,13,الرعد,3,22,لايات,لآيات
1711,13,الرعد,4,2,الارض,الأرض
1711,13,الرعد,4,7,اعناب,أعناب
1711,13,الرعد,4,13,يسقي,يسقى
1711,13,الرعد,4,18,علي,على
1711,13,الرعد,4,21,الاكل,الأكل
1711,13,الرعد,4,22,ان,إن
1711,13,الرعد,4,25,لايات,لآيات
1712,13,الرعد,5,1,وان,وإن
1712,13,الرعد,5,5,ااذا,أإذا
1712,13,الرعد,5,8,اانا,أإنا
1712,13,الرعد,5,12,اوليك,أولئك
1712,13,الرعد,5,16,واوليك,وأولئك
1712,13,الرعد,5,17,الاغلال,الأغلال
1712,13,الرعد,5,19,اعناقهم,أعناقهم
1712,13,الرعد,5,20,واوليك,وأولئك
1712,13,الرعد,5,21,اصحاب,أصحاب
1713,13,الرعد,6,2,بالسييه,بالسيئة
1713,13,الرعد,6,4,الحسنه,الحسنة
1713,13,الرعد,6,10,وان,وإن
1713,13,الرعد,6,13,مغفره,مغفرة
1713,13,الرعد,6,15,علي,على
1713,13,الرعد,6,17,وان,وإن
1714,13,الرعد,7,5,انزل,أنزل
1714,13,الرعد,7,7,ايه,آية
1714,13,الرعد,7,10,انما,إنما
1714,13,الرعد,7,11,انت,أنت
1715,13,الرعد,8,6,انثي,أنثى
1715,13,الرعد,8,9,الارحام,الأرحام
1716,13,الرعد,9,3,والشهاده,والشهادة
1717,13,الرعد,10,4,اسر,أسر
1718,13,الرعد,11,10,امر,أمر
1718,13,الرعد,11,12,ان,إن
1718,13,الرعد,11,18,حتي,حتى
1718,13,الرعد,11,21,بانفسهم,بأنفسهم
1718,13,الرعد,11,22,واذا,وإذا
1718,13,الرعد,11,23,اراد,أراد
1719,13,الرعد,12,7,وينشي,وينشئ
1720,13,الرعد,13,4,والملايكه,والملائكة
1721,13,الرعد,14,2,دعوه,دعوة
1721,13,الرعد,14,12,الا,إلا
1721,13,الرعد,14,15,الي,إلى
1721,13,الرعد,14,25,الا,إلا
1722,13,الرعد,15,6,والارض,والأرض
1722,13,الرعد,15,11,والاصال,والآصال
1723,13,الرعد,16,5,والارض,والأرض
1723,13,الرعد,16,9,افاتخذتم,أفاتخذتم
1723,13,الرعد,16,12,اولياء,أولياء
1723,13,الرعد,16,15,لانفسهم,لأنفسهم
1723,13,الرعد,16,22,الاعمي,الأعمى
1723,13,الرعد,16,24,ام,أم
1723,13,الرعد,16,29,ام,أم
1724,13,الرعد,17,1,انزل,أنزل
1724,13,الرعد,17,6,اوديه,أودية
1724,13,الرعد,17,18,حليه,حلية
1724,13,الرعد,17,19,او,أو
1724,13,الرعد,17,28,فاما,فأما
1724,13,الرعد,17,32,واما,وأما
1724,13,الرعد,17,38,الارض,الأرض
1724,13,الرعد,17,42,الامثال,الأمثال
1725,13,الرعد,18,4,الحسني,الحسنى
1725,13,الرعد,18,10,ان,أن
1725,13,الرعد,18,14,الارض,الأرض
1725,13,الرعد,18,20,اوليك,أولئك
1725,13,الرعد,18,24,وماواهم,ومأواهم
1725,13,الرعد,18,26,وبيس,وبئس
1726,13,الرعد,19,1,افمن,أفمن
1726,13,الرعد,19,3,انما,أنما
1726,13,الرعد,19,4,انزل,أنزل
1726,13,الرعد,19,5,اليك,إليك
1726,13,الرعد,19,11,اعمي,أعمى
1726,13,الرعد,19,12,انما,إنما
1726,13,الرعد,19,14,اولو,أولو
1726,13,الرعد,19,15,الالباب,الألباب
1728,13,الرعد,21,4,امر,أمر
1728,13,الرعد,21,7,ان,أن
1729,13,الرعد,22,6,واقاموا,وأقاموا
1729,13,الرعد,22,7,الصلاه,الصلاة
1729,13,الرعد,22,8,وانفقوا,وأنفقوا
1729,13,الرعد,22,12,وعلانيه,وعلانية
1729,13,الرعد,22,14,بالحسنه,بالحسنة
1729,13,الرعد,22,15,السييه,السيئة
1729,13,الرعد,22,16,اوليك,أولئك
1729,13,الرعد,22,18,عقبي,عقبى
1730,13,الرعد,23,7,ابايهم,آبائهم
1730,13,الرعد,23,8,وازواجهم,وأزواجهم
1730,13,الرعد,23,10,والملايكه,والملائكة
1731,13,الرعد,24,6,عقبي,عقبى
1732,13,الرعد,25,10,امر,أمر
1732,13,الرعد,25,13,ان,أن
1732,13,الرعد,25,17,الارض,الأرض
1732,13,الرعد,25,18,اوليك,أولئك
1732,13,الرعد,25,20,اللعنه,اللعنة
1733,13,الرعد,26,8,بالحياه,بالحياة
1733,13,الرعد,26,11,الحياه,الحياة
1733,13,الرعد,26,14,الاخره,الآخرة
1733,13,الرعد,26,15,الا,إلا
1734,13,الرعد,27,5,انزل,أنزل
1734,13,الرعد,27,7,ايه,آية
1734,13,الرعد,27,11,ان,إن
1734,13,الرعد,27,17,اليه,إليه
1734,13,الرعد,27,19,اناب,أناب
1735,13,الرعد,28,2,امنوا,آمنوا
1735,13,الرعد,28,3,وتطمين,وتطمئن
1735,13,الرعد,28,7,الا,ألا
1735,13,الرعد,28,10,تطمين,تطمئن
1736,13,الرعد,29,2,امنوا,آمنوا
1736,13,الرعد,29,5,طوبي,طوبى
1736,13,الرعد,29,8,ماب,مآب
1737,13,الرعد,30,2,ارسلناك,أرسلناك
1737,13,الرعد,30,4,امه,أمة
1737,13,الرعد,30,9,امم,أمم
1737,13,الرعد,30,13,اوحينا,أوحينا
1737,13,الرعد,30,14,اليك,إليك
1737,13,الرعد,30,22,اله,إله
1737,13,الرعد,30,23,الا,إلا
1737,13,الرعد,30,27,واليه,وإليه
1738,13,الرعد,31,2,ان,أن
1738,13,الرعد,31,3,قرانا,قرآنا
1738,13,الرعد,31,7,او,أو
1738,13,الرعد,31,10,الارض,الأرض
1738,13,الرعد,31,11,او,أو
1738,13,الرعد,31,14,الموتي,الموتى
1738,13,الرعد,31,17,الامر,الأمر
1738,13,الرعد,31,19,افلم,أفلم
1738,13,الرعد,31,20,يياس,ييأس
1738,13,الرعد,31,22,امنوا,آمنوا
1738,13,الرعد,31,23,ان,أن
1738,13,الرعد,31,27,لهدي,لهدى
1738,13,الرعد,31,37,قارعه,قارعة
1738,13,الرعد,31,38,او,أو
1738,13,الرعد,31,43,حتي,حتى
1738,13,الرعد,31,44,ياتي,يأتي
1738,13,الرعد,31,47,ان,إن
1739,13,الرعد,32,2,استهزي,استهزئ
1739,13,الرعد,32,6,فامليت,فأمليت
1739,13,الرعد,32,10,اخذتهم,أخذتهم
1740,13,الرعد,33,1,افمن,أفمن
1740,13,الرعد,33,3,قايم,قائم
1740,13,الرعد,33,4,علي,على
1740,13,الرعد,33,14,ام,أم
1740,13,الرعد,33,15,تنبيونه,تنبئونه
1740,13,الرعد,33,20,الارض,الأرض
1740,13,الرعد,33,21,ام,أم
1741,13,الرعد,34,4,الحياه,الحياة
1741,13,الرعد,34,7,الاخره,الآخرة
1741,13,الرعد,34,8,اشق,أشق
1742,13,الرعد,35,2,الجنه,الجنة
1742,13,الرعد,35,9,الانهار,الأنهار
1742,13,الرعد,35,10,اكلها,أكلها
1742,13,الرعد,35,11,دايم,دائم
1742,13,الرعد,35,14,عقبي,عقبى
1742,13,الرعد,35,17,وعقبي,وعقبى
1743,13,الرعد,36,2,اتيناهم,آتيناهم
1743,13,الرعد,36,6,انزل,أنزل
1743,13,الرعد,36,7,اليك,إليك
1743,13,الرعد,36,9,الاحزاب,الأحزاب
1743,13,الرعد,36,14,انما,إنما
1743,13,الرعد,36,15,امرت,أمرت
1743,13,الرعد,36,16,ان,أن
1743,13,الرعد,36,17,اعبد,أعبد
1743,13,الرعد,36,20,اشرك,أشرك
1743,13,الرعد,36,22,اليه,إليه
1743,13,الرعد,36,23,ادعو,أدعو
1743,13,الرعد,36,24,واليه,وإليه
1743,13,الرعد,36,25,ماب,مآب
1744,13,الرعد,37,2,انزلناه,أنزلناه
1744,13,الرعد,37,5,ولين,ولئن
1744,13,الرعد,37,7,اهواءهم,أهواءهم
1745,13,الرعد,38,2,ارسلنا,أرسلنا
1745,13,الرعد,38,8,ازواجا,أزواجا
1745,13,الرعد,38,9,وذريه,وذرية
1745,13,الرعد,38,13,ان,أن
1745,13,الرعد,38,14,ياتي,يأتي
1745,13,الرعد,38,15,بايه,بآية
1745,13,الرعد,38,16,الا,إلا
1745,13,الرعد,38,17,باذن,بإذن
1745,13,الرعد,38,20,اجل,أجل
1746,13,الرعد,39,7,ام,أم
1747,13,الرعد,40,1,وان,وإن
1747,13,الرعد,40,7,او,أو
1747,13,الرعد,40,9,فانما,فإنما
1748,13,الرعد,41,1,اولم,أولم
1748,13,الرعد,41,3,انا,أنا
1748,13,الرعد,41,4,ناتي,نأتي
1748,13,الرعد,41,5,الارض,الأرض
1748,13,الرعد,41,8,اطرافها,أطرافها
1749,13,الرعد,42,17,عقبي,عقبى
1750,13,الرعد,43,7,كفي,كفى
1751,14,ابراهيم,1,7,انزلناه,أنزلناه
1751,14,ابراهيم,1,8,اليك,إليك
1751,14,ابراهيم,1,13,الي,إلى
1751,14,ابراهيم,1,15,باذن,بإذن
1751,14,ابراهيم,1,17,الي,إلى
1752,14,ابراهيم,2,9,الارض,الأرض
1753,14,ابراهيم,3,3,الحياه,الحياة
1753,14,ابراهيم,3,5,علي,على
1753,14,ابراهيم,3,6,الاخره,الآخرة
1753,14,ابراهيم,3,13,اوليك,أولئك
1754,14,ابراهيم,4,2,ارسلنا,أرسلنا
1754,14,ابراهيم,4,5,الا,إلا
1755,14,ابراهيم,5,2,ارسلنا,أرسلنا
1755,14,ابراهيم,5,3,موسي,موسى
1755,14,ابراهيم,5,4,باياتنا,بآياتنا
1755,14,ابراهيم,5,5,ان,أن
1755,14,ابراهيم,5,6,اخرج,أخرج
1755,14,ابراهيم,5,10,الي,إلى
1755,14,ابراهيم,5,13,بايام,بأيام
1755,14,ابراهيم,5,15,ان,إن
1755,14,ابراهيم,5,18,لايات,لآيات
1756,14,ابراهيم,6,1,واذ,وإذ
1756,14,ابراهيم,6,3,موسي,موسى
1756,14,ابراهيم,6,6,نعمه,نعمة
1756,14,ابراهيم,6,9,اذ,إذ
1756,14,ابراهيم,6,10,انجاكم,أنجاكم
1756,14,ابراهيم,6,12,ال,آل
1756,14,ابراهيم,6,18,ابناءكم,أبناءكم
1757,14,ابراهيم,7,1,واذ,وإذ
1757,14,ابراهيم,7,2,تاذن,تأذن
1757,14,ابراهيم,7,4,لين,لئن
1757,14,ابراهيم,7,6,لازيدنكم,لأزيدنكم
1757,14,ابراهيم,7,7,ولين,ولئن
1757,14,ابراهيم,7,9,ان,إن
1758,14,ابراهيم,8,2,موسي,موسى
1758,14,ابراهيم,8,3,ان,إن
1758,14,ابراهيم,8,5,انتم,أنتم
1758,14,ابراهيم,8,8,الارض,الأرض
1758,14,ابراهيم,8,10,فان,فإن
1759,14,ابراهيم,9,1,الم,ألم
1759,14,ابراهيم,9,2,ياتكم,يأتكم
1759,14,ابراهيم,9,3,نبا,نبأ
1759,14,ابراهيم,9,16,الا,إلا
1759,14,ابراهيم,9,22,ايديهم,أيديهم
1759,14,ابراهيم,9,24,افواههم,أفواههم
1759,14,ابراهيم,9,26,انا,إنا
1759,14,ابراهيم,9,29,ارسلتم,أرسلتم
1759,14,ابراهيم,9,31,وانا,وإنا
1759,14,ابراهيم,9,36,اليه,إليه
1760,14,ابراهيم,10,3,افي,أفي
1760,14,ابراهيم,10,8,والارض,والأرض
1760,14,ابراهيم,10,14,ويوخركم,ويؤخركم
1760,14,ابراهيم,10,15,الي,إلى
1760,14,ابراهيم,10,16,اجل,أجل
1760,14,ابراهيم,10,17,مسمي,مسمى
1760,14,ابراهيم,10,19,ان,إن
1760,14,ابراهيم,10,20,انتم,أنتم
1760,14,ابراهيم,10,21,الا,إلا
1760,14,ابراهيم,10,25,ان,أن
1760,14,ابراهيم,10,30,اباونا,آباؤنا
1760,14,ابراهيم,10,31,فاتونا,فأتونا
1761,14,ابراهيم,11,4,ان,إن
1761,14,ابراهيم,11,6,الا,إلا
1761,14,ابراهيم,11,12,علي,على
1761,14,ابراهيم,11,20,ان,أن
1761,14,ابراهيم,11,21,ناتيكم,نأتيكم
1761,14,ابراهيم,11,23,الا,إلا
1761,14,ابراهيم,11,24,باذن,بإذن
1761,14,ابراهيم,11,26,وعلي,وعلى
1761,14,ابراهيم,11,29,المومنون,المؤمنون
1762,14,ابراهيم,12,3,الا,ألا
1762,14,ابراهيم,12,5,علي,على
1762,14,ابراهيم,12,11,علي,على
1762,14,ابراهيم,12,13,اذيتمونا,آذيتمونا
1762,14,ابراهيم,12,14,وعلي,وعلى
1763,14,ابراهيم,13,7,ارضنا,أرضنا
1763,14,ابراهيم,13,8,او,أو
1763,14,ابراهيم,13,12,فاوحي,فأوحى
1763,14,ابراهيم,13,13,اليهم,إليهم
1764,14,ابراهيم,14,2,الارض,الأرض
1766,14,ابراهيم,16,2,ورايه,ورائه
1766,14,ابراهيم,16,4,ويسقي,ويسقى
1767,14,ابراهيم,17,5,وياتيه,ويأتيه
1767,14,ابراهيم,17,14,ورايه,ورائه
1768,14,ابراهيم,18,5,اعمالهم,أعمالهم
1768,14,ابراهيم,18,17,علي,على
1769,14,ابراهيم,19,1,الم,ألم
1769,14,ابراهيم,19,3,ان,أن
1769,14,ابراهيم,19,7,والارض,والأرض
1769,14,ابراهيم,19,9,ان,إن
1769,14,ابراهيم,19,10,يشا,يشأ
1769,14,ابراهيم,19,12,ويات,ويأت
1770,14,ابراهيم,20,3,علي,على
1771,14,ابراهيم,21,8,انا,إنا
1771,14,ابراهيم,21,13,انتم,أنتم
1771,14,ابراهيم,21,28,اجزعنا,أجزعنا
1771,14,ابراهيم,21,29,ام,أم
1772,14,ابراهيم,22,5,الامر,الأمر
1772,14,ابراهيم,22,6,ان,إن
1772,14,ابراهيم,22,12,فاخلفتكم,فأخلفتكم
1772,14,ابراهيم,22,19,الا,إلا
1772,14,ابراهيم,22,20,ان,أن
1772,14,ابراهيم,22,27,انفسكم,أنفسكم
1772,14,ابراهيم,22,29,انا,أنا
1772,14,ابراهيم,22,32,انتم,أنتم
1772,14,ابراهيم,22,34,اني,إني
1772,14,ابراهيم,22,37,اشركتمون,أشركتمون
1772,14,ابراهيم,22,40,ان,إن
1772,14,ابراهيم,22,44,اليم,أليم
1773,14,ابراهيم,23,1,وادخل,وأدخل
1773,14,ابراهيم,23,3,امنوا,آمنوا
1773,14,ابراهيم,23,10,الانهار,الأنهار
1773,14,ابراهيم,23,13,باذن,بإذن
1774,14,ابراهيم,24,1,الم,ألم
1774,14,ابراهيم,24,7,كلمه,كلمة
1774,14,ابراهيم,24,8,طيبه,طيبة
1774,14,ابراهيم,24,9,كشجره,كشجرة
1774,14,ابراهيم,24,10,طيبه,طيبة
1774,14,ابراهيم,24,11,اصلها,أصلها
1775,14,ابراهيم,25,1,توتي,تؤتي
1775,14,ابراهيم,25,2,اكلها,أكلها
1775,14,ابراهيم,25,5,باذن,بإذن
1775,14,ابراهيم,25,9,الامثال,الأمثال
1776,14,ابراهيم,26,2,كلمه,كلمة
1776,14,ابراهيم,26,3,خبيثه,خبيثة
1776,14,ابراهيم,26,4,كشجره,كشجرة
1776,14,ابراهيم,26,5,خبيثه,خبيثة
1776,14,ابراهيم,26,9,الارض,الأرض
1777,14,ابراهيم,27,4,امنوا,آمنوا
1777,14,ابراهيم,27,8,الحياه,الحياة
1777,14,ابراهيم,27,11,الاخره,الآخرة
1778,14,ابراهيم,28,1,الم,ألم
1778,14,ابراهيم,28,3,الي,إلى
1778,14,ابراهيم,28,9,واحلوا,وأحلوا
1779,14,ابراهيم,29,3,وبيس,وبئس
1780,14,ابراهيم,30,3,اندادا,أندادا
1780,14,ابراهيم,30,9,فان,فإن
1780,14,ابراهيم,30,11,الي,إلى
1781,14,ابراهيم,31,4,امنوا,آمنوا
1781,14,ابراهيم,31,6,الصلاه,الصلاة
1781,14,ابراهيم,31,11,وعلانيه,وعلانية
1781,14,ابراهيم,31,14,ان,أن
1781,14,ابراهيم,31,15,ياتي,يأتي
1782,14,ابراهيم,32,5,والارض,والأرض
1782,14,ابراهيم,32,6,وانزل,وأنزل
1782,14,ابراهيم,32,10,فاخرج,فأخرج
1782,14,ابراهيم,32,22,بامره,بأمره
1782,14,ابراهيم,32,25,الانهار,الأنهار
1783,14,ابراهيم,33,5,دايبين,دائبين
1784,14,ابراهيم,34,1,واتاكم,وآتاكم
1784,14,ابراهيم,34,5,سالتموه,سألتموه
1784,14,ابراهيم,34,6,وان,وإن
1784,14,ابراهيم,34,12,ان,إن
1784,14,ابراهيم,34,13,الانسان,الإنسان
1785,14,ابراهيم,35,1,واذ,وإذ
1785,14,ابراهيم,35,3,ابراهيم,إبراهيم
1785,14,ابراهيم,35,8,امنا,آمنا
1785,14,ابراهيم,35,11,ان,أن
1785,14,ابراهيم,35,13,الاصنام,الأصنام
1786,14,ابراهيم,36,2,انهن,إنهن
1786,14,ابراهيم,36,3,اضللن,أضللن
1786,14,ابراهيم,36,9,فانه,فإنه
1786,14,ابراهيم,36,13,فانك,فإنك
1787,14,ابراهيم,37,2,اني,إني
1787,14,ابراهيم,37,3,اسكنت,أسكنت
1787,14,ابراهيم,37,15,الصلاه,الصلاة
1787,14,ابراهيم,37,17,افيده,أفئدة
1787,14,ابراهيم,37,21,اليهم,إليهم
1788,14,ابراهيم,38,2,انك,إنك
1788,14,ابراهيم,38,9,يخفي,يخفى
1788,14,ابراهيم,38,10,علي,على
1788,14,ابراهيم,38,15,الارض,الأرض
1789,14,ابراهيم,39,6,علي,على
1789,14,ابراهيم,39,8,اسماعيل,إسماعيل
1789,14,ابراهيم,39,9,واسحاق,وإسحاق
1789,14,ابراهيم,39,10,ان,إن
1790,14,ابراهيم,40,4,الصلاه,الصلاة
1791,14,ابراهيم,41,5,وللمومنين,وللمؤمنين
1792,14,ابراهيم,42,8,انما,إنما
1792,14,ابراهيم,42,9,يوخرهم,يؤخرهم
1792,14,ابراهيم,42,13,الابصار,الأبصار
1793,14,ابراهيم,43,6,اليهم,إليهم
1793,14,ابراهيم,43,8,وافيدتهم,وأفئدتهم
1794,14,ابراهيم,44,1,وانذر,وأنذر
1794,14,ابراهيم,44,4,ياتيهم,يأتيهم
1794,14,ابراهيم,44,10,اخرنا,أخرنا
1794,14,ابراهيم,44,11,الي,إلى
1794,14,ابراهيم,44,12,اجل,أجل
1794,14,ابراهيم,44,18,اولم,أولم
1794,14,ابراهيم,44,20,اقسمتم,أقسمتم
1795,14,ابراهيم,45,6,انفسهم,أنفسهم
1795,14,ابراهيم,45,14,الامثال,الأمثال
1796,14,ابراهيم,46,7,وان,وإن
1797,14,ابراهيم,47,7,ان,إن
1798,14,ابراهيم,48,3,الارض,الأرض
1798,14,ابراهيم,48,5,الارض,الأرض
1799,14,ابراهيم,49,1,وتري,وترى
1799,14,ابراهيم,49,3,يوميذ,يومئذ
1799,14,ابراهيم,49,6,الاصفاد,الأصفاد
1800,14,ابراهيم,50,4,وتغشي,وتغشى
1801,14,ابراهيم,51,7,ان,إن
1802,14,ابراهيم,52,7,انما,أنما
1802,14,ابراهيم,52,9,اله,إله
1802,14,ابراهيم,52,12,اولو,أولو
1802,14,ابراهيم,52,13,الالباب,الألباب
1803,15,الحجر,1,7,ايات,آيات
1803,15,الحجر,1,9,وقران,وقرآن
1805,15,الحجر,3,2,ياكلوا,يأكلوا
1805,15,الحجر,3,5,الامل,الأمل
1806,15,الحجر,4,2,اهلكنا,أهلكنا
1806,15,الحجر,4,4,قريه,قرية
1806,15,الحجر,4,5,الا,إلا
1807,15,الحجر,5,4,امه,أمة
1807,15,الحجر,5,5,اجلها,أجلها
1807,15,الحجر,5,7,يستاخرون,يستأخرون
1808,15,الحجر,6,3,ايها,أيها
1808,15,الحجر,6,8,انك,إنك
1809,15,الحجر,7,3,تاتينا,تأتينا
1809,15,الحجر,7,4,بالملايكه,بالملائكة
1809,15,الحجر,7,5,ان,إن
1810,15,الحجر,8,3,الملايكه,الملائكة
1810,15,الحجر,8,4,الا,إلا
1810,15,الحجر,8,8,اذا,إذا
1811,15,الحجر,9,1,انا,إنا
1811,15,الحجر,9,5,وانا,وإنا
1812,15,الحجر,10,2,ارسلنا,أرسلنا
1812,15,الحجر,10,7,الاولين,الأولين
1813,15,الحجر,11,2,ياتيهم,يأتيهم
1813,15,الحجر,11,5,الا,إلا
1813,15,الحجر,11,8,يستهزيون,يستهزئون
1815,15,الحجر,13,2,يومنون,يؤمنون
1815,15,الحجر,13,6,سنه,سنة
1815,15,الحجر,13,7,الاولين,الأولين
1817,15,الحجر,15,2,انما,إنما
1817,15,الحجر,15,4,ابصارنا,أبصارنا
1820,15,الحجر,18,1,الا,إلا
1820,15,الحجر,18,5,فاتبعه,فأتبعه
1821,15,الحجر,19,1,والارض,والأرض
1821,15,الحجر,19,3,والقينا,وألقينا
1821,15,الحجر,19,6,وانبتنا,وأنبتنا
1823,15,الحجر,21,1,وان,وإن
1823,15,الحجر,21,4,الا,إلا
1823,15,الحجر,21,6,خزاينه,خزائنه
1823,15,الحجر,21,9,الا,إلا
1824,15,الحجر,22,1,وارسلنا,وأرسلنا
1824,15,الحجر,22,4,فانزلنا,فأنزلنا
1824,15,الحجر,22,8,فاسقيناكموه,فأسقيناكموه
1824,15,الحجر,22,10,انتم,أنتم
1825,15,الحجر,23,1,وانا,وإنا
1826,15,الحجر,24,7,المستاخرين,المستأخرين
1827,15,الحجر,25,1,وان,وإن
1827,15,الحجر,25,5,انه,إنه
1828,15,الحجر,26,3,الانسان,الإنسان
1828,15,الحجر,26,7,حما,حمإ
1830,15,الحجر,28,1,واذ,وإذ
1830,15,الحجر,28,4,للملايكه,للملائكة
1830,15,الحجر,28,5,اني,إني
1830,15,الحجر,28,11,حما,حمإ
1831,15,الحجر,29,1,فاذا,فإذا
1832,15,الحجر,30,2,الملايكه,الملائكة
1832,15,الحجر,30,4,اجمعون,أجمعون
1833,15,الحجر,31,1,الا,إلا
1833,15,الحجر,31,2,ابليس,إبليس
1833,15,الحجر,31,3,ابي,أبى
1833,15,الحجر,31,4,ان,أن
1834,15,الحجر,32,3,ابليس,إبليس
1834,15,الحجر,32,6,الا,ألا
1835,15,الحجر,33,3,اكن,أكن
1835,15,الحجر,33,4,لاسجد,لأسجد
1835,15,الحجر,33,10,حما,حمإ
1836,15,الحجر,34,4,فانك,فإنك
1837,15,الحجر,35,1,وان,وإن
1837,15,الحجر,35,3,اللعنه,اللعنة
1837,15,الحجر,35,4,الي,إلى
1838,15,الحجر,36,3,فانظرني,فأنظرني
1838,15,الحجر,36,4,الي,إلى
1839,15,الحجر,37,2,فانك,فإنك
1840,15,الحجر,38,1,الي,إلى
1841,15,الحجر,39,4,اغويتني,أغويتني
1841,15,الحجر,39,5,لازينن,لأزينن
1841,15,الحجر,39,8,الارض,الأرض
1841,15,الحجر,39,9,ولاغوينهم,ولأغوينهم
1841,15,الحجر,39,10,اجمعين,أجمعين
1842,15,الحجر,40,1,الا,إلا
1844,15,الحجر,42,1,ان,إن
1844,15,الحجر,42,7,الا,إلا
1845,15,الحجر,43,1,وان,وإن
1845,15,الحجر,43,4,اجمعين,أجمعين
1846,15,الحجر,44,2,سبعه,سبعة
1846,15,الحجر,44,3,ابواب,أبواب
1847,15,الحجر,45,1,ان,إن
1848,15,الحجر,46,3,امنين,آمنين
1849,15,الحجر,47,7,اخوانا,إخوانا
1849,15,الحجر,47,8,علي,على
1851,15,الحجر,49,1,نبي,نبئ
1851,15,الحجر,49,3,اني,أني
1851,15,الحجر,49,4,انا,أنا
1852,15,الحجر,50,1,وان,وأن
1852,15,الحجر,50,5,الاليم,الأليم
1853,15,الحجر,51,1,ونبيهم,ونبئهم
1853,15,الحجر,51,4,ابراهيم,إبراهيم
1854,15,الحجر,52,1,اذ,إذ
1854,15,الحجر,52,7,انا,إنا
1855,15,الحجر,53,4,انا,إنا
1856,15,الحجر,54,2,ابشرتموني,أبشرتموني
1856,15,الحجر,54,3,علي,على
1856,15,الحجر,54,4,ان,أن
1858,15,الحجر,56,5,رحمه,رحمة
1858,15,الحجر,56,7,الا,إلا
1859,15,الحجر,57,4,ايها,أيها
1860,15,الحجر,58,2,انا,إنا
1860,15,الحجر,58,3,ارسلنا,أرسلنا
1860,15,الحجر,58,4,الي,إلى
1861,15,الحجر,59,1,الا,إلا
1861,15,الحجر,59,2,ال,آل
1861,15,الحجر,59,4,انا,إنا
1861,15,الحجر,59,6,اجمعين,أجمعين
1862,15,الحجر,60,1,الا,إلا
1862,15,الحجر,60,2,امراته,امرأته
1862,15,الحجر,60,4,انها,إنها
1863,15,الحجر,61,3,ال,آل
1864,15,الحجر,62,2,انكم,إنكم
1865,15,الحجر,63,3,جيناك,جئناك
1866,15,الحجر,64,1,واتيناك,وأتيناك
1866,15,الحجر,64,3,وانا,وإنا
1867,15,الحجر,65,1,فاسر,فأسر
1867,15,الحجر,65,2,باهلك,بأهلك
1867,15,الحجر,65,7,ادبارهم,أدبارهم
1867,15,الحجر,65,11,احد,أحد
1867,15,الحجر,65,14,تومرون,تؤمرون
1868,15,الحجر,66,2,اليه,إليه
1868,15,الحجر,66,4,الامر,الأمر
1868,15,الحجر,66,5,ان,أن
1868,15,الحجر,66,7,هولاء,هؤلاء
1869,15,الحجر,67,2,اهل,أهل
1869,15,الحجر,67,3,المدينه,المدينة
1870,15,الحجر,68,2,ان,إن
1870,15,الحجر,68,3,هولاء,هؤلاء
1872,15,الحجر,70,2,اولم,أولم
1873,15,الحجر,71,2,هولاء,هؤلاء
1873,15,الحجر,71,4,ان,إن
1874,15,الحجر,72,2,انهم,إنهم
1875,15,الحجر,73,1,فاخذتهم,فأخذتهم
1875,15,الحجر,73,2,الصيحه,الصيحة
1876,15,الحجر,74,4,وامطرنا,وأمطرنا
1876,15,الحجر,74,6,حجاره,حجارة
1877,15,الحجر,75,1,ان,إن
1877,15,الحجر,75,4,لايات,لآيات
1878,15,الحجر,76,1,وانها,وإنها
1879,15,الحجر,77,1,ان,إن
1879,15,الحجر,77,4,لايه,لآية
1879,15,الحجر,77,5,للمومنين,للمؤمنين
1880,15,الحجر,78,1,وان,وإن
1880,15,الحجر,78,3,اصحاب,أصحاب
1880,15,الحجر,78,4,الايكه,الأيكة
1881,15,الحجر,79,3,وانهما,وإنهما
1881,15,الحجر,79,4,لبامام,لبإمام
1882,15,الحجر,80,3,اصحاب,أصحاب
1883,15,الحجر,81,1,واتيناهم,وآتيناهم
1883,15,الحجر,81,2,اياتنا,آياتنا
1884,15,الحجر,82,6,امنين,آمنين
1885,15,الحجر,83,1,فاخذتهم,فأخذتهم
1885,15,الحجر,83,2,الصيحه,الصيحة
1886,15,الحجر,84,2,اغني,أغنى
1887,15,الحجر,85,4,والارض,والأرض
1887,15,الحجر,85,7,الا,إلا
1887,15,الحجر,85,9,وان,وإن
1887,15,الحجر,85,10,الساعه,الساعة
1887,15,الحجر,85,11,لاتيه,لآتية
1888,15,الحجر,86,1,ان,إن
1889,15,الحجر,87,2,اتيناك,آتيناك
1889,15,الحجر,87,6,والقران,والقرآن
1890,15,الحجر,88,4,الي,إلى
1890,15,الحجر,88,8,ازواجا,أزواجا
1890,15,الحجر,88,15,للمومنين,للمؤمنين
1891,15,الحجر,89,2,اني,إني
1891,15,الحجر,89,3,انا,أنا
1892,15,الحجر,90,2,انزلنا,أنزلنا
1892,15,الحجر,90,3,علي,على
1893,15,الحجر,91,3,القران,القرآن
1894,15,الحجر,92,2,لنسالنهم,لنسألنهم
1894,15,الحجر,92,3,اجمعين,أجمعين
1896,15,الحجر,94,3,تومر,تؤمر
1896,15,الحجر,94,4,واعرض,وأعرض
1897,15,الحجر,95,1,انا,إنا
1897,15,الحجر,95,3,المستهزيين,المستهزئين
1898,15,الحجر,96,5,الها,إلها
1898,15,الحجر,96,6,اخر,آخر
1899,15,الحجر,97,3,انك,أنك
1901,15,الحجر,99,3,حتي,حتى
1901,15,الحجر,99,4,ياتيك,يأتيك
1902,16,النحل,1,5,اتي,أتى
1902,16,النحل,1,6,امر,أمر
1902,16,النحل,1,11,وتعالي,وتعالى
1903,16,النحل,2,2,الملايكه,الملائكة
1903,16,النحل,2,5,امره,أمره
1903,16,النحل,2,6,علي,على
1903,16,النحل,2,11,ان,أن
1903,16,النحل,2,12,انذروا,أنذروا
1903,16,النحل,2,13,انه,أنه
1903,16,النحل,2,15,اله,إله
1903,16,النحل,2,16,الا,إلا
1903,16,النحل,2,17,انا,أنا
1904,16,النحل,3,3,والارض,والأرض
1904,16,النحل,3,5,تعالي,تعالى
1905,16,النحل,4,2,الانسان,الإنسان
1905,16,النحل,4,4,نطفه,نطفة
1905,16,النحل,4,5,فاذا,فإذا
1906,16,النحل,5,1,والانعام,والأنعام
1906,16,النحل,5,8,تاكلون,تأكلون
1908,16,النحل,7,2,اثقالكم,أثقالكم
1908,16,النحل,7,3,الي,إلى
1908,16,النحل,7,8,الا,إلا
1908,16,النحل,7,10,الانفس,الأنفس
1908,16,النحل,7,11,ان,إن
1909,16,النحل,8,5,وزينه,وزينة
1910,16,النحل,9,1,وعلي,وعلى
1910,16,النحل,9,6,جاير,جائر
1910,16,النحل,9,10,اجمعين,أجمعين
1911,16,النحل,10,3,انزل,أنزل
1912,16,النحل,11,7,والاعناب,والأعناب
1912,16,النحل,11,11,ان,إن
1912,16,النحل,11,14,لايه,لآية
1913,16,النحل,12,9,بامره,بأمره
1913,16,النحل,12,10,ان,إن
1913,16,النحل,12,13,لايات,لآيات
1914,16,النحل,13,2,ذرا,ذرأ
1914,16,النحل,13,5,الارض,الأرض
1914,16,النحل,13,7,الوانه,ألوانه
1914,16,النحل,13,8,ان,إن
1914,16,النحل,13,11,لايه,لآية
1915,16,النحل,14,5,لتاكلوا,لتأكلوا
1915,16,النحل,14,11,حليه,حلية
1915,16,النحل,14,13,وتري,وترى
1916,16,النحل,15,1,والقي,وألقى
1916,16,النحل,15,3,الارض,الأرض
1916,16,النحل,15,5,ان,أن
1916,16,النحل,15,8,وانهارا,وأنهارا
1918,16,النحل,17,1,افمن,أفمن
1918,16,النحل,17,6,افلا,أفلا
1919,16,النحل,18,1,وان,وإن
1919,16,النحل,18,3,نعمه,نعمة
1919,16,النحل,18,7,ان,إن
1921,16,النحل,20,8,شييا,شيئا
1922,16,النحل,21,1,اموات,أموات
1922,16,النحل,21,3,احياء,أحياء
1922,16,النحل,21,6,ايان,أيان
1923,16,النحل,22,1,الهكم,إلهكم
1923,16,النحل,22,2,اله,إله
1923,16,النحل,22,6,يومنون,يؤمنون
1923,16,النحل,22,7,بالاخره,بالآخرة
1923,16,النحل,22,9,منكره,منكرة
1924,16,النحل,23,3,ان,أن
1924,16,النحل,23,10,انه,إنه
1925,16,النحل,24,1,واذا,وإذا
1925,16,النحل,24,5,انزل,أنزل
1925,16,النحل,24,8,اساطير,أساطير
1925,16,النحل,24,9,الاولين,الأولين
1926,16,النحل,25,2,اوزارهم,أوزارهم
1926,16,النحل,25,3,كامله,كاملة
1926,16,النحل,25,5,القيامه,القيامة
1926,16,النحل,25,7,اوزار,أوزار
1926,16,النحل,25,12,الا,ألا
1927,16,النحل,26,6,فاتي,فأتى
1927,16,النحل,26,16,واتاهم,وأتاهم
1928,16,النحل,27,3,القيامه,القيامة
1928,16,النحل,27,6,اين,أين
1928,16,النحل,27,7,شركايي,شركائي
1928,16,النحل,27,14,اوتوا,أوتوا
1928,16,النحل,27,16,ان,إن
1928,16,النحل,27,20,علي,على
1929,16,النحل,28,3,الملايكه,الملائكة
1929,16,النحل,28,5,انفسهم,أنفسهم
1929,16,النحل,28,6,فالقوا,فألقوا
1929,16,النحل,28,13,بلي,بلى
1929,16,النحل,28,14,ان,إن
1930,16,النحل,29,2,ابواب,أبواب
1930,16,النحل,29,6,فلبيس,فلبئس
1930,16,النحل,29,7,مثوي,مثوى
1931,16,النحل,30,5,انزل,أنزل
1931,16,النحل,30,10,احسنوا,أحسنوا
1931,16,النحل,30,14,حسنه,حسنة
1931,16,النحل,30,16,الاخره,الآخرة
1932,16,النحل,31,7,الانهار,الأنهار
1933,16,النحل,32,3,الملايكه,الملائكة
1933,16,النحل,32,9,الجنه,الجنة
1934,16,النحل,33,3,الا,إلا
1934,16,النحل,33,4,ان,أن
1934,16,النحل,33,5,تاتيهم,تأتيهم
1934,16,النحل,33,6,الملايكه,الملائكة
1934,16,النحل,33,7,او,أو
1934,16,النحل,33,8,ياتي,يأتي
1934,16,النحل,33,9,امر,أمر
1934,16,النحل,33,21,انفسهم,أنفسهم
1935,16,النحل,34,1,فاصابهم,فأصابهم
1935,16,النحل,34,2,سييات,سيئات
1935,16,النحل,34,10,يستهزيون,يستهزئون
1936,16,النحل,35,3,اشركوا,أشركوا
1936,16,النحل,35,15,اباونا,آباؤنا
1936,16,النحل,35,28,علي,على
1936,16,النحل,35,30,الا,إلا
1937,16,النحل,36,5,امه,أمة
1937,16,النحل,36,7,ان,أن
1937,16,النحل,36,14,هدي,هدى
1937,16,النحل,36,20,الضلاله,الضلالة
1937,16,النحل,36,23,الارض,الأرض
1937,16,النحل,36,27,عاقبه,عاقبة
1938,16,النحل,37,1,ان,إن
1938,16,النحل,37,3,علي,على
1938,16,النحل,37,5,فان,فإن
1939,16,النحل,38,1,واقسموا,وأقسموا
1939,16,النحل,38,4,ايمانهم,أيمانهم
1939,16,النحل,38,10,بلي,بلى
1939,16,النحل,38,15,اكثر,أكثر
1940,16,النحل,39,9,انهم,أنهم
1941,16,النحل,40,1,انما,إنما
1941,16,النحل,40,4,اذا,إذا
1941,16,النحل,40,5,اردناه,أردناه
1941,16,النحل,40,6,ان,أن
1942,16,النحل,41,9,لنبوينهم,لنبوئنهم
1942,16,النحل,41,12,حسنه,حسنة
1942,16,النحل,41,13,ولاجر,ولأجر
1942,16,النحل,41,14,الاخره,الآخرة
1942,16,النحل,41,15,اكبر,أكبر
1943,16,النحل,42,3,وعلي,وعلى
1944,16,النحل,43,2,ارسلنا,أرسلنا
1944,16,النحل,43,5,الا,إلا
1944,16,النحل,43,8,اليهم,إليهم
1944,16,النحل,43,9,فاسالوا,فاسألوا
1944,16,النحل,43,10,اهل,أهل
1944,16,النحل,43,12,ان,إن
1945,16,النحل,44,3,وانزلنا,وأنزلنا
1945,16,النحل,44,4,اليك,إليك
1945,16,النحل,44,10,اليهم,إليهم
1946,16,النحل,45,1,افامن,أفأمن
1946,16,النحل,45,4,السييات,السيئات
1946,16,النحل,45,5,ان,أن
1946,16,النحل,45,9,الارض,الأرض
1946,16,النحل,45,10,او,أو
1946,16,النحل,45,11,ياتيهم,يأتيهم
1947,16,النحل,46,1,او,أو
1947,16,النحل,46,2,ياخذهم,يأخذهم
1948,16,النحل,47,1,او,أو
1948,16,النحل,47,2,ياخذهم,يأخذهم
1948,16,النحل,47,3,علي,على
1948,16,النحل,47,5,فان,فإن
1949,16,النحل,48,1,اولم,أولم
1949,16,النحل,48,3,الي,إلى
1949,16,النحل,48,9,يتفيا,يتفيأ
1949,16,النحل,48,13,والشمايل,والشمائل
1950,16,النحل,49,8,الارض,الأرض
1950,16,النحل,49,10,دابه,دابة
1950,16,النحل,49,11,والملايكه,والملائكة
1951,16,النحل,50,7,يومرون,يؤمرون
1952,16,النحل,51,5,الهين,إلهين
1952,16,النحل,51,7,انما,إنما
1952,16,النحل,51,9,اله,إله
1952,16,النحل,51,11,فاياي,فإياي
1953,16,النحل,52,5,والارض,والأرض
1953,16,النحل,52,9,افغير,أفغير
1954,16,النحل,53,4,نعمه,نعمة
1954,16,النحل,53,8,اذا,إذا
1954,16,النحل,53,11,فاليه,فإليه
1954,16,النحل,53,12,تجارون,تجأرون
1955,16,النحل,54,2,اذا,إذا
1955,16,النحل,54,6,اذا,إذا
1956,16,النحل,55,3,اتيناهم,آتيناهم
1957,16,النحل,56,9,لتسالن,لتسألن
1959,16,النحل,58,1,واذا,وإذا
1959,16,النحل,58,3,احدهم,أحدهم
1959,16,النحل,58,4,بالانثي,بالأنثى
1960,16,النحل,59,1,يتواري,يتوارى
1960,16,النحل,59,9,ايمسكه,أيمسكه
1960,16,النحل,59,10,علي,على
1960,16,النحل,59,12,ام,أم
1960,16,النحل,59,16,الا,ألا
1961,16,النحل,60,3,يومنون,يؤمنون
1961,16,النحل,60,4,بالاخره,بالآخرة
1961,16,النحل,60,9,الاعلي,الأعلى
1962,16,النحل,61,2,يواخذ,يؤاخذ
1962,16,النحل,61,10,دابه,دابة
1962,16,النحل,61,12,يوخرهم,يؤخرهم
1962,16,النحل,61,13,الي,إلى
1962,16,النحل,61,14,اجل,أجل
1962,16,النحل,61,15,مسمي,مسمى
1962,16,النحل,61,16,فاذا,فإذا
1962,16,النحل,61,18,اجلهم,أجلهم
1962,16,النحل,61,20,يستاخرون,يستأخرون
1962,16,النحل,61,21,ساعه,ساعة
1963,16,النحل,62,6,السنتهم,ألسنتهم
1963,16,النحل,62,8,ان,أن
1963,16,النحل,62,10,الحسني,الحسنى
1963,16,النحل,62,13,ان,أن
1963,16,النحل,62,16,وانهم,وأنهم
1964,16,النحل,63,3,ارسلنا,أرسلنا
1964,16,النحل,63,4,الي,إلى
1964,16,النحل,63,5,امم,أمم
1964,16,النحل,63,11,اعمالهم,أعمالهم
1964,16,النحل,63,17,اليم,أليم
1965,16,النحل,64,2,انزلنا,أنزلنا
1965,16,النحل,64,5,الا,إلا
1965,16,النحل,64,11,وهدي,وهدى
1965,16,النحل,64,12,ورحمه,ورحمة
1965,16,النحل,64,14,يومنون,يؤمنون
1966,16,النحل,65,2,انزل,أنزل
1966,16,النحل,65,6,فاحيا,فأحيا
1966,16,النحل,65,8,الارض,الأرض
1966,16,النحل,65,11,ان,إن
1966,16,النحل,65,14,لايه,لآية
1967,16,النحل,66,1,وان,وإن
1967,16,النحل,66,4,الانعام,الأنعام
1967,16,النحل,66,5,لعبره,لعبرة
1967,16,النحل,66,16,سايغا,سائغا
1968,16,النحل,67,4,والاعناب,والأعناب
1968,16,النحل,67,10,ان,إن
1968,16,النحل,67,13,لايه,لآية
1969,16,النحل,68,1,واوحي,وأوحى
1969,16,النحل,68,3,الي,إلى
1969,16,النحل,68,5,ان,أن
1970,16,النحل,69,15,الوانه,ألوانه
1970,16,النحل,69,19,ان,إن
1970,16,النحل,69,22,لايه,لآية
1971,16,النحل,70,8,الي,إلى
1971,16,النحل,70,9,ارذل,أرذل
1971,16,النحل,70,16,شييا,شيئا
1971,16,النحل,70,17,ان,إن
1972,16,النحل,71,4,علي,على
1972,16,النحل,71,13,علي,على
1972,16,النحل,71,16,ايمانهم,أيمانهم
1972,16,النحل,71,20,افبنعمه,أفبنعمة
1973,16,النحل,72,5,انفسكم,أنفسكم
1973,16,النحل,72,6,ازواجا,أزواجا
1973,16,النحل,72,10,ازواجكم,أزواجكم
1973,16,النحل,72,12,وحفده,وحفدة
1973,16,النحل,72,16,افبالباطل,أفبالباطل
1973,16,النحل,72,17,يومنون,يؤمنون
1974,16,النحل,73,12,والارض,والأرض
1974,16,النحل,73,13,شييا,شيئا
1975,16,النحل,74,4,الامثال,الأمثال
1975,16,النحل,74,5,ان,إن
1975,16,النحل,74,8,وانتم,وأنتم
1976,16,النحل,75,8,علي,على
1976,16,النحل,75,25,اكثرهم,أكثرهم
1977,16,النحل,76,5,احدهما,أحدهما
1977,16,النحل,76,6,ابكم,أبكم
1977,16,النحل,76,9,علي,على
1977,16,النحل,76,13,علي,على
1977,16,النحل,76,15,اينما,أينما
1977,16,النحل,76,18,يات,يأت
1977,16,النحل,76,24,يامر,يأمر
1977,16,النحل,76,27,علي,على
1978,16,النحل,77,4,والارض,والأرض
1978,16,النحل,77,6,امر,أمر
1978,16,النحل,77,7,الساعه,الساعة
1978,16,النحل,77,8,الا,إلا
1978,16,النحل,77,11,او,أو
1978,16,النحل,77,13,اقرب,أقرب
1978,16,النحل,77,14,ان,إن
1978,16,النحل,77,16,علي,على
1979,16,النحل,78,2,اخرجكم,أخرجكم
1979,16,النحل,78,5,امهاتكم,أمهاتكم
1979,16,النحل,78,8,شييا,شيئا
1979,16,النحل,78,12,والابصار,والأبصار
1979,16,النحل,78,13,والافيده,والأفئدة
1980,16,النحل,79,1,الم,ألم
1980,16,النحل,79,3,الي,إلى
1980,16,النحل,79,11,الا,إلا
1980,16,النحل,79,13,ان,إن
1980,16,النحل,79,16,لايات,لآيات
1980,16,النحل,79,18,يومنون,يؤمنون
1981,16,النحل,80,11,الانعام,الأنعام
1981,16,النحل,80,17,اقامتكم,إقامتكم
1981,16,النحل,80,19,اصوافها,أصوافها
1981,16,النحل,80,20,واوبارها,وأوبارها
1981,16,النحل,80,21,واشعارها,وأشعارها
1981,16,النحل,80,22,اثاثا,أثاثا
1981,16,النحل,80,24,الي,إلى
1982,16,النحل,81,11,اكنانا,أكنانا
1982,16,النحل,81,19,باسكم,بأسكم
1983,16,النحل,82,1,فان,فإن
1983,16,النحل,82,3,فانما,فإنما
1984,16,النحل,83,6,واكثرهم,وأكثرهم
1985,16,النحل,84,5,امه,أمة
1985,16,النحل,84,9,يوذن,يؤذن
1986,16,النحل,85,1,واذا,وإذا
1986,16,النحل,85,2,راي,رأى
1987,16,النحل,86,1,واذا,وإذا
1987,16,النحل,86,2,راي,رأى
1987,16,النحل,86,4,اشركوا,أشركوا
1987,16,النحل,86,8,هولاء,هؤلاء
1987,16,النحل,86,9,شركاونا,شركاؤنا
1987,16,النحل,86,15,فالقوا,فألقوا
1987,16,النحل,86,16,اليهم,إليهم
1987,16,النحل,86,18,انكم,إنكم
1988,16,النحل,87,1,والقوا,وألقوا
1988,16,النحل,87,2,الي,إلى
1988,16,النحل,87,4,يوميذ,يومئذ
1990,16,النحل,89,5,امه,أمة
1990,16,النحل,89,9,انفسهم,أنفسهم
1990,16,النحل,89,10,وجينا,وجئنا
1990,16,النحل,89,13,علي,على
1990,16,النحل,89,14,هولاء,هؤلاء
1990,16,النحل,89,21,وهدي,وهدى
1990,16,النحل,89,22,ورحمه,ورحمة
1990,16,النحل,89,23,وبشري,وبشرى
1991,16,النحل,90,1,ان,إن
1991,16,النحل,90,3,يامر,يأمر
1991,16,النحل,90,5,والاحسان,والإحسان
1991,16,النحل,90,6,وايتاء,وإيتاء
1991,16,النحل,90,8,القربي,القربى
1991,16,النحل,90,9,وينهي,وينهى
1992,16,النحل,91,1,واوفوا,وأوفوا
1992,16,النحل,91,4,اذا,إذا
1992,16,النحل,91,8,الايمان,الأيمان
1992,16,النحل,91,16,ان,إن
1993,16,النحل,92,8,قوه,قوة
1993,16,النحل,92,9,انكاثا,أنكاثا
1993,16,النحل,92,11,ايمانكم,أيمانكم
1993,16,النحل,92,14,ان,أن
1993,16,النحل,92,16,امه,أمة
1993,16,النحل,92,18,اربي,أربى
1993,16,النحل,92,20,امه,أمة
1993,16,النحل,92,21,انما,إنما
1993,16,النحل,92,28,القيامه,القيامة
1994,16,النحل,93,5,امه,أمة
1994,16,النحل,93,6,واحده,واحدة
1994,16,النحل,93,14,ولتسالن,ولتسألن
1995,16,النحل,94,3,ايمانكم,أيمانكم
1996,16,النحل,95,7,انما,إنما
1996,16,النحل,95,13,ان,إن
1997,16,النحل,96,11,اجرهم,أجرهم
1997,16,النحل,96,12,باحسن,بأحسن
1998,16,النحل,97,6,او,أو
1998,16,النحل,97,7,انثي,أنثى
1998,16,النحل,97,9,مومن,مؤمن
1998,16,النحل,97,11,حياه,حياة
1998,16,النحل,97,12,طيبه,طيبة
1998,16,النحل,97,14,اجرهم,أجرهم
1998,16,النحل,97,15,باحسن,بأحسن
1999,16,النحل,98,1,فاذا,فإذا
1999,16,النحل,98,2,قرات,قرأت
1999,16,النحل,98,3,القران,القرآن
2000,16,النحل,99,1,انه,إنه
2000,16,النحل,99,5,علي,على
2000,16,النحل,99,7,امنوا,آمنوا
2000,16,النحل,99,8,وعلي,وعلى
2001,16,النحل,100,1,انما,إنما
2001,16,النحل,100,3,علي,على
2002,16,النحل,101,1,واذا,وإذا
2002,16,النحل,101,3,ايه,آية
2002,16,النحل,101,5,ايه,آية
2002,16,النحل,101,7,اعلم,أعلم
2002,16,النحل,101,11,انما,إنما
2002,16,النحل,101,12,انت,أنت
2002,16,النحل,101,15,اكثرهم,أكثرهم
2003,16,النحل,102,10,امنوا,آمنوا
2003,16,النحل,102,11,وهدي,وهدى
2003,16,النحل,102,12,وبشري,وبشرى
2004,16,النحل,103,3,انهم,أنهم
2004,16,النحل,103,5,انما,إنما
2004,16,النحل,103,11,اليه,إليه
2004,16,النحل,103,12,اعجمي,أعجمي
2005,16,النحل,104,1,ان,إن
2005,16,النحل,104,4,يومنون,يؤمنون
2005,16,النحل,104,5,بايات,بآيات
2005,16,النحل,104,12,اليم,أليم
2006,16,النحل,105,1,انما,إنما
2006,16,النحل,105,6,يومنون,يؤمنون
2006,16,النحل,105,7,بايات,بآيات
2006,16,النحل,105,9,واوليك,وأولئك
2007,16,النحل,106,6,ايمانه,إيمانه
2007,16,النحل,106,7,الا,إلا
2007,16,النحل,106,9,اكره,أكره
2007,16,النحل,106,11,مطمين,مطمئن
2007,16,النحل,106,12,بالايمان,بالإيمان
2008,16,النحل,107,2,بانهم,بأنهم
2008,16,النحل,107,4,الحياه,الحياة
2008,16,النحل,107,6,علي,على
2008,16,النحل,107,7,الاخره,الآخرة
2008,16,النحل,107,8,وان,وأن
2009,16,النحل,108,1,اوليك,أولئك
2009,16,النحل,108,5,علي,على
2009,16,النحل,108,8,وابصارهم,وأبصارهم
2009,16,النحل,108,9,واوليك,وأولئك
2010,16,النحل,109,3,انهم,أنهم
2010,16,النحل,109,5,الاخره,الآخرة
2011,16,النحل,110,2,ان,إن
2011,16,النحل,110,13,ان,إن
2012,16,النحل,111,2,تاتي,تأتي
2012,16,النحل,111,8,وتوفي,وتوفى
2013,16,النحل,112,4,قريه,قرية
2013,16,النحل,112,6,امنه,آمنة
2013,16,النحل,112,7,مطمينه,مطمئنة
2013,16,النحل,112,8,ياتيها,يأتيها
2013,16,النحل,112,15,بانعم,بأنعم
2013,16,النحل,112,17,فاذاقها,فأذاقها
2014,16,النحل,113,6,فاخذهم,فأخذهم
2015,16,النحل,114,10,ان,إن
2015,16,النحل,114,12,اياه,إياه
2016,16,النحل,115,1,انما,إنما
2016,16,النحل,115,4,الميته,الميتة
2016,16,النحل,115,9,اهل,أهل
2016,16,النحل,115,19,فان,فإن
2017,16,النحل,116,5,السنتكم,ألسنتكم
2017,16,النحل,116,12,علي,على
2017,16,النحل,116,15,ان,إن
2017,16,النحل,116,18,علي,على
2018,16,النحل,117,5,اليم,أليم
2019,16,النحل,118,1,وعلي,وعلى
2019,16,النحل,118,14,انفسهم,أنفسهم
2020,16,النحل,119,2,ان,إن
2020,16,النحل,119,7,بجهاله,بجهالة
2020,16,النحل,119,13,واصلحوا,وأصلحوا
2020,16,النحل,119,14,ان,إن
2021,16,النحل,120,1,ان,إن
2021,16,النحل,120,2,ابراهيم,إبراهيم
2021,16,النحل,120,4,امه,أمة
2022,16,النحل,121,2,لانعمه,لأنعمه
2022,16,النحل,121,5,الي,إلى
2023,16,النحل,122,1,واتيناه,وآتيناه
2023,16,النحل,122,4,حسنه,حسنة
2023,16,النحل,122,5,وانه,وإنه
2023,16,النحل,122,7,الاخره,الآخرة
2024,16,النحل,123,2,اوحينا,أوحينا
2024,16,النحل,123,3,اليك,إليك
2024,16,النحل,123,4,ان,أن
2024,16,النحل,123,6,مله,ملة
2024,16,النحل,123,7,ابراهيم,إبراهيم
2025,16,النحل,124,1,انما,إنما
2025,16,النحل,124,4,علي,على
2025,16,النحل,124,8,وان,وإن
2025,16,النحل,124,13,القيامه,القيامة
2026,16,النحل,125,2,الي,إلى
2026,16,النحل,125,5,بالحكمه,بالحكمة
2026,16,النحل,125,6,والموعظه,والموعظة
2026,16,النحل,125,7,الحسنه,الحسنة
2026,16,النحل,125,11,احسن,أحسن
2026,16,النحل,125,12,ان,إن
2026,16,النحل,125,15,اعلم,أعلم
2026,16,النحل,125,21,اعلم,أعلم
2027,16,النحل,126,1,وان,وإن
2027,16,النحل,126,8,ولين,ولئن
2028,16,النحل,127,4,الا,إلا
2029,16,النحل,128,1,ان,إن
2030,17,الإسراء,1,7,اسري,أسرى
2030,17,الإسراء,1,13,الي,إلى
2030,17,الإسراء,1,15,الاقصي,الأقصى
2030,17,الإسراء,1,21,اياتنا,آياتنا
2030,17,الإسراء,1,22,انه,إنه
2031,17,الإسراء,2,1,واتينا,وآتينا
2031,17,الإسراء,2,2,موسي,موسى
2031,17,الإسراء,2,5,هدي,هدى
2031,17,الإسراء,2,7,اسراييل,إسرائيل
2031,17,الإسراء,2,8,الا,ألا
2032,17,الإسراء,3,1,ذريه,ذرية
2032,17,الإسراء,3,6,انه,إنه
2033,17,الإسراء,4,2,الي,إلى
2033,17,الإسراء,4,4,اسراييل,إسرائيل
2033,17,الإسراء,4,9,الارض,الأرض
2034,17,الإسراء,5,1,فاذا,فإذا
2034,17,الإسراء,5,4,اولاهما,أولاهما
2034,17,الإسراء,5,9,اولي,أولي
2034,17,الإسراء,5,10,باس,بأس
2035,17,الإسراء,6,4,الكره,الكرة
2035,17,الإسراء,6,6,وامددناكم,وأمددناكم
2035,17,الإسراء,6,7,باموال,بأموال
2035,17,الإسراء,6,10,اكثر,أكثر
2036,17,الإسراء,7,1,ان,إن
2036,17,الإسراء,7,2,احسنتم,أحسنتم
2036,17,الإسراء,7,3,احسنتم,أحسنتم
2036,17,الإسراء,7,4,لانفسكم,لأنفسكم
2036,17,الإسراء,7,5,وان,وإن
2036,17,الإسراء,7,6,اساتم,أسأتم
2036,17,الإسراء,7,8,فاذا,فإذا
2036,17,الإسراء,7,11,الاخره,الآخرة
2036,17,الإسراء,7,18,اول,أول
2036,17,الإسراء,7,19,مره,مرة
2037,17,الإسراء,8,1,عسي,عسى
2037,17,الإسراء,8,3,ان,أن
2037,17,الإسراء,8,5,وان,وإن
2038,17,الإسراء,9,1,ان,إن
2038,17,الإسراء,9,3,القران,القرآن
2038,17,الإسراء,9,7,اقوم,أقوم
2038,17,الإسراء,9,9,المومنين,المؤمنين
2038,17,الإسراء,9,13,ان,أن
2038,17,الإسراء,9,15,اجرا,أجرا
2039,17,الإسراء,10,1,وان,وأن
2039,17,الإسراء,10,4,يومنون,يؤمنون
2039,17,الإسراء,10,5,بالاخره,بالآخرة
2039,17,الإسراء,10,6,اعتدنا,أعتدنا
2039,17,الإسراء,10,9,اليما,أليما
2040,17,الإسراء,11,2,الانسان,الإنسان
2040,17,الإسراء,11,7,الانسان,الإنسان
2041,17,الإسراء,12,4,ايتين,آيتين
2041,17,الإسراء,12,6,ايه,آية
2041,17,الإسراء,12,9,ايه,آية
2041,17,الإسراء,12,11,مبصره,مبصرة
2042,17,الإسراء,13,2,انسان,إنسان
2042,17,الإسراء,13,3,الزمناه,ألزمناه
2042,17,الإسراء,13,4,طايره,طائره
2042,17,الإسراء,13,10,القيامه,القيامة
2043,17,الإسراء,14,1,اقرا,اقرأ
2043,17,الإسراء,14,3,كفي,كفى
2044,17,الإسراء,15,2,اهتدي,اهتدى
2044,17,الإسراء,15,3,فانما,فإنما
2044,17,الإسراء,15,8,فانما,فإنما
2044,17,الإسراء,15,13,وازره,وازرة
2044,17,الإسراء,15,15,اخري,أخرى
2044,17,الإسراء,15,19,حتي,حتى
2045,17,الإسراء,16,1,واذا,وإذا
2045,17,الإسراء,16,2,اردنا,أردنا
2045,17,الإسراء,16,3,ان,أن
2045,17,الإسراء,16,5,قريه,قرية
2045,17,الإسراء,16,6,امرنا,أمرنا
2046,17,الإسراء,17,2,اهلكنا,أهلكنا
2046,17,الإسراء,17,8,وكفي,وكفى
2047,17,الإسراء,18,4,العاجله,العاجلة
2048,17,الإسراء,19,2,اراد,أراد
2048,17,الإسراء,19,3,الاخره,الآخرة
2048,17,الإسراء,19,4,وسعي,وسعى
2048,17,الإسراء,19,8,مومن,مؤمن
2048,17,الإسراء,19,9,فاوليك,فأولئك
2049,17,الإسراء,20,3,هولاء,هؤلاء
2049,17,الإسراء,20,4,وهولاء,وهؤلاء
2050,17,الإسراء,21,5,علي,على
2050,17,الإسراء,21,7,وللاخره,وللآخرة
2050,17,الإسراء,21,8,اكبر,أكبر
2050,17,الإسراء,21,10,واكبر,وأكبر
2051,17,الإسراء,22,5,الها,إلها
2051,17,الإسراء,22,6,اخر,آخر
2052,17,الإسراء,23,1,وقضي,وقضى
2052,17,الإسراء,23,3,الا,ألا
2052,17,الإسراء,23,5,الا,إلا
2052,17,الإسراء,23,6,اياه,إياه
2052,17,الإسراء,23,8,احسانا,إحسانا
2052,17,الإسراء,23,9,اما,إما
2052,17,الإسراء,23,13,احدهما,أحدهما
2052,17,الإسراء,23,14,او,أو
2052,17,الإسراء,23,19,اف,أف
2053,17,الإسراء,24,6,الرحمه,الرحمة
2054,17,الإسراء,25,2,اعلم,أعلم
2054,17,الإسراء,25,6,ان,إن
2054,17,الإسراء,25,9,فانه,فإنه
2054,17,الإسراء,25,11,للاوابين,للأوابين
2055,17,الإسراء,26,1,وات,وآت
2055,17,الإسراء,26,3,القربي,القربى
2056,17,الإسراء,27,1,ان,إن
2056,17,الإسراء,27,4,اخوان,إخوان
2057,17,الإسراء,28,1,واما,وإما
2057,17,الإسراء,28,5,رحمه,رحمة
2058,17,الإسراء,29,4,مغلوله,مغلولة
2058,17,الإسراء,29,5,الي,إلى
2059,17,الإسراء,30,1,ان,إن
2059,17,الإسراء,30,8,انه,إنه
2060,17,الإسراء,31,3,اولادكم,أولادكم
2060,17,الإسراء,31,4,خشيه,خشية
2060,17,الإسراء,31,5,املاق,إملاق
2060,17,الإسراء,31,8,واياكم,وإياكم
2060,17,الإسراء,31,9,ان,إن
2060,17,الإسراء,31,12,خطيا,خطئا
2061,17,الإسراء,32,3,الزني,الزنى
2061,17,الإسراء,32,4,انه,إنه
2061,17,الإسراء,32,6,فاحشه,فاحشة
2062,17,الإسراء,33,7,الا,إلا
2062,17,الإسراء,33,20,انه,إنه
2063,17,الإسراء,34,5,الا,إلا
2063,17,الإسراء,34,8,احسن,أحسن
2063,17,الإسراء,34,9,حتي,حتى
2063,17,الإسراء,34,11,اشده,أشده
2063,17,الإسراء,34,12,واوفوا,وأوفوا
2063,17,الإسراء,34,14,ان,إن
2063,17,الإسراء,34,17,مسيولا,مسئولا
2064,17,الإسراء,35,1,واوفوا,وأوفوا
2064,17,الإسراء,35,3,اذا,إذا
2064,17,الإسراء,35,10,واحسن,وأحسن
2064,17,الإسراء,35,11,تاويلا,تأويلا
2065,17,الإسراء,36,8,ان,إن
2065,17,الإسراء,36,11,والفواد,والفؤاد
2065,17,الإسراء,36,13,اوليك,أولئك
2065,17,الإسراء,36,16,مسيولا,مسئولا
2066,17,الإسراء,37,4,الارض,الأرض
2066,17,الإسراء,37,6,انك,إنك
2066,17,الإسراء,37,9,الارض,الأرض
2067,17,الإسراء,38,4,سييه,سيئه
2068,17,الإسراء,39,3,اوحي,أوحى
2068,17,الإسراء,39,4,اليك,إليك
2068,17,الإسراء,39,7,الحكمه,الحكمة
2068,17,الإسراء,39,12,الها,إلها
2068,17,الإسراء,39,13,اخر,آخر
2068,17,الإسراء,39,14,فتلقي,فتلقى
2069,17,الإسراء,40,1,افاصفاكم,أفأصفاكم
2069,17,الإسراء,40,6,الملايكه,الملائكة
2069,17,الإسراء,40,7,اناثا,إناثا
2069,17,الإسراء,40,8,انكم,إنكم
2070,17,الإسراء,41,5,القران,القرآن
2070,17,الإسراء,41,9,الا,إلا
2071,17,الإسراء,42,5,الهه,آلهة
2071,17,الإسراء,42,8,اذا,إذا
2071,17,الإسراء,42,10,الي,إلى
2072,17,الإسراء,43,2,وتعالي,وتعالى
2073,17,الإسراء,44,5,والارض,والأرض
2073,17,الإسراء,44,8,وان,وإن
2073,17,الإسراء,44,11,الا,إلا
2073,17,الإسراء,44,18,انه,إنه
2074,17,الإسراء,45,1,واذا,وإذا
2074,17,الإسراء,45,2,قرات,قرأت
2074,17,الإسراء,45,3,القران,القرآن
2074,17,الإسراء,45,9,يومنون,يؤمنون
2074,17,الإسراء,45,10,بالاخره,بالآخرة
2075,17,الإسراء,46,2,علي,على
2075,17,الإسراء,46,4,اكنه,أكنة
2075,17,الإسراء,46,5,ان,أن
2075,17,الإسراء,46,8,اذانهم,آذانهم
2075,17,الإسراء,46,10,واذا,وإذا
2075,17,الإسراء,46,14,القران,القرآن
2075,17,الإسراء,46,17,علي,على
2075,17,الإسراء,46,18,ادبارهم,أدبارهم
2076,17,الإسراء,47,2,اعلم,أعلم
2076,17,الإسراء,47,6,اذ,إذ
2076,17,الإسراء,47,8,اليك,إليك
2076,17,الإسراء,47,9,واذ,وإذ
2076,17,الإسراء,47,11,نجوي,نجوى
2076,17,الإسراء,47,12,اذ,إذ
2076,17,الإسراء,47,15,ان,إن
2076,17,الإسراء,47,17,الا,إلا
2077,17,الإسراء,48,5,الامثال,الأمثال
2078,17,الإسراء,49,2,ااذا,أإذا
2078,17,الإسراء,49,6,اانا,أإنا
2079,17,الإسراء,50,3,حجاره,حجارة
2079,17,الإسراء,50,4,او,أو
2080,17,الإسراء,51,1,او,أو
2080,17,الإسراء,51,13,اول,أول
2080,17,الإسراء,51,14,مره,مرة
2080,17,الإسراء,51,16,اليك,إليك
2080,17,الإسراء,51,19,متي,متى
2080,17,الإسراء,51,22,عسي,عسى
2080,17,الإسراء,51,23,ان,أن
2081,17,الإسراء,52,6,ان,إن
2081,17,الإسراء,52,8,الا,إلا
2082,17,الإسراء,53,6,احسن,أحسن
2082,17,الإسراء,53,7,ان,إن
2082,17,الإسراء,53,11,ان,إن
2082,17,الإسراء,53,14,للانسان,للإنسان
2083,17,الإسراء,54,2,اعلم,أعلم
2083,17,الإسراء,54,4,ان,إن
2083,17,الإسراء,54,5,يشا,يشأ
2083,17,الإسراء,54,7,او,أو
2083,17,الإسراء,54,8,ان,إن
2083,17,الإسراء,54,9,يشا,يشأ
2083,17,الإسراء,54,12,ارسلناك,أرسلناك
2084,17,الإسراء,55,2,اعلم,أعلم
2084,17,الإسراء,55,6,والارض,والأرض
2084,17,الإسراء,55,11,علي,على
2084,17,الإسراء,55,13,واتينا,وآتينا
2086,17,الإسراء,57,1,اوليك,أولئك
2086,17,الإسراء,57,5,الي,إلى
2086,17,الإسراء,57,7,الوسيله,الوسيلة
2086,17,الإسراء,57,8,ايهم,أيهم
2086,17,الإسراء,57,9,اقرب,أقرب
2086,17,الإسراء,57,14,ان,إن
2087,17,الإسراء,58,1,وان,وإن
2087,17,الإسراء,58,3,قريه,قرية
2087,17,الإسراء,58,4,الا,إلا
2087,17,الإسراء,58,9,القيامه,القيامة
2087,17,الإسراء,58,10,او,أو
2088,17,الإسراء,59,3,ان,أن
2088,17,الإسراء,59,5,بالايات,بالآيات
2088,17,الإسراء,59,6,الا,إلا
2088,17,الإسراء,59,7,ان,أن
2088,17,الإسراء,59,10,الاولون,الأولون
2088,17,الإسراء,59,11,واتينا,وآتينا
2088,17,الإسراء,59,13,الناقه,الناقة
2088,17,الإسراء,59,14,مبصره,مبصرة
2088,17,الإسراء,59,19,بالايات,بالآيات
2088,17,الإسراء,59,20,الا,إلا
2089,17,الإسراء,60,1,واذ,وإذ
2089,17,الإسراء,60,4,ان,إن
2089,17,الإسراء,60,6,احاط,أحاط
2089,17,الإسراء,60,10,الرويا,الرؤيا
2089,17,الإسراء,60,12,اريناك,أريناك
2089,17,الإسراء,60,13,الا,إلا
2089,17,الإسراء,60,14,فتنه,فتنة
2089,17,الإسراء,60,16,والشجره,والشجرة
2089,17,الإسراء,60,17,الملعونه,الملعونة
2089,17,الإسراء,60,19,القران,القرآن
2089,17,الإسراء,60,23,الا,إلا
2090,17,الإسراء,61,1,واذ,وإذ
2090,17,الإسراء,61,3,للملايكه,للملائكة
2090,17,الإسراء,61,5,لادم,لآدم
2090,17,الإسراء,61,7,الا,إلا
2090,17,الإسراء,61,8,ابليس,إبليس
2090,17,الإسراء,61,10,ااسجد,أأسجد
2091,17,الإسراء,62,2,ارايتك,أرأيتك
2091,17,الإسراء,62,7,لين,لئن
2091,17,الإسراء,62,8,اخرتن,أخرتن
2091,17,الإسراء,62,9,الي,إلى
2091,17,الإسراء,62,11,القيامه,القيامة
2091,17,الإسراء,62,12,لاحتنكن,لأحتنكن
2091,17,الإسراء,62,14,الا,إلا
2092,17,الإسراء,63,6,فان,فإن
2092,17,الإسراء,63,8,جزاوكم,جزاؤكم
2093,17,الإسراء,64,6,واجلب,وأجلب
2093,17,الإسراء,64,12,الاموال,الأموال
2093,17,الإسراء,64,13,والاولاد,والأولاد
2093,17,الإسراء,64,18,الا,إلا
2094,17,الإسراء,65,1,ان,إن
2094,17,الإسراء,65,7,وكفي,وكفى
2095,17,الإسراء,66,11,انه,إنه
2096,17,الإسراء,67,1,واذا,وإذا
2096,17,الإسراء,67,9,الا,إلا
2096,17,الإسراء,67,10,اياه,إياه
2096,17,الإسراء,67,13,الي,إلى
2096,17,الإسراء,67,15,اعرضتم,أعرضتم
2096,17,الإسراء,67,17,الانسان,الإنسان
2097,17,الإسراء,68,1,افامنتم,أفأمنتم
2097,17,الإسراء,68,2,ان,أن
2097,17,الإسراء,68,7,او,أو
2098,17,الإسراء,69,1,ام,أم
2098,17,الإسراء,69,2,امنتم,أمنتم
2098,17,الإسراء,69,3,ان,أن
2098,17,الإسراء,69,6,تاره,تارة
2098,17,الإسراء,69,7,اخري,أخرى
2099,17,الإسراء,70,4,ادم,آدم
2099,17,الإسراء,70,13,علي,على
2100,17,الإسراء,71,4,اناس,أناس
2100,17,الإسراء,71,5,بامامهم,بإمامهم
2100,17,الإسراء,71,7,اوتي,أوتي
2100,17,الإسراء,71,10,فاوليك,فأولئك
2101,17,الإسراء,72,5,اعمي,أعمى
2101,17,الإسراء,72,8,الاخره,الآخرة
2101,17,الإسراء,72,9,اعمي,أعمى
2101,17,الإسراء,72,10,واضل,وأضل
2102,17,الإسراء,73,1,وان,وإن
2102,17,الإسراء,73,6,اوحينا,أوحينا
2102,17,الإسراء,73,7,اليك,إليك
2102,17,الإسراء,73,11,واذا,وإذا
2103,17,الإسراء,74,2,ان,أن
2103,17,الإسراء,74,7,اليهم,إليهم
2103,17,الإسراء,74,8,شييا,شيئا
2104,17,الإسراء,75,1,اذا,إذا
2104,17,الإسراء,75,2,لاذقناك,لأذقناك
2104,17,الإسراء,75,4,الحياه,الحياة
2105,17,الإسراء,76,1,وان,وإن
2105,17,الإسراء,76,5,الارض,الأرض
2105,17,الإسراء,76,8,واذا,وإذا
2105,17,الإسراء,76,12,الا,إلا
2106,17,الإسراء,77,1,سنه,سنة
2106,17,الإسراء,77,4,ارسلنا,أرسلنا
2107,17,الإسراء,78,1,اقم,أقم
2107,17,الإسراء,78,2,الصلاه,الصلاة
2107,17,الإسراء,78,5,الي,إلى
2107,17,الإسراء,78,8,وقران,وقرآن
2107,17,الإسراء,78,10,ان,إن
2107,17,الإسراء,78,11,قران,قرآن
2108,17,الإسراء,79,5,نافله,نافلة
2108,17,الإسراء,79,7,عسي,عسى
2108,17,الإسراء,79,8,ان,أن
2109,17,الإسراء,80,3,ادخلني,أدخلني
2109,17,الإسراء,80,6,واخرجني,وأخرجني
2110,17,الإسراء,81,6,ان,إن
2111,17,الإسراء,82,3,القران,القرآن
2111,17,الإسراء,82,7,ورحمه,ورحمة
2111,17,الإسراء,82,8,للمومنين,للمؤمنين
2111,17,الإسراء,82,12,الا,إلا
2112,17,الإسراء,83,1,واذا,وإذا
2112,17,الإسراء,83,2,انعمنا,أنعمنا
2112,17,الإسراء,83,3,علي,على
2112,17,الإسراء,83,4,الانسان,الإنسان
2112,17,الإسراء,83,5,اعرض,أعرض
2112,17,الإسراء,83,6,وناي,ونأى
2112,17,الإسراء,83,8,واذا,وإذا
2112,17,الإسراء,83,12,ييوسا,يئوسا
2113,17,الإسراء,84,4,علي,على
2113,17,الإسراء,84,7,اعلم,أعلم
2113,17,الإسراء,84,10,اهدي,أهدى
2114,17,الإسراء,85,1,ويسالونك,ويسألونك
2114,17,الإسراء,85,7,امر,أمر
2114,17,الإسراء,85,10,اوتيتم,أوتيتم
2114,17,الإسراء,85,13,الا,إلا
2115,17,الإسراء,86,1,ولين,ولئن
2115,17,الإسراء,86,2,شينا,شئنا
2115,17,الإسراء,86,5,اوحينا,أوحينا
2115,17,الإسراء,86,6,اليك,إليك
2116,17,الإسراء,87,1,الا,إلا
2116,17,الإسراء,87,2,رحمه,رحمة
2116,17,الإسراء,87,5,ان,إن
2117,17,الإسراء,88,2,لين,لئن
2117,17,الإسراء,88,4,الانس,الإنس
2117,17,الإسراء,88,6,علي,على
2117,17,الإسراء,88,7,ان,أن
2117,17,الإسراء,88,8,ياتوا,يأتوا
2117,17,الإسراء,88,11,القران,القرآن
2117,17,الإسراء,88,13,ياتون,يأتون
2118,17,الإسراء,89,6,القران,القرآن
2118,17,الإسراء,89,10,فابي,فأبى
2118,17,الإسراء,89,11,اكثر,أكثر
2118,17,الإسراء,89,13,الا,إلا
2119,17,الإسراء,90,3,نومن,نؤمن
2119,17,الإسراء,90,5,حتي,حتى
2119,17,الإسراء,90,9,الارض,الأرض
2120,17,الإسراء,91,1,او,أو
2120,17,الإسراء,91,4,جنه,جنة
2120,17,الإسراء,91,9,الانهار,الأنهار
2121,17,الإسراء,92,1,او,أو
2121,17,الإسراء,92,8,او,أو
2121,17,الإسراء,92,9,تاتي,تأتي
2121,17,الإسراء,92,11,والملايكه,والملائكة
2122,17,الإسراء,93,1,او,أو
2122,17,الإسراء,93,7,او,أو
2122,17,الإسراء,93,8,ترقي,ترقى
2122,17,الإسراء,93,12,نومن,نؤمن
2122,17,الإسراء,93,14,حتي,حتى
2122,17,الإسراء,93,18,نقروه,نقرؤه
2122,17,الإسراء,93,24,الا,إلا
2123,17,الإسراء,94,4,ان,أن
2123,17,الإسراء,94,5,يومنوا,يؤمنوا
2123,17,الإسراء,94,6,اذ,إذ
2123,17,الإسراء,94,8,الهدي,الهدى
2123,17,الإسراء,94,9,الا,إلا
2123,17,الإسراء,94,10,ان,أن
2123,17,الإسراء,94,12,ابعث,أبعث
2124,17,الإسراء,95,5,الارض,الأرض
2124,17,الإسراء,95,6,ملايكه,ملائكة
2124,17,الإسراء,95,8,مطمينين,مطمئنين
2125,17,الإسراء,96,2,كفي,كفى
2125,17,الإسراء,96,7,انه,إنه
2126,17,الإسراء,97,11,اولياء,أولياء
2126,17,الإسراء,97,16,القيامه,القيامة
2126,17,الإسراء,97,17,علي,على
2126,17,الإسراء,97,22,ماواهم,مأواهم
2127,17,الإسراء,98,2,جزاوهم,جزاؤهم
2127,17,الإسراء,98,3,بانهم,بأنهم
2127,17,الإسراء,98,5,باياتنا,بآياتنا
2127,17,الإسراء,98,7,ااذا,أإذا
2127,17,الإسراء,98,11,اانا,أإنا
2128,17,الإسراء,99,1,اولم,أولم
2128,17,الإسراء,99,3,ان,أن
2128,17,الإسراء,99,8,والارض,والأرض
2128,17,الإسراء,99,10,علي,على
2128,17,الإسراء,99,11,ان,أن
2128,17,الإسراء,99,16,اجلا,أجلا
2128,17,الإسراء,99,20,فابي,فأبى
2128,17,الإسراء,99,22,الا,إلا
2129,17,الإسراء,100,3,انتم,أنتم
2129,17,الإسراء,100,5,خزاين,خزائن
2129,17,الإسراء,100,6,رحمه,رحمة
2129,17,الإسراء,100,8,اذا,إذا
2129,17,الإسراء,100,9,لامسكتم,لأمسكتم
2129,17,الإسراء,100,10,خشيه,خشية
2129,17,الإسراء,100,11,الانفاق,الإنفاق
2129,17,الإسراء,100,13,الانسان,الإنسان
2130,17,الإسراء,101,2,اتينا,آتينا
2130,17,الإسراء,101,3,موسي,موسى
2130,17,الإسراء,101,5,ايات,آيات
2130,17,الإسراء,101,7,فاسال,فاسأل
2130,17,الإسراء,101,9,اسراييل,إسرائيل
2130,17,الإسراء,101,10,اذ,إذ
2130,17,الإسراء,101,15,اني,إني
2130,17,الإسراء,101,16,لاظنك,لأظنك
2130,17,الإسراء,101,18,موسي,موسى
2131,17,الإسراء,102,5,انزل,أنزل
2131,17,الإسراء,102,6,هولاء,هؤلاء
2131,17,الإسراء,102,7,الا,إلا
2131,17,الإسراء,102,10,والارض,والأرض
2131,17,الإسراء,102,11,بصاير,بصائر
2131,17,الإسراء,102,12,واني,وإني
2131,17,الإسراء,102,13,لاظنك,لأظنك
2132,17,الإسراء,103,1,فاراد,فأراد
2132,17,الإسراء,103,2,ان,أن
2132,17,الإسراء,103,5,الارض,الأرض
2132,17,الإسراء,103,6,فاغرقناه,فأغرقناه
2133,17,الإسراء,104,5,اسراييل,إسرائيل
2133,17,الإسراء,104,7,الارض,الأرض
2133,17,الإسراء,104,8,فاذا,فإذا
2133,17,الإسراء,104,11,الاخره,الآخرة
2133,17,الإسراء,104,12,جينا,جئنا
2134,17,الإسراء,105,2,انزلناه,أنزلناه
2134,17,الإسراء,105,6,ارسلناك,أرسلناك
2134,17,الإسراء,105,7,الا,إلا
2135,17,الإسراء,106,1,وقرانا,وقرآنا
2135,17,الإسراء,106,3,لتقراه,لتقرأه
2135,17,الإسراء,106,4,علي,على
2135,17,الإسراء,106,6,علي,على
2136,17,الإسراء,107,2,امنوا,آمنوا
2136,17,الإسراء,107,4,او,أو
2136,17,الإسراء,107,6,تومنوا,تؤمنوا
2136,17,الإسراء,107,7,ان,إن
2136,17,الإسراء,107,9,اوتوا,أوتوا
2136,17,الإسراء,107,13,اذا,إذا
2136,17,الإسراء,107,14,يتلي,يتلى
2136,17,الإسراء,107,17,للاذقان,للأذقان
2137,17,الإسراء,108,4,ان,إن
2138,17,الإسراء,109,2,للاذقان,للأذقان
2139,17,الإسراء,110,4,او,أو
2139,17,الإسراء,110,7,ايا,أيا
2139,17,الإسراء,110,11,الاسماء,الأسماء
2139,17,الإسراء,110,12,الحسني,الحسنى
2141,18,الكهف,1,8,انزل,أنزل
2141,18,الكهف,1,9,علي,على
2142,18,الكهف,2,3,باسا,بأسا
2142,18,الكهف,2,8,المومنين,المؤمنين
2142,18,الكهف,2,12,ان,أن
2142,18,الكهف,2,14,اجرا,أجرا
2143,18,الكهف,3,3,ابدا,أبدا
2145,18,الكهف,5,7,لابايهم,لآبائهم
2145,18,الكهف,5,9,كلمه,كلمة
2145,18,الكهف,5,12,افواههم,أفواههم
2145,18,الكهف,5,13,ان,إن
2145,18,الكهف,5,15,الا,إلا
2146,18,الكهف,6,4,علي,على
2146,18,الكهف,6,5,اثارهم,آثارهم
2146,18,الكهف,6,6,ان,إن
2146,18,الكهف,6,8,يومنوا,يؤمنوا
2146,18,الكهف,6,11,اسفا,أسفا
2147,18,الكهف,7,1,انا,إنا
2147,18,الكهف,7,4,علي,على
2147,18,الكهف,7,5,الارض,الأرض
2147,18,الكهف,7,6,زينه,زينة
2147,18,الكهف,7,9,ايهم,أيهم
2147,18,الكهف,7,10,احسن,أحسن
2148,18,الكهف,8,1,وانا,وإنا
2149,18,الكهف,9,1,ام,أم
2149,18,الكهف,9,3,ان,أن
2149,18,الكهف,9,4,اصحاب,أصحاب
2149,18,الكهف,9,9,اياتنا,آياتنا
2150,18,الكهف,10,1,اذ,إذ
2150,18,الكهف,10,2,اوي,أوى
2150,18,الكهف,10,3,الفتيه,الفتية
2150,18,الكهف,10,4,الي,إلى
2150,18,الكهف,10,8,اتنا,آتنا
2150,18,الكهف,10,11,رحمه,رحمة
2150,18,الكهف,10,12,وهيي,وهيئ
2150,18,الكهف,10,15,امرنا,أمرنا
2151,18,الكهف,11,2,علي,على
2151,18,الكهف,11,3,اذانهم,آذانهم
2152,18,الكهف,12,4,اي,أي
2152,18,الكهف,12,6,احصي,أحصى
2152,18,الكهف,12,9,امدا,أمدا
2153,18,الكهف,13,4,نباهم,نبأهم
2153,18,الكهف,13,6,انهم,إنهم
2153,18,الكهف,13,7,فتيه,فتية
2153,18,الكهف,13,8,امنوا,آمنوا
2153,18,الكهف,13,11,هدي,هدى
2154,18,الكهف,14,2,علي,على
2154,18,الكهف,14,4,اذ,إذ
2154,18,الكهف,14,10,والارض,والأرض
2154,18,الكهف,14,15,الها,إلها
2154,18,الكهف,14,18,اذا,إذا
2155,18,الكهف,15,1,هولاء,هؤلاء
2155,18,الكهف,15,6,الهه,آلهة
2155,18,الكهف,15,8,ياتون,يأتون
2155,18,الكهف,15,13,اظلم,أظلم
2155,18,الكهف,15,15,افتري,افترى
2155,18,الكهف,15,16,علي,على
2156,18,الكهف,16,1,واذ,وإذ
2156,18,الكهف,16,5,الا,إلا
2156,18,الكهف,16,7,فاووا,فأووا
2156,18,الكهف,16,8,الي,إلى
2156,18,الكهف,16,15,ويهيي,ويهيئ
2156,18,الكهف,16,18,امركم,أمركم
2157,18,الكهف,17,1,وتري,وترى
2157,18,الكهف,17,3,اذا,إذا
2157,18,الكهف,17,10,واذا,وإذا
2157,18,الكهف,17,17,فجوه,فجوة
2157,18,الكهف,17,21,ايات,آيات
2158,18,الكهف,18,2,ايقاظا,أيقاظا
2158,18,الكهف,18,20,ولمليت,ولملئت
2159,18,الكهف,19,6,قايل,قائل
2159,18,الكهف,19,13,او,أو
2159,18,الكهف,19,18,اعلم,أعلم
2159,18,الكهف,19,22,احدكم,أحدكم
2159,18,الكهف,19,25,الي,إلى
2159,18,الكهف,19,26,المدينه,المدينة
2159,18,الكهف,19,28,ايها,أيها
2159,18,الكهف,19,29,ازكي,أزكى
2159,18,الكهف,19,31,فلياتكم,فليأتكم
2159,18,الكهف,19,38,احدا,أحدا
2160,18,الكهف,20,1,انهم,إنهم
2160,18,الكهف,20,2,ان,إن
2160,18,الكهف,20,6,او,أو
2160,18,الكهف,20,12,اذا,إذا
2160,18,الكهف,20,13,ابدا,أبدا
2161,18,الكهف,21,2,اعثرنا,أعثرنا
2161,18,الكهف,21,5,ان,أن
2161,18,الكهف,21,9,وان,وأن
2161,18,الكهف,21,10,الساعه,الساعة
2161,18,الكهف,21,14,اذ,إذ
2161,18,الكهف,21,17,امرهم,أمرهم
2161,18,الكهف,21,23,اعلم,أعلم
2161,18,الكهف,21,28,علي,على
2161,18,الكهف,21,29,امرهم,أمرهم
2162,18,الكهف,22,2,ثلاثه,ثلاثة
2162,18,الكهف,22,6,خمسه,خمسة
2162,18,الكهف,22,12,سبعه,سبعة
2162,18,الكهف,22,17,اعلم,أعلم
2162,18,الكهف,22,21,الا,إلا
2162,18,الكهف,22,26,الا,إلا
2162,18,الكهف,22,33,احدا,أحدا
2163,18,الكهف,23,4,اني,إني
2164,18,الكهف,24,1,الا,إلا
2164,18,الكهف,24,2,ان,أن
2164,18,الكهف,24,7,اذا,إذا
2164,18,الكهف,24,10,عسي,عسى
2164,18,الكهف,24,11,ان,أن
2164,18,الكهف,24,14,لاقرب,لأقرب
2165,18,الكهف,25,5,مايه,مائة
2166,18,الكهف,26,3,اعلم,أعلم
2166,18,الكهف,26,9,والارض,والأرض
2166,18,الكهف,26,10,ابصر,أبصر
2166,18,الكهف,26,12,واسمع,وأسمع
2166,18,الكهف,26,23,احدا,أحدا
2167,18,الكهف,27,3,اوحي,أوحي
2167,18,الكهف,27,4,اليك,إليك
2168,18,الكهف,28,7,بالغداه,بالغداة
2168,18,الكهف,28,16,زينه,زينة
2168,18,الكهف,28,17,الحياه,الحياة
2168,18,الكهف,28,22,اغفلنا,أغفلنا
2168,18,الكهف,28,29,امره,أمره
2169,18,الكهف,29,7,فليومن,فليؤمن
2169,18,الكهف,29,11,انا,إنا
2169,18,الكهف,29,12,اعتدنا,أعتدنا
2169,18,الكهف,29,15,احاط,أحاط
2169,18,الكهف,29,18,وان,وإن
2169,18,الكهف,29,25,بيس,بئس
2170,18,الكهف,30,1,ان,إن
2170,18,الكهف,30,3,امنوا,آمنوا
2170,18,الكهف,30,6,انا,إنا
2170,18,الكهف,30,9,اجر,أجر
2170,18,الكهف,30,11,احسن,أحسن
2171,18,الكهف,31,1,اوليك,أولئك
2171,18,الكهف,31,8,الانهار,الأنهار
2171,18,الكهف,31,12,اساور,أساور
2171,18,الكهف,31,20,واستبرق,وإستبرق
2171,18,الكهف,31,21,متكيين,متكئين
2171,18,الكهف,31,23,علي,على
2171,18,الكهف,31,24,الارايك,الأرائك
2172,18,الكهف,32,6,لاحدهما,لأحدهما
2172,18,الكهف,32,9,اعناب,أعناب
2173,18,الكهف,33,3,اتت,آتت
2173,18,الكهف,33,4,اكلها,أكلها
2173,18,الكهف,33,8,شييا,شيئا
2174,18,الكهف,34,8,انا,أنا
2174,18,الكهف,34,9,اكثر,أكثر
2174,18,الكهف,34,12,واعز,وأعز
2175,18,الكهف,35,8,اظن,أظن
2175,18,الكهف,35,9,ان,أن
2175,18,الكهف,35,12,ابدا,أبدا
2176,18,الكهف,36,2,اظن,أظن
2176,18,الكهف,36,3,الساعه,الساعة
2176,18,الكهف,36,4,قايمه,قائمة
2176,18,الكهف,36,5,ولين,ولئن
2176,18,الكهف,36,7,الي,إلى
2176,18,الكهف,36,9,لاجدن,لأجدن
2177,18,الكهف,37,6,اكفرت,أكفرت
2177,18,الكهف,37,13,نطفه,نطفة
2178,18,الكهف,38,6,اشرك,أشرك
2178,18,الكهف,38,8,احدا,أحدا
2179,18,الكهف,39,2,اذ,إذ
2179,18,الكهف,39,10,قوه,قوة
2179,18,الكهف,39,11,الا,إلا
2179,18,الكهف,39,13,ان,إن
2179,18,الكهف,39,15,انا,أنا
2179,18,الكهف,39,16,اقل,أقل
2180,18,الكهف,40,1,فعسي,فعسى
2180,18,الكهف,40,3,ان,أن
2180,18,الكهف,40,4,يوتين,يؤتين
2181,18,الكهف,41,1,او,أو
2181,18,الكهف,41,3,ماوها,ماؤها
2182,18,الكهف,42,1,واحيط,وأحيط
2182,18,الكهف,42,3,فاصبح,فأصبح
2182,18,الكهف,42,6,علي,على
2182,18,الكهف,42,8,انفق,أنفق
2182,18,الكهف,42,11,خاويه,خاوية
2182,18,الكهف,42,12,علي,على
2182,18,الكهف,42,18,اشرك,أشرك
2182,18,الكهف,42,20,احدا,أحدا
2183,18,الكهف,43,4,فيه,فئة
2184,18,الكهف,44,2,الولايه,الولاية
2185,18,الكهف,45,4,الحياه,الحياة
2185,18,الكهف,45,7,انزلناه,أنزلناه
2185,18,الكهف,45,13,الارض,الأرض
2185,18,الكهف,45,14,فاصبح,فأصبح
2185,18,الكهف,45,20,علي,على
2186,18,الكهف,46,3,زينه,زينة
2186,18,الكهف,46,4,الحياه,الحياة
2186,18,الكهف,46,13,املا,أملا
2187,18,الكهف,47,4,وتري,وترى
2187,18,الكهف,47,5,الارض,الأرض
2187,18,الكهف,47,6,بارزه,بارزة
2187,18,الكهف,47,11,احدا,أحدا
2188,18,الكهف,48,2,علي,على
2188,18,الكهف,48,6,جيتمونا,جئتمونا
2188,18,الكهف,48,9,اول,أول
2188,18,الكهف,48,10,مره,مرة
2188,18,الكهف,48,13,الن,ألن
2189,18,الكهف,49,3,فتري,فترى
2189,18,الكهف,49,16,صغيره,صغيرة
2189,18,الكهف,49,18,كبيره,كبيرة
2189,18,الكهف,49,19,الا,إلا
2189,18,الكهف,49,20,احصاها,أحصاها
2189,18,الكهف,49,28,احدا,أحدا
2190,18,الكهف,50,1,واذ,وإذ
2190,18,الكهف,50,3,للملايكه,للملائكة
2190,18,الكهف,50,5,لادم,لآدم
2190,18,الكهف,50,7,الا,إلا
2190,18,الكهف,50,8,ابليس,إبليس
2190,18,الكهف,50,14,امر,أمر
2190,18,الكهف,50,16,افتتخذونه,أفتتخذونه
2190,18,الكهف,50,18,اولياء,أولياء
2190,18,الكهف,50,24,بيس,بئس
2191,18,الكهف,51,2,اشهدتهم,أشهدتهم
2191,18,الكهف,51,5,والارض,والأرض
2191,18,الكهف,51,8,انفسهم,أنفسهم
2192,18,الكهف,52,4,شركايي,شركائي
2193,18,الكهف,53,1,وراي,ورأى
2193,18,الكهف,53,5,انهم,أنهم
2194,18,الكهف,54,5,القران,القرآن
2194,18,الكهف,54,11,الانسان,الإنسان
2194,18,الكهف,54,12,اكثر,أكثر
2195,18,الكهف,55,4,ان,أن
2195,18,الكهف,55,5,يومنوا,يؤمنوا
2195,18,الكهف,55,6,اذ,إذ
2195,18,الكهف,55,8,الهدي,الهدى
2195,18,الكهف,55,11,الا,إلا
2195,18,الكهف,55,12,ان,أن
2195,18,الكهف,55,13,تاتيهم,تأتيهم
2195,18,الكهف,55,14,سنه,سنة
2195,18,الكهف,55,15,الاولين,الأولين
2195,18,الكهف,55,16,او,أو
2195,18,الكهف,55,17,ياتيهم,يأتيهم
2196,18,الكهف,56,4,الا,إلا
2196,18,الكهف,56,15,اياتي,آياتي
2196,18,الكهف,56,17,انذروا,أنذروا
2197,18,الكهف,57,2,اظلم,أظلم
2197,18,الكهف,57,5,بايات,بآيات
2197,18,الكهف,57,7,فاعرض,فأعرض
2197,18,الكهف,57,13,انا,إنا
2197,18,الكهف,57,15,علي,على
2197,18,الكهف,57,17,اكنه,أكنة
2197,18,الكهف,57,18,ان,أن
2197,18,الكهف,57,21,اذانهم,آذانهم
2197,18,الكهف,57,23,وان,وإن
2197,18,الكهف,57,25,الي,إلى
2197,18,الكهف,57,26,الهدي,الهدى
2197,18,الكهف,57,29,اذا,إذا
2197,18,الكهف,57,30,ابدا,أبدا
2198,18,الكهف,58,4,الرحمه,الرحمة
2198,18,الكهف,58,6,يواخذهم,يؤاخذهم
2198,18,الكهف,58,19,مويلا,موئلا
2199,18,الكهف,59,2,القري,القرى
2199,18,الكهف,59,3,اهلكناهم,أهلكناهم
2200,18,الكهف,60,1,واذ,وإذ
2200,18,الكهف,60,3,موسي,موسى
2200,18,الكهف,60,6,ابرح,أبرح
2200,18,الكهف,60,7,حتي,حتى
2200,18,الكهف,60,8,ابلغ,أبلغ
2200,18,الكهف,60,11,او,أو
2200,18,الكهف,60,12,امضي,أمضي
2202,18,الكهف,62,5,اتنا,آتنا
2203,18,الكهف,63,2,ارايت,أرأيت
2203,18,الكهف,63,3,اذ,إذ
2203,18,الكهف,63,4,اوينا,أوينا
2203,18,الكهف,63,5,الي,إلى
2203,18,الكهف,63,6,الصخره,الصخرة
2203,18,الكهف,63,7,فاني,فإني
2203,18,الكهف,63,11,انسانيه,أنسانيه
2203,18,الكهف,63,12,الا,إلا
2203,18,الكهف,63,14,ان,أن
2203,18,الكهف,63,15,اذكره,أذكره
2204,18,الكهف,64,7,علي,على
2204,18,الكهف,64,8,اثارهما,آثارهما
2205,18,الكهف,65,5,اتيناه,آتيناه
2205,18,الكهف,65,6,رحمه,رحمة
2206,18,الكهف,66,3,موسي,موسى
2206,18,الكهف,66,5,اتبعك,أتبعك
2206,18,الكهف,66,6,علي,على
2206,18,الكهف,66,7,ان,أن
2207,18,الكهف,67,2,انك,إنك
2208,18,الكهف,68,3,علي,على
2209,18,الكهف,69,3,ان,إن
2209,18,الكهف,69,8,اعصي,أعصي
2209,18,الكهف,69,10,امرا,أمرا
2210,18,الكهف,70,2,فان,فإن
2210,18,الكهف,70,5,تسالني,تسألني
2210,18,الكهف,70,8,حتي,حتى
2210,18,الكهف,70,9,احدث,أحدث
2211,18,الكهف,71,2,حتي,حتى
2211,18,الكهف,71,3,اذا,إذا
2211,18,الكهف,71,6,السفينه,السفينة
2211,18,الكهف,71,9,اخرقتها,أخرقتها
2211,18,الكهف,71,11,اهلها,أهلها
2211,18,الكهف,71,13,جيت,جئت
2211,18,الكهف,71,14,شييا,شيئا
2211,18,الكهف,71,15,امرا,إمرا
2212,18,الكهف,72,2,الم,ألم
2212,18,الكهف,72,3,اقل,أقل
2212,18,الكهف,72,4,انك,إنك
2213,18,الكهف,73,3,تواخذني,تؤاخذني
2213,18,الكهف,73,9,امري,أمري
2214,18,الكهف,74,2,حتي,حتى
2214,18,الكهف,74,3,اذا,إذا
2214,18,الكهف,74,8,اقتلت,أقتلت
2214,18,الكهف,74,10,زكيه,زكية
2214,18,الكهف,74,14,جيت,جئت
2214,18,الكهف,74,15,شييا,شيئا
2215,18,الكهف,75,2,الم,ألم
2215,18,الكهف,75,3,اقل,أقل
2215,18,الكهف,75,5,انك,إنك
2216,18,الكهف,76,2,ان,إن
2216,18,الكهف,76,3,سالتك,سألتك
2217,18,الكهف,77,2,حتي,حتى
2217,18,الكهف,77,3,اذا,إذا
2217,18,الكهف,77,4,اتيا,أتيا
2217,18,الكهف,77,5,اهل,أهل
2217,18,الكهف,77,6,قريه,قرية
2217,18,الكهف,77,8,اهلها,أهلها
2217,18,الكهف,77,9,فابوا,فأبوا
2217,18,الكهف,77,10,ان,أن
2217,18,الكهف,77,16,ان,أن
2217,18,الكهف,77,18,فاقامه,فأقامه
2217,18,الكهف,77,21,شيت,شئت
2217,18,الكهف,77,24,اجرا,أجرا
2218,18,الكهف,78,6,سانبيك,سأنبئك
2218,18,الكهف,78,7,بتاويل,بتأويل
2219,18,الكهف,79,1,اما,أما
2219,18,الكهف,79,2,السفينه,السفينة
2219,18,الكهف,79,8,فاردت,فأردت
2219,18,الكهف,79,9,ان,أن
2219,18,الكهف,79,10,اعيبها,أعيبها
2219,18,الكهف,79,14,ياخذ,يأخذ
2219,18,الكهف,79,16,سفينه,سفينة
2220,18,الكهف,80,1,واما,وأما
2220,18,الكهف,80,4,ابواه,أبواه
2220,18,الكهف,80,5,مومنين,مؤمنين
2220,18,الكهف,80,7,ان,أن
2221,18,الكهف,81,1,فاردنا,فأردنا
2221,18,الكهف,81,2,ان,أن
2221,18,الكهف,81,7,زكاه,زكاة
2221,18,الكهف,81,8,واقرب,وأقرب
2222,18,الكهف,82,1,واما,وأما
2222,18,الكهف,82,7,المدينه,المدينة
2222,18,الكهف,82,13,ابوهما,أبوهما
2222,18,الكهف,82,15,فاراد,فأراد
2222,18,الكهف,82,17,ان,أن
2222,18,الكهف,82,19,اشدهما,أشدهما
2222,18,الكهف,82,22,رحمه,رحمة
2222,18,الكهف,82,28,امري,أمري
2222,18,الكهف,82,30,تاويل,تأويل
2223,18,الكهف,83,1,ويسالونك,ويسألونك
2223,18,الكهف,83,6,ساتلو,سأتلو
2224,18,الكهف,84,1,انا,إنا
2224,18,الكهف,84,5,الارض,الأرض
2224,18,الكهف,84,6,واتيناه,وآتيناه
2225,18,الكهف,85,1,فاتبع,فأتبع
2226,18,الكهف,86,1,حتي,حتى
2226,18,الكهف,86,2,اذا,إذا
2226,18,الكهف,86,10,حميه,حمئة
2226,18,الكهف,86,18,اما,إما
2226,18,الكهف,86,19,ان,أن
2226,18,الكهف,86,21,واما,وإما
2226,18,الكهف,86,22,ان,أن
2227,18,الكهف,87,2,اما,أما
2227,18,الكهف,87,9,الي,إلى
2228,18,الكهف,88,1,واما,وأما
2228,18,الكهف,88,3,امن,آمن
2228,18,الكهف,88,8,الحسني,الحسنى
2228,18,الكهف,88,12,امرنا,أمرنا
2229,18,الكهف,89,2,اتبع,أتبع
2230,18,الكهف,90,1,حتي,حتى
2230,18,الكهف,90,2,اذا,إذا
2230,18,الكهف,90,8,علي,على
2231,18,الكهف,91,3,احطنا,أحطنا
2232,18,الكهف,92,2,اتبع,أتبع
2233,18,الكهف,93,1,حتي,حتى
2233,18,الكهف,93,2,اذا,إذا
2234,18,الكهف,94,5,ان,إن
2234,18,الكهف,94,6,ياجوج,يأجوج
2234,18,الكهف,94,7,وماجوج,ومأجوج
2234,18,الكهف,94,10,الارض,الأرض
2234,18,الكهف,94,15,علي,على
2234,18,الكهف,94,16,ان,أن
2235,18,الكهف,95,7,فاعينوني,فأعينوني
2235,18,الكهف,95,8,بقوه,بقوة
2235,18,الكهف,95,9,اجعل,أجعل
2236,18,الكهف,96,1,اتوني,آتوني
2236,18,الكهف,96,4,حتي,حتى
2236,18,الكهف,96,5,اذا,إذا
2236,18,الكهف,96,6,ساوي,ساوى
2236,18,الكهف,96,11,حتي,حتى
2236,18,الكهف,96,12,اذا,إذا
2236,18,الكهف,96,16,اتوني,آتوني
2236,18,الكهف,96,17,افرغ,أفرغ
2237,18,الكهف,97,3,ان,أن
2238,18,الكهف,98,3,رحمه,رحمة
2238,18,الكهف,98,6,فاذا,فإذا
2239,18,الكهف,99,3,يوميذ,يومئذ
2240,18,الكهف,100,3,يوميذ,يومئذ
2241,18,الكهف,101,3,اعينهم,أعينهم
2242,18,الكهف,102,1,افحسب,أفحسب
2242,18,الكهف,102,4,ان,أن
2242,18,الكهف,102,9,اولياء,أولياء
2242,18,الكهف,102,10,انا,إنا
2242,18,الكهف,102,11,اعتدنا,أعتدنا
2243,18,الكهف,103,3,ننبيكم,ننبئكم
2243,18,الكهف,103,4,بالاخسرين,بالأخسرين
2243,18,الكهف,103,5,اعمالا,أعمالا
2244,18,الكهف,104,5,الحياه,الحياة
2244,18,الكهف,104,9,انهم,أنهم
2245,18,الكهف,105,1,اوليك,أولئك
2245,18,الكهف,105,4,بايات,بآيات
2245,18,الكهف,105,6,ولقايه,ولقائه
2245,18,الكهف,105,8,اعمالهم,أعمالهم
2245,18,الكهف,105,13,القيامه,القيامة
2246,18,الكهف,106,2,جزاوهم,جزاؤهم
2246,18,الكهف,106,7,اياتي,آياتي
2247,18,الكهف,107,1,ان,إن
2247,18,الكهف,107,3,امنوا,آمنوا
2249,18,الكهف,109,11,ان,أن
2249,18,الكهف,109,16,جينا,جئنا
2250,18,الكهف,110,2,انما,إنما
2250,18,الكهف,110,3,انا,أنا
2250,18,الكهف,110,6,يوحي,يوحى
2250,18,الكهف,110,7,الي,إلي
2250,18,الكهف,110,8,انما,أنما
2250,18,الكهف,110,9,الهكم,إلهكم
2250,18,الكهف,110,10,اله,إله
2250,18,الكهف,110,22,بعباده,بعبادة
2250,18,الكهف,110,24,احدا,أحدا
2253,19,مريم,3,1,اذ,إذ
2253,19,مريم,3,2,نادي,نادى
2254,19,مريم,4,3,اني,إني
2254,19,مريم,4,8,الراس,الرأس
2254,19,مريم,4,11,اكن,أكن
2254,19,مريم,4,12,بدعايك,بدعائك
2255,19,مريم,5,1,واني,وإني
2255,19,مريم,5,5,ورايي,ورائي
2255,19,مريم,5,7,امراتي,امرأتي
2256,19,مريم,6,4,ال,آل
2257,19,مريم,7,3,انا,إنا
2257,19,مريم,7,7,يحيي,يحيى
2258,19,مريم,8,3,اني,أنى
2258,19,مريم,8,8,امراتي,امرأتي
2259,19,مريم,9,14,شييا,شيئا
2260,19,مريم,10,5,ايه,آية
2260,19,مريم,10,7,ايتك,آيتك
2260,19,مريم,10,8,الا,ألا
2261,19,مريم,11,2,علي,على
2261,19,مريم,11,6,فاوحي,فأوحى
2261,19,مريم,11,7,اليهم,إليهم
2261,19,مريم,11,8,ان,أن
2261,19,مريم,11,10,بكره,بكرة
2262,19,مريم,12,2,يحيي,يحيى
2262,19,مريم,12,5,بقوه,بقوة
2262,19,مريم,12,6,واتيناه,وآتيناه
2263,19,مريم,13,4,وزكاه,وزكاة
2266,19,مريم,16,5,اذ,إذ
2266,19,مريم,16,8,اهلها,أهلها
2267,19,مريم,17,5,فارسلنا,فأرسلنا
2267,19,مريم,17,6,اليها,إليها
2268,19,مريم,18,2,اني,إني
2268,19,مريم,18,3,اعوذ,أعوذ
2268,19,مريم,18,6,ان,إن
2269,19,مريم,19,2,انما,إنما
2269,19,مريم,19,3,انا,أنا
2269,19,مريم,19,6,لاهب,لأهب
2270,19,مريم,20,2,اني,أنى
2270,19,مريم,20,10,اك,أك
2271,19,مريم,21,9,ايه,آية
2271,19,مريم,21,11,ورحمه,ورحمة
2271,19,مريم,21,14,امرا,أمرا
2273,19,مريم,23,1,فاجاءها,فأجاءها
2273,19,مريم,23,3,الي,إلى
2273,19,مريم,23,5,النخله,النخلة
2274,19,مريم,24,4,الا,ألا
2275,19,مريم,25,2,اليك,إليك
2275,19,مريم,25,4,النخله,النخلة
2276,19,مريم,26,5,فاما,فإما
2276,19,مريم,26,9,احدا,أحدا
2276,19,مريم,26,11,اني,إني
2276,19,مريم,26,16,اكلم,أكلم
2276,19,مريم,26,18,انسيا,إنسيا
2277,19,مريم,27,1,فاتت,فأتت
2277,19,مريم,27,9,جيت,جئت
2277,19,مريم,27,10,شييا,شيئا
2278,19,مريم,28,2,اخت,أخت
2278,19,مريم,28,6,ابوك,أبوك
2278,19,مريم,28,7,امرا,امرأ
2278,19,مريم,28,11,امك,أمك
2279,19,مريم,29,1,فاشارت,فأشارت
2279,19,مريم,29,2,اليه,إليه
2280,19,مريم,30,2,اني,إني
2280,19,مريم,30,5,اتاني,آتاني
2281,19,مريم,31,3,اين,أين
2281,19,مريم,31,6,واوصاني,وأوصاني
2281,19,مريم,31,7,بالصلاه,بالصلاة
2281,19,مريم,31,8,والزكاه,والزكاة
2283,19,مريم,33,6,اموت,أموت
2283,19,مريم,33,8,ابعث,أبعث
2284,19,مريم,34,2,عيسي,عيسى
2285,19,مريم,35,4,ان,أن
2285,19,مريم,35,9,اذا,إذا
2285,19,مريم,35,10,قضي,قضى
2285,19,مريم,35,11,امرا,أمرا
2285,19,مريم,35,12,فانما,فإنما
2286,19,مريم,36,1,وان,وإن
2287,19,مريم,37,2,الاحزاب,الأحزاب
2288,19,مريم,38,1,اسمع,أسمع
2288,19,مريم,38,3,وابصر,وأبصر
2288,19,مريم,38,5,ياتوننا,يأتوننا
2289,19,مريم,39,1,وانذرهم,وأنذرهم
2289,19,مريم,39,3,الحسره,الحسرة
2289,19,مريم,39,4,اذ,إذ
2289,19,مريم,39,6,الامر,الأمر
2289,19,مريم,39,9,غفله,غفلة
2289,19,مريم,39,12,يومنون,يؤمنون
2290,19,مريم,40,1,انا,إنا
2290,19,مريم,40,4,الارض,الأرض
2290,19,مريم,40,7,والينا,وإلينا
2291,19,مريم,41,4,ابراهيم,إبراهيم
2291,19,مريم,41,5,انه,إنه
2292,19,مريم,42,1,اذ,إذ
2292,19,مريم,42,3,لابيه,لأبيه
2292,19,مريم,42,5,ابت,أبت
2292,19,مريم,42,16,شييا,شيئا
2293,19,مريم,43,2,ابت,أبت
2293,19,مريم,43,3,اني,إني
2293,19,مريم,43,10,ياتك,يأتك
2293,19,مريم,43,12,اهدك,أهدك
2294,19,مريم,44,2,ابت,أبت
2294,19,مريم,44,6,ان,إن
2295,19,مريم,45,2,ابت,أبت
2295,19,مريم,45,3,اني,إني
2295,19,مريم,45,4,اخاف,أخاف
2295,19,مريم,45,5,ان,أن
2296,19,مريم,46,2,اراغب,أراغب
2296,19,مريم,46,3,انت,أنت
2296,19,مريم,46,5,الهتي,آلهتي
2296,19,مريم,46,7,ابراهيم,إبراهيم
2296,19,مريم,46,8,لين,لئن
2296,19,مريم,46,11,لارجمنك,لأرجمنك
2297,19,مريم,47,4,ساستغفر,سأستغفر
2297,19,مريم,47,7,انه,إنه
2298,19,مريم,48,1,واعتزلكم,وأعتزلكم
2298,19,مريم,48,7,وادعو,وأدعو
2298,19,مريم,48,9,عسي,عسى
2298,19,مريم,48,10,الا,ألا
2298,19,مريم,48,11,اكون,أكون
2299,19,مريم,49,10,اسحاق,إسحاق
2301,19,مريم,51,4,موسي,موسى
2301,19,مريم,51,5,انه,إنه
2302,19,مريم,52,5,الايمن,الأيمن
2303,19,مريم,53,5,اخاه,أخاه
2304,19,مريم,54,4,اسماعيل,إسماعيل
2304,19,مريم,54,5,انه,إنه
2305,19,مريم,55,2,يامر,يأمر
2305,19,مريم,55,3,اهله,أهله
2305,19,مريم,55,4,بالصلاه,بالصلاة
2305,19,مريم,55,5,والزكاه,والزكاة
2306,19,مريم,56,4,ادريس,إدريس
2306,19,مريم,56,5,انه,إنه
2308,19,مريم,58,1,اوليك,أولئك
2308,19,مريم,58,3,انعم,أنعم
2308,19,مريم,58,9,ذريه,ذرية
2308,19,مريم,58,10,ادم,آدم
2308,19,مريم,58,16,ذريه,ذرية
2308,19,مريم,58,17,ابراهيم,إبراهيم
2308,19,مريم,58,18,واسراييل,وإسرائيل
2308,19,مريم,58,22,اذا,إذا
2308,19,مريم,58,23,تتلي,تتلى
2308,19,مريم,58,25,ايات,آيات
2309,19,مريم,59,5,اضاعوا,أضاعوا
2309,19,مريم,59,6,الصلاه,الصلاة
2310,19,مريم,60,1,الا,إلا
2310,19,مريم,60,4,وامن,وآمن
2310,19,مريم,60,7,فاوليك,فأولئك
2310,19,مريم,60,9,الجنه,الجنة
2310,19,مريم,60,12,شييا,شيئا
2311,19,مريم,61,8,انه,إنه
2311,19,مريم,61,11,ماتيا,مأتيا
2312,19,مريم,62,5,الا,إلا
2312,19,مريم,62,10,بكره,بكرة
2313,19,مريم,63,2,الجنه,الجنة
2314,19,مريم,64,3,الا,إلا
2314,19,مريم,64,4,بامر,بأمر
2314,19,مريم,64,9,ايدينا,أيدينا
2315,19,مريم,65,3,والارض,والأرض
2316,19,مريم,66,2,الانسان,الإنسان
2316,19,مريم,66,3,ااذا,أإذا
2316,19,مريم,66,7,اخرج,أخرج
2317,19,مريم,67,1,اولا,أولا
2317,19,مريم,67,3,الانسان,الإنسان
2317,19,مريم,67,4,انا,أنا
2317,19,مريم,67,10,شييا,شيئا
2319,19,مريم,69,5,شيعه,شيعة
2319,19,مريم,69,6,ايهم,أيهم
2319,19,مريم,69,7,اشد,أشد
2319,19,مريم,69,8,علي,على
2320,19,مريم,70,3,اعلم,أعلم
2320,19,مريم,70,6,اولي,أولى
2321,19,مريم,71,1,وان,وإن
2321,19,مريم,71,3,الا,إلا
2321,19,مريم,71,6,علي,على
2323,19,مريم,73,1,واذا,وإذا
2323,19,مريم,73,2,تتلي,تتلى
2323,19,مريم,73,4,اياتنا,آياتنا
2323,19,مريم,73,10,امنوا,آمنوا
2323,19,مريم,73,11,اي,أي
2323,19,مريم,73,15,واحسن,وأحسن
2324,19,مريم,74,2,اهلكنا,أهلكنا
2324,19,مريم,74,7,احسن,أحسن
2324,19,مريم,74,8,اثاثا,أثاثا
2324,19,مريم,74,9,ورييا,ورئيا
2325,19,مريم,75,5,الضلاله,الضلالة
2325,19,مريم,75,10,حتي,حتى
2325,19,مريم,75,11,اذا,إذا
2325,19,مريم,75,12,راوا,رأوا
2325,19,مريم,75,15,اما,إما
2325,19,مريم,75,17,واما,وإما
2325,19,مريم,75,18,الساعه,الساعة
2325,19,مريم,75,24,واضعف,وأضعف
2326,19,مريم,76,5,هدي,هدى
2327,19,مريم,77,1,افرايت,أفرأيت
2327,19,مريم,77,4,باياتنا,بآياتنا
2327,19,مريم,77,6,لاوتين,لأوتين
2328,19,مريم,78,1,اطلع,أطلع
2328,19,مريم,78,3,ام,أم
2330,19,مريم,80,4,وياتينا,ويأتينا
2331,19,مريم,81,5,الهه,آلهة
2333,19,مريم,83,1,الم,ألم
2333,19,مريم,83,3,انا,أنا
2333,19,مريم,83,4,ارسلنا,أرسلنا
2333,19,مريم,83,6,علي,على
2333,19,مريم,83,8,توزهم,تؤزهم
2333,19,مريم,83,9,ازا,أزا
2334,19,مريم,84,4,انما,إنما
2335,19,مريم,85,4,الي,إلى
2336,19,مريم,86,3,الي,إلى
2337,19,مريم,87,3,الشفاعه,الشفاعة
2337,19,مريم,87,4,الا,إلا
2339,19,مريم,89,2,جيتم,جئتم
2339,19,مريم,89,3,شييا,شيئا
2339,19,مريم,89,4,ادا,إدا
2340,19,مريم,90,6,الارض,الأرض
2341,19,مريم,91,1,ان,أن
2342,19,مريم,92,4,ان,أن
2343,19,مريم,93,1,ان,إن
2343,19,مريم,93,6,والارض,والأرض
2343,19,مريم,93,7,الا,إلا
2343,19,مريم,93,8,اتي,آتي
2344,19,مريم,94,2,احصاهم,أحصاهم
2345,19,مريم,95,2,اتيه,آتيه
2345,19,مريم,95,4,القيامه,القيامة
2346,19,مريم,96,1,ان,إن
2346,19,مريم,96,3,امنوا,آمنوا
2347,19,مريم,97,1,فانما,فإنما
2348,19,مريم,98,2,اهلكنا,أهلكنا
2348,19,مريم,98,10,احد,أحد
2348,19,مريم,98,11,او,أو
2350,20,طه,2,2,انزلنا,أنزلنا
2350,20,طه,2,4,القران,القرآن
2350,20,طه,2,5,لتشقي,لتشقى
2351,20,طه,3,1,الا,إلا
2351,20,طه,3,2,تذكره,تذكرة
2351,20,طه,3,4,يخشي,يخشى
2352,20,طه,4,4,الارض,الأرض
2352,20,طه,4,6,العلي,العلى
2353,20,طه,5,2,علي,على
2353,20,طه,5,4,استوي,استوى
2354,20,طه,6,7,الارض,الأرض
2354,20,طه,6,12,الثري,الثرى
2355,20,طه,7,1,وان,وإن
2355,20,طه,7,4,فانه,فإنه
2355,20,طه,7,7,واخفي,وأخفى
2356,20,طه,8,3,اله,إله
2356,20,طه,8,4,الا,إلا
2356,20,طه,8,7,الاسماء,الأسماء
2356,20,طه,8,8,الحسني,الحسنى
2357,20,طه,9,2,اتاك,أتاك
2357,20,طه,9,4,موسي,موسى
2358,20,طه,10,1,اذ,إذ
2358,20,طه,10,2,راي,رأى
2358,20,طه,10,5,لاهله,لأهله
2358,20,طه,10,7,اني,إني
2358,20,طه,10,8,انست,آنست
2358,20,طه,10,11,اتيكم,آتيكم
2358,20,طه,10,14,او,أو
2358,20,طه,10,15,اجد,أجد
2358,20,طه,10,16,علي,على
2358,20,طه,10,18,هدي,هدى
2359,20,طه,11,2,اتاها,أتاها
2359,20,طه,11,5,موسي,موسى
2360,20,طه,12,1,اني,إني
2360,20,طه,12,2,انا,أنا
2360,20,طه,12,6,انك,إنك
2360,20,طه,12,9,طوي,طوى
2361,20,طه,13,1,وانا,وأنا
2361,20,طه,13,5,يوحي,يوحى
2362,20,طه,14,1,انني,إنني
2362,20,طه,14,2,انا,أنا
2362,20,طه,14,5,اله,إله
2362,20,طه,14,6,الا,إلا
2362,20,طه,14,7,انا,أنا
2362,20,طه,14,9,واقم,وأقم
2362,20,طه,14,10,الصلاه,الصلاة
2363,20,طه,15,1,ان,إن
2363,20,طه,15,2,الساعه,الساعة
2363,20,طه,15,3,اتيه,آتية
2363,20,طه,15,4,اكاد,أكاد
2363,20,طه,15,5,اخفيها,أخفيها
2363,20,طه,15,6,لتجزي,لتجزى
2363,20,طه,15,10,تسعي,تسعى
2364,20,طه,16,6,يومن,يؤمن
2364,20,طه,16,10,فتردي,فتردى
2365,20,طه,17,5,موسي,موسى
2366,20,طه,18,4,اتوكا,أتوكأ
2366,20,طه,18,6,واهش,وأهش
2366,20,طه,18,8,علي,على
2366,20,طه,18,12,مارب,مآرب
2366,20,طه,18,13,اخري,أخرى
2367,20,طه,19,2,القها,ألقها
2367,20,طه,19,4,موسي,موسى
2368,20,طه,20,1,فالقاها,فألقاها
2368,20,طه,20,2,فاذا,فإذا
2368,20,طه,20,4,حيه,حية
2368,20,طه,20,5,تسعي,تسعى
2369,20,طه,21,7,الاولي,الأولى
2370,20,طه,22,3,الي,إلى
2370,20,طه,22,10,ايه,آية
2370,20,طه,22,11,اخري,أخرى
2371,20,طه,23,3,اياتنا,آياتنا
2371,20,طه,23,4,الكبري,الكبرى
2372,20,طه,24,2,الي,إلى
2372,20,طه,24,4,انه,إنه
2372,20,طه,24,5,طغي,طغى
2374,20,طه,26,3,امري,أمري
2375,20,طه,27,2,عقده,عقدة
2377,20,طه,29,5,اهلي,أهلي
2378,20,طه,30,2,اخي,أخي
2379,20,طه,31,3,ازري,أزري
2380,20,طه,32,1,واشركه,وأشركه
2380,20,طه,32,3,امري,أمري
2383,20,طه,35,1,انك,إنك
2384,20,طه,36,3,اوتيت,أوتيت
2384,20,طه,36,4,سولك,سؤلك
2384,20,طه,36,6,موسي,موسى
2385,20,طه,37,4,مره,مرة
2385,20,طه,37,5,اخري,أخرى
2386,20,طه,38,1,اذ,إذ
2386,20,طه,38,2,اوحينا,أوحينا
2386,20,طه,38,3,الي,إلى
2386,20,طه,38,4,امك,أمك
2386,20,طه,38,6,يوحي,يوحى
2387,20,طه,39,1,ان,أن
2387,20,طه,39,11,ياخذه,يأخذه
2387,20,طه,39,16,والقيت,وألقيت
2387,20,طه,39,18,محبه,محبة
2387,20,طه,39,21,علي,على
2388,20,طه,40,1,اذ,إذ
2388,20,طه,40,3,اختك,أختك
2388,20,طه,40,6,ادلكم,أدلكم
2388,20,طه,40,7,علي,على
2388,20,طه,40,11,الي,إلى
2388,20,طه,40,12,امك,أمك
2388,20,طه,40,28,اهل,أهل
2388,20,طه,40,31,جيت,جئت
2388,20,طه,40,32,علي,على
2388,20,طه,40,35,موسي,موسى
2390,20,طه,42,2,انت,أنت
2390,20,طه,42,3,واخوك,وأخوك
2390,20,طه,42,4,باياتي,بآياتي
2391,20,طه,43,2,الي,إلى
2391,20,طه,43,4,انه,إنه
2391,20,طه,43,5,طغي,طغى
2392,20,طه,44,7,او,أو
2392,20,طه,44,8,يخشي,يخشى
2393,20,طه,45,3,اننا,إننا
2393,20,طه,45,5,ان,أن
2393,20,طه,45,8,او,أو
2393,20,طه,45,9,ان,أن
2393,20,طه,45,10,يطغي,يطغى
2394,20,طه,46,4,انني,إنني
2394,20,طه,46,6,اسمع,أسمع
2394,20,طه,46,7,واري,وأرى
2395,20,طه,47,1,فاتياه,فأتياه
2395,20,طه,47,3,انا,إنا
2395,20,طه,47,6,فارسل,فأرسل
2395,20,طه,47,9,اسراييل,إسرائيل
2395,20,طه,47,13,جيناك,جئناك
2395,20,طه,47,14,بايه,بآية
2395,20,طه,47,18,علي,على
2395,20,طه,47,21,الهدي,الهدى
2396,20,طه,48,1,انا,إنا
2396,20,طه,48,3,اوحي,أوحي
2396,20,طه,48,4,الينا,إلينا
2396,20,طه,48,5,ان,أن
2396,20,طه,48,7,علي,على
2396,20,طه,48,10,وتولي,وتولى
2397,20,طه,49,5,موسي,موسى
2398,20,طه,50,4,اعطي,أعطى
2398,20,طه,50,9,هدي,هدى
2399,20,طه,51,5,الاولي,الأولى
2400,20,طه,52,11,ينسي,ينسى
2401,20,طه,53,4,الارض,الأرض
2401,20,طه,53,10,وانزل,وأنزل
2401,20,طه,53,14,فاخرجنا,فأخرجنا
2401,20,طه,53,16,ازواجا,أزواجا
2401,20,طه,53,19,شتي,شتى
2402,20,طه,54,3,انعامكم,أنعامكم
2402,20,طه,54,4,ان,إن
2402,20,طه,54,7,لايات,لآيات
2402,20,طه,54,8,لاولي,لأولي
2402,20,طه,54,9,النهي,النهى
2403,20,طه,55,7,تاره,تارة
2403,20,طه,55,8,اخري,أخرى
2404,20,طه,56,2,اريناه,أريناه
2404,20,طه,56,3,اياتنا,آياتنا
2404,20,طه,56,6,وابي,وأبى
2405,20,طه,57,2,اجيتنا,أجئتنا
2405,20,طه,57,5,ارضنا,أرضنا
2405,20,طه,57,8,موسي,موسى
2406,20,طه,58,1,فلناتينك,فلنأتينك
2406,20,طه,58,12,انت,أنت
2406,20,طه,58,14,سوي,سوى
2407,20,طه,59,4,الزينه,الزينة
2407,20,طه,59,5,وان,وأن
2407,20,طه,59,8,ضحي,ضحى
2408,20,طه,60,1,فتولي,فتولى
2408,20,طه,60,6,اتي,أتى
2409,20,طه,61,3,موسي,موسى
2409,20,طه,61,7,علي,على
2409,20,طه,61,15,افتري,افترى
2410,20,طه,62,2,امرهم,أمرهم
2410,20,طه,62,4,واسروا,وأسروا
2410,20,طه,62,5,النجوي,النجوى
2411,20,طه,63,2,ان,إن
2411,20,طه,63,6,ان,أن
2411,20,طه,63,9,ارضكم,أرضكم
2411,20,طه,63,13,المثلي,المثلى
2412,20,طه,64,1,فاجمعوا,فأجمعوا
2412,20,طه,64,4,ايتوا,ائتوا
2412,20,طه,64,7,افلح,أفلح
2412,20,طه,64,10,استعلي,استعلى
2413,20,طه,65,3,موسي,موسى
2413,20,طه,65,4,اما,إما
2413,20,طه,65,5,ان,أن
2413,20,طه,65,7,واما,وإما
2413,20,طه,65,8,ان,أن
2413,20,طه,65,10,اول,أول
2413,20,طه,65,12,القي,ألقى
2414,20,طه,66,3,القوا,ألقوا
2414,20,طه,66,4,فاذا,فإذا
2414,20,طه,66,8,اليه,إليه
2414,20,طه,66,11,انها,أنها
2414,20,طه,66,12,تسعي,تسعى
2415,20,طه,67,1,فاوجس,فأوجس
2415,20,طه,67,4,خيفه,خيفة
2415,20,طه,67,5,موسي,موسى
2416,20,طه,68,4,انك,إنك
2416,20,طه,68,5,انت,أنت
2416,20,طه,68,6,الاعلي,الأعلى
2417,20,طه,69,1,والق,وألق
2417,20,طه,69,8,انما,إنما
2417,20,طه,69,16,اتي,أتى
2418,20,طه,70,1,فالقي,فألقي
2418,20,طه,70,2,السحره,السحرة
2418,20,طه,70,5,امنا,آمنا
2418,20,طه,70,8,وموسي,وموسى
2419,20,طه,71,2,امنتم,آمنتم
2419,20,طه,71,5,ان,أن
2419,20,طه,71,6,اذن,آذن
2419,20,طه,71,8,انه,إنه
2419,20,طه,71,13,فلاقطعن,فلأقطعن
2419,20,طه,71,14,ايديكم,أيديكم
2419,20,طه,71,15,وارجلكم,وأرجلكم
2419,20,طه,71,18,ولاصلبنكم,ولأصلبنكم
2419,20,طه,71,23,اينا,أينا
2419,20,طه,71,24,اشد,أشد
2419,20,طه,71,26,وابقي,وأبقى
2420,20,طه,72,3,نوثرك,نؤثرك
2420,20,طه,72,4,علي,على
2420,20,طه,72,13,انت,أنت
2420,20,طه,72,15,انما,إنما
2420,20,طه,72,18,الحياه,الحياة
2421,20,طه,73,1,انا,إنا
2421,20,طه,73,2,امنا,آمنا
2421,20,طه,73,8,اكرهتنا,أكرهتنا
2421,20,طه,73,14,وابقي,وأبقى
2422,20,طه,74,1,انه,إنه
2422,20,طه,74,3,يات,يأت
2422,20,طه,74,6,فان,فإن
2422,20,طه,74,13,يحيي,يحيى
2423,20,طه,75,2,ياته,يأته
2423,20,طه,75,3,مومنا,مؤمنا
2423,20,طه,75,7,فاوليك,فأولئك
2423,20,طه,75,10,العلي,العلى
2424,20,طه,76,6,الانهار,الأنهار
2424,20,طه,76,12,تزكي,تزكى
2425,20,طه,77,2,اوحينا,أوحينا
2425,20,طه,77,3,الي,إلى
2425,20,طه,77,4,موسي,موسى
2425,20,طه,77,5,ان,أن
2425,20,طه,77,6,اسر,أسر
2425,20,طه,77,18,تخشي,تخشى
2426,20,طه,78,1,فاتبعهم,فأتبعهم
2427,20,طه,79,1,واضل,وأضل
2427,20,طه,79,5,هدي,هدى
2428,20,طه,80,3,اسراييل,إسرائيل
2428,20,طه,80,5,انجيناكم,أنجيناكم
2428,20,طه,80,11,الايمن,الأيمن
2428,20,طه,80,15,والسلوي,والسلوى
2429,20,طه,81,17,هوي,هوى
2430,20,طه,82,1,واني,وإني
2430,20,طه,82,5,وامن,وآمن
2430,20,طه,82,9,اهتدي,اهتدى
2431,20,طه,83,2,اعجلك,أعجلك
2431,20,طه,83,6,موسي,موسى
2432,20,طه,84,3,اولاء,أولاء
2432,20,طه,84,4,علي,على
2432,20,طه,84,5,اثري,أثري
2432,20,طه,84,7,اليك,إليك
2432,20,طه,84,9,لترضي,لترضى
2433,20,طه,85,2,فانا,فإنا
2433,20,طه,85,8,واضلهم,وأضلهم
2434,20,طه,86,2,موسي,موسى
2434,20,طه,86,3,الي,إلى
2434,20,طه,86,6,اسفا,أسفا
2434,20,طه,86,10,الم,ألم
2434,20,طه,86,15,افطال,أفطال
2434,20,طه,86,18,ام,أم
2434,20,طه,86,19,اردتم,أردتم
2434,20,طه,86,20,ان,أن
2434,20,طه,86,26,فاخلفتم,فأخلفتم
2435,20,طه,87,3,اخلفنا,أخلفنا
2435,20,طه,87,8,اوزارا,أوزارا
2435,20,طه,87,10,زينه,زينة
2435,20,طه,87,14,القي,ألقى
2436,20,طه,88,1,فاخرج,فأخرج
2436,20,طه,88,9,الهكم,إلهكم
2436,20,طه,88,10,واله,وإله
2436,20,طه,88,11,موسي,موسى
2437,20,طه,89,1,افلا,أفلا
2437,20,طه,89,3,الا,ألا
2437,20,طه,89,5,اليهم,إليهم
2438,20,طه,90,9,انما,إنما
2438,20,طه,90,12,وان,وإن
2438,20,طه,90,16,واطيعوا,وأطيعوا
2438,20,طه,90,17,امري,أمري
2439,20,طه,91,6,حتي,حتى
2439,20,طه,91,8,الينا,إلينا
2439,20,طه,91,9,موسي,موسى
2440,20,طه,92,6,اذ,إذ
2440,20,طه,92,7,رايتهم,رأيتهم
2441,20,طه,93,1,الا,ألا
2441,20,طه,93,3,افعصيت,أفعصيت
2441,20,طه,93,4,امري,أمري
2442,20,طه,94,4,ام,أم
2442,20,طه,94,6,تاخذ,تأخذ
2442,20,طه,94,9,براسي,برأسي
2442,20,طه,94,10,اني,إني
2442,20,طه,94,12,ان,أن
2442,20,طه,94,17,اسراييل,إسرائيل
2444,20,طه,96,8,قبضه,قبضة
2444,20,طه,96,10,اثر,أثر
2445,20,طه,97,3,فان,فإن
2445,20,طه,97,6,الحياه,الحياة
2445,20,طه,97,7,ان,أن
2445,20,طه,97,11,وان,وإن
2445,20,طه,97,17,الي,إلى
2445,20,طه,97,18,الهك,إلهك
2446,20,طه,98,1,انما,إنما
2446,20,طه,98,2,الهكم,إلهكم
2446,20,طه,98,6,اله,إله
2446,20,طه,98,7,الا,إلا
2447,20,طه,99,5,انباء,أنباء
2447,20,طه,99,10,اتيناك,آتيناك
2448,20,طه,100,2,اعرض,أعرض
2448,20,طه,100,4,فانه,فإنه
2448,20,طه,100,7,القيامه,القيامة
2449,20,طه,101,6,القيامه,القيامة
2450,20,طه,102,7,يوميذ,يومئذ
2451,20,طه,103,3,ان,إن
2451,20,طه,103,5,الا,إلا
2452,20,طه,104,2,اعلم,أعلم
2452,20,طه,104,5,اذ,إذ
2452,20,طه,104,7,امثلهم,أمثلهم
2452,20,طه,104,8,طريقه,طريقة
2452,20,طه,104,9,ان,إن
2452,20,طه,104,11,الا,إلا
2453,20,طه,105,1,ويسالونك,ويسألونك
2455,20,طه,107,2,تري,ترى
2455,20,طه,107,6,امتا,أمتا
2456,20,طه,108,1,يوميذ,يومئذ
2456,20,طه,108,8,الاصوات,الأصوات
2456,20,طه,108,12,الا,إلا
2457,20,طه,109,1,يوميذ,يومئذ
2457,20,طه,109,4,الشفاعه,الشفاعة
2457,20,طه,109,5,الا,إلا
2457,20,طه,109,7,اذن,أذن
2458,20,طه,110,4,ايديهم,أيديهم
2460,20,طه,112,6,مومن,مؤمن
2461,20,طه,113,2,انزلناه,أنزلناه
2461,20,طه,113,3,قرانا,قرآنا
2461,20,طه,113,11,او,أو
2462,20,طه,114,1,فتعالي,فتعالى
2462,20,طه,114,7,بالقران,بالقرآن
2462,20,طه,114,10,ان,أن
2462,20,طه,114,11,يقضي,يقضى
2462,20,طه,114,12,اليك,إليك
2463,20,طه,115,3,الي,إلى
2463,20,طه,115,4,ادم,آدم
2464,20,طه,116,1,واذ,وإذ
2464,20,طه,116,3,للملايكه,للملائكة
2464,20,طه,116,5,لادم,لآدم
2464,20,طه,116,7,الا,إلا
2464,20,طه,116,8,ابليس,إبليس
2464,20,طه,116,9,ابي,أبى
2465,20,طه,117,3,ادم,آدم
2465,20,طه,117,4,ان,إن
2465,20,طه,117,12,الجنه,الجنة
2465,20,طه,117,13,فتشقي,فتشقى
2466,20,طه,118,1,ان,إن
2466,20,طه,118,3,الا,ألا
2466,20,طه,118,7,تعري,تعرى
2467,20,طه,119,1,وانك,وأنك
2467,20,طه,119,3,تظما,تظمأ
2467,20,طه,119,6,تضحي,تضحى
2468,20,طه,120,2,اليه,إليه
2468,20,طه,120,6,ادم,آدم
2468,20,طه,120,8,ادلك,أدلك
2468,20,طه,120,9,علي,على
2468,20,طه,120,10,شجره,شجرة
2468,20,طه,120,14,يبلي,يبلى
2469,20,طه,121,1,فاكلا,فأكلا
2469,20,طه,121,5,سواتهما,سوآتهما
2469,20,طه,121,11,الجنه,الجنة
2469,20,طه,121,12,وعصي,وعصى
2469,20,طه,121,13,ادم,آدم
2469,20,طه,121,15,فغوي,فغوى
2470,20,طه,122,6,وهدي,وهدى
2471,20,طه,123,8,فاما,فإما
2471,20,طه,123,9,ياتينكم,يأتينكم
2471,20,طه,123,11,هدي,هدى
2471,20,طه,123,18,يشقي,يشقى
2472,20,طه,124,2,اعرض,أعرض
2472,20,طه,124,5,فان,فإن
2472,20,طه,124,7,معيشه,معيشة
2472,20,طه,124,11,القيامه,القيامة
2472,20,طه,124,12,اعمي,أعمى
2473,20,طه,125,5,اعمي,أعمى
2474,20,طه,126,3,اتتك,أتتك
2474,20,طه,126,4,اياتنا,آياتنا
2474,20,طه,126,8,تنسي,تنسى
2475,20,طه,127,4,اسرف,أسرف
2475,20,طه,127,6,يومن,يؤمن
2475,20,طه,127,7,بايات,بآيات
2475,20,طه,127,10,الاخره,الآخرة
2475,20,طه,127,11,اشد,أشد
2475,20,طه,127,12,وابقي,وأبقى
2476,20,طه,128,1,افلم,أفلم
2476,20,طه,128,5,اهلكنا,أهلكنا
2476,20,طه,128,12,ان,إن
2476,20,طه,128,15,لايات,لآيات
2476,20,طه,128,16,لاولي,لأولي
2476,20,طه,128,17,النهي,النهى
2477,20,طه,129,2,كلمه,كلمة
2477,20,طه,129,8,واجل,وأجل
2477,20,طه,129,9,مسمي,مسمى
2478,20,طه,130,2,علي,على
2478,20,طه,130,14,اناء,آناء
2478,20,طه,130,17,واطراف,وأطراف
2478,20,طه,130,20,ترضي,ترضى
2479,20,طه,131,4,الي,إلى
2479,20,طه,131,8,ازواجا,أزواجا
2479,20,طه,131,10,زهره,زهرة
2479,20,طه,131,11,الحياه,الحياة
2479,20,طه,131,18,وابقي,وأبقى
2480,20,طه,132,1,وامر,وأمر
2480,20,طه,132,2,اهلك,أهلك
2480,20,طه,132,3,بالصلاه,بالصلاة
2480,20,طه,132,7,نسالك,نسألك
2480,20,طه,132,11,والعاقبه,والعاقبة
2480,20,طه,132,12,للتقوي,للتقوى
2481,20,طه,133,3,ياتينا,يأتينا
2481,20,طه,133,4,بايه,بآية
2481,20,طه,133,7,اولم,أولم
2481,20,طه,133,8,تاتهم,تأتهم
2481,20,طه,133,9,بينه,بينة
2481,20,طه,133,13,الاولي,الأولى
2482,20,طه,134,2,انا,أنا
2482,20,طه,134,3,اهلكناهم,أهلكناهم
2482,20,طه,134,10,ارسلت,أرسلت
2482,20,طه,134,11,الينا,إلينا
2482,20,طه,134,14,اياتك,آياتك
2482,20,طه,134,17,ان,أن
2482,20,طه,134,19,ونخزي,ونخزى
2483,20,طه,135,7,اصحاب,أصحاب
2483,20,طه,135,11,اهتدي,اهتدى
2484,21,الأنبياء,1,10,غفله,غفلة
2485,21,الأنبياء,2,2,ياتيهم,يأتيهم
2485,21,الأنبياء,2,8,الا,إلا
2486,21,الأنبياء,3,1,لاهيه,لاهية
2486,21,الأنبياء,3,3,واسروا,وأسروا
2486,21,الأنبياء,3,4,النجوي,النجوى
2486,21,الأنبياء,3,9,الا,إلا
2486,21,الأنبياء,3,12,افتاتون,أفتأتون
2486,21,الأنبياء,3,14,وانتم,وأنتم
2487,21,الأنبياء,4,7,والارض,والأرض
2488,21,الأنبياء,5,3,اضغاث,أضغاث
2488,21,الأنبياء,5,4,احلام,أحلام
2488,21,الأنبياء,5,10,فلياتنا,فليأتنا
2488,21,الأنبياء,5,11,بايه,بآية
2488,21,الأنبياء,5,13,ارسل,أرسل
2488,21,الأنبياء,5,14,الاولون,الأولون
2489,21,الأنبياء,6,2,امنت,آمنت
2489,21,الأنبياء,6,5,قريه,قرية
2489,21,الأنبياء,6,6,اهلكناها,أهلكناها
2489,21,الأنبياء,6,7,افهم,أفهم
2489,21,الأنبياء,6,8,يومنون,يؤمنون
2490,21,الأنبياء,7,2,ارسلنا,أرسلنا
2490,21,الأنبياء,7,4,الا,إلا
2490,21,الأنبياء,7,7,اليهم,إليهم
2490,21,الأنبياء,7,8,فاسالوا,فاسألوا
2490,21,الأنبياء,7,9,اهل,أهل
2490,21,الأنبياء,7,11,ان,إن
2491,21,الأنبياء,8,5,ياكلون,يأكلون
2492,21,الأنبياء,9,4,فانجيناهم,فأنجيناهم
2492,21,الأنبياء,9,7,واهلكنا,وأهلكنا
2493,21,الأنبياء,10,2,انزلنا,أنزلنا
2493,21,الأنبياء,10,3,اليكم,إليكم
2493,21,الأنبياء,10,7,افلا,أفلا
2494,21,الأنبياء,11,4,قريه,قرية
2494,21,الأنبياء,11,6,ظالمه,ظالمة
2494,21,الأنبياء,11,7,وانشانا,وأنشأنا
2494,21,الأنبياء,11,10,اخرين,آخرين
2495,21,الأنبياء,12,2,احسوا,أحسوا
2495,21,الأنبياء,12,3,باسنا,بأسنا
2495,21,الأنبياء,12,4,اذا,إذا
2496,21,الأنبياء,13,4,الي,إلى
2496,21,الأنبياء,13,6,اترفتم,أترفتم
2496,21,الأنبياء,13,10,تسالون,تسألون
2497,21,الأنبياء,14,4,انا,إنا
2498,21,الأنبياء,15,5,حتي,حتى
2499,21,الأنبياء,16,4,والارض,والأرض
2500,21,الأنبياء,17,2,اردنا,أردنا
2500,21,الأنبياء,17,3,ان,أن
2500,21,الأنبياء,17,9,ان,إن
2501,21,الأنبياء,18,4,علي,على
2501,21,الأنبياء,18,7,فاذا,فإذا
2502,21,الأنبياء,19,5,والارض,والأرض
2504,21,الأنبياء,21,1,ام,أم
2504,21,الأنبياء,21,3,الهه,آلهة
2504,21,الأنبياء,21,5,الارض,الأرض
2505,21,الأنبياء,22,4,الهه,آلهة
2505,21,الأنبياء,22,5,الا,إلا
2506,21,الأنبياء,23,2,يسال,يسأل
2506,21,الأنبياء,23,6,يسالون,يسألون
2507,21,الأنبياء,24,1,ام,أم
2507,21,الأنبياء,24,5,الهه,آلهة
2507,21,الأنبياء,24,17,اكثرهم,أكثرهم
2508,21,الأنبياء,25,2,ارسلنا,أرسلنا
2508,21,الأنبياء,25,7,الا,إلا
2508,21,الأنبياء,25,9,اليه,إليه
2508,21,الأنبياء,25,10,انه,أنه
2508,21,الأنبياء,25,12,اله,إله
2508,21,الأنبياء,25,13,الا,إلا
2508,21,الأنبياء,25,14,انا,أنا
2510,21,الأنبياء,27,5,بامره,بأمره
2511,21,الأنبياء,28,4,ايديهم,أيديهم
2511,21,الأنبياء,28,9,الا,إلا
2511,21,الأنبياء,28,11,ارتضي,ارتضى
2512,21,الأنبياء,29,4,اني,إني
2512,21,الأنبياء,29,5,اله,إله
2513,21,الأنبياء,30,1,اولم,أولم
2513,21,الأنبياء,30,5,ان,أن
2513,21,الأنبياء,30,7,والارض,والأرض
2513,21,الأنبياء,30,17,افلا,أفلا
2513,21,الأنبياء,30,18,يومنون,يؤمنون
2514,21,الأنبياء,31,3,الارض,الأرض
2514,21,الأنبياء,31,5,ان,أن
2515,21,الأنبياء,32,7,اياتها,آياتها
2517,21,الأنبياء,34,7,افان,أفإن
2518,21,الأنبياء,35,3,ذايقه,ذائقة
2518,21,الأنبياء,35,8,فتنه,فتنة
2518,21,الأنبياء,35,9,والينا,وإلينا
2519,21,الأنبياء,36,1,واذا,وإذا
2519,21,الأنبياء,36,2,راك,رآك
2519,21,الأنبياء,36,5,ان,إن
2519,21,الأنبياء,36,7,الا,إلا
2519,21,الأنبياء,36,9,اهذا,أهذا
2519,21,الأنبياء,36,12,الهتكم,آلهتكم
2520,21,الأنبياء,37,2,الانسان,الإنسان
2520,21,الأنبياء,37,5,ساريكم,سأريكم
2520,21,الأنبياء,37,6,اياتي,آياتي
2521,21,الأنبياء,38,2,متي,متى
2521,21,الأنبياء,38,5,ان,إن
2523,21,الأنبياء,40,2,تاتيهم,تأتيهم
2523,21,الأنبياء,40,3,بغته,بغتة
2524,21,الأنبياء,41,2,استهزي,استهزئ
2524,21,الأنبياء,41,13,يستهزيون,يستهزئون
2525,21,الأنبياء,42,3,يكلوكم,يكلؤكم
2526,21,الأنبياء,43,1,ام,أم
2526,21,الأنبياء,43,3,الهه,آلهة
2526,21,الأنبياء,43,10,انفسهم,أنفسهم
2527,21,الأنبياء,44,3,هولاء,هؤلاء
2527,21,الأنبياء,44,4,واباءهم,وآباءهم
2527,21,الأنبياء,44,5,حتي,حتى
2527,21,الأنبياء,44,9,افلا,أفلا
2527,21,الأنبياء,44,11,انا,أنا
2527,21,الأنبياء,44,12,ناتي,نأتي
2527,21,الأنبياء,44,13,الارض,الأرض
2527,21,الأنبياء,44,16,اطرافها,أطرافها
2527,21,الأنبياء,44,17,افهم,أفهم
2528,21,الأنبياء,45,2,انما,إنما
2528,21,الأنبياء,45,3,انذركم,أنذركم
2528,21,الأنبياء,45,9,اذا,إذا
2529,21,الأنبياء,46,1,ولين,ولئن
2529,21,الأنبياء,46,3,نفحه,نفحة
2529,21,الأنبياء,46,10,انا,إنا
2530,21,الأنبياء,47,5,القيامه,القيامة
2530,21,الأنبياء,47,9,شييا,شيئا
2530,21,الأنبياء,47,10,وان,وإن
2530,21,الأنبياء,47,13,حبه,حبة
2530,21,الأنبياء,47,16,اتينا,أتينا
2530,21,الأنبياء,47,18,وكفي,وكفى
2531,21,الأنبياء,48,2,اتينا,آتينا
2531,21,الأنبياء,48,3,موسي,موسى
2532,21,الأنبياء,49,7,الساعه,الساعة
2533,21,الأنبياء,50,4,انزلناه,أنزلناه
2533,21,الأنبياء,50,5,افانتم,أفأنتم
2534,21,الأنبياء,51,2,اتينا,آتينا
2534,21,الأنبياء,51,3,ابراهيم,إبراهيم
2535,21,الأنبياء,52,1,اذ,إذ
2535,21,الأنبياء,52,3,لابيه,لأبيه
2535,21,الأنبياء,52,9,انتم,أنتم
2536,21,الأنبياء,53,3,اباءنا,آباءنا
2537,21,الأنبياء,54,4,انتم,أنتم
2537,21,الأنبياء,54,5,واباوكم,وآباؤكم
2538,21,الأنبياء,55,2,اجيتنا,أجئتنا
2538,21,الأنبياء,55,4,ام,أم
2538,21,الأنبياء,55,5,انت,أنت
2539,21,الأنبياء,56,6,والارض,والأرض
2539,21,الأنبياء,56,9,وانا,وأنا
2539,21,الأنبياء,56,10,علي,على
2540,21,الأنبياء,57,2,لاكيدن,لأكيدن
2540,21,الأنبياء,57,3,اصنامكم,أصنامكم
2540,21,الأنبياء,57,5,ان,أن
2541,21,الأنبياء,58,3,الا,إلا
2541,21,الأنبياء,58,7,اليه,إليه
2542,21,الأنبياء,59,5,بالهتنا,بآلهتنا
2542,21,الأنبياء,59,6,انه,إنه
2543,21,الأنبياء,60,3,فتي,فتى
2543,21,الأنبياء,60,7,ابراهيم,إبراهيم
2544,21,الأنبياء,61,2,فاتوا,فأتوا
2544,21,الأنبياء,61,4,علي,على
2544,21,الأنبياء,61,5,اعين,أعين
2545,21,الأنبياء,62,2,اانت,أأنت
2545,21,الأنبياء,62,5,بالهتنا,بآلهتنا
2545,21,الأنبياء,62,7,ابراهيم,إبراهيم
2546,21,الأنبياء,63,6,فاسالوهم,فاسألوهم
2546,21,الأنبياء,63,7,ان,إن
2547,21,الأنبياء,64,2,الي,إلى
2547,21,الأنبياء,64,3,انفسهم,أنفسهم
2547,21,الأنبياء,64,5,انكم,إنكم
2547,21,الأنبياء,64,6,انتم,أنتم
2548,21,الأنبياء,65,3,علي,على
2548,21,الأنبياء,65,8,هولاء,هؤلاء
2549,21,الأنبياء,66,2,افتعبدون,أفتعبدون
2549,21,الأنبياء,66,9,شييا,شيئا
2550,21,الأنبياء,67,1,اف,أف
2550,21,الأنبياء,67,8,افلا,أفلا
2551,21,الأنبياء,68,4,الهتكم,آلهتكم
2551,21,الأنبياء,68,5,ان,إن
2552,21,الأنبياء,69,7,علي,على
2552,21,الأنبياء,69,8,ابراهيم,إبراهيم
2553,21,الأنبياء,70,1,وارادوا,وأرادوا
2553,21,الأنبياء,70,5,الاخسرين,الأخسرين
2554,21,الأنبياء,71,3,الي,إلى
2554,21,الأنبياء,71,4,الارض,الأرض
2555,21,الأنبياء,72,3,اسحاق,إسحاق
2555,21,الأنبياء,72,5,نافله,نافلة
2556,21,الأنبياء,73,2,ايمه,أئمة
2556,21,الأنبياء,73,4,بامرنا,بأمرنا
2556,21,الأنبياء,73,5,واوحينا,وأوحينا
2556,21,الأنبياء,73,6,اليهم,إليهم
2556,21,الأنبياء,73,9,واقام,وإقام
2556,21,الأنبياء,73,10,الصلاه,الصلاة
2556,21,الأنبياء,73,11,وايتاء,وإيتاء
2556,21,الأنبياء,73,12,الزكاه,الزكاة
2557,21,الأنبياء,74,2,اتيناه,آتيناه
2557,21,الأنبياء,74,7,القريه,القرية
2557,21,الأنبياء,74,11,الخبايث,الخبائث
2557,21,الأنبياء,74,12,انهم,إنهم
2558,21,الأنبياء,75,1,وادخلناه,وأدخلناه
2558,21,الأنبياء,75,4,انه,إنه
2559,21,الأنبياء,76,2,اذ,إذ
2559,21,الأنبياء,76,3,نادي,نادى
2559,21,الأنبياء,76,9,واهله,وأهله
2560,21,الأنبياء,77,6,باياتنا,بآياتنا
2560,21,الأنبياء,77,7,انهم,إنهم
2560,21,الأنبياء,77,11,فاغرقناهم,فأغرقناهم
2560,21,الأنبياء,77,12,اجمعين,أجمعين
2561,21,الأنبياء,78,3,اذ,إذ
2561,21,الأنبياء,78,7,اذ,إذ
2562,21,الأنبياء,79,4,اتينا,آتينا
2563,21,الأنبياء,80,2,صنعه,صنعة
2563,21,الأنبياء,80,7,باسكم,بأسكم
2563,21,الأنبياء,80,9,انتم,أنتم
2564,21,الأنبياء,81,3,عاصفه,عاصفة
2564,21,الأنبياء,81,5,بامره,بأمره
2564,21,الأنبياء,81,6,الي,إلى
2564,21,الأنبياء,81,7,الارض,الأرض
2566,21,الأنبياء,83,1,وايوب,وأيوب
2566,21,الأنبياء,83,2,اذ,إذ
2566,21,الأنبياء,83,3,نادي,نادى
2566,21,الأنبياء,83,5,اني,أني
2566,21,الأنبياء,83,8,وانت,وأنت
2566,21,الأنبياء,83,9,ارحم,أرحم
2567,21,الأنبياء,84,8,واتيناه,وآتيناه
2567,21,الأنبياء,84,9,اهله,أهله
2567,21,الأنبياء,84,12,رحمه,رحمة
2567,21,الأنبياء,84,15,وذكري,وذكرى
2568,21,الأنبياء,85,1,واسماعيل,وإسماعيل
2568,21,الأنبياء,85,2,وادريس,وإدريس
2569,21,الأنبياء,86,1,وادخلناهم,وأدخلناهم
2569,21,الأنبياء,86,4,انهم,إنهم
2570,21,الأنبياء,87,3,اذ,إذ
2570,21,الأنبياء,87,7,ان,أن
2570,21,الأنبياء,87,11,فنادي,فنادى
2570,21,الأنبياء,87,14,ان,أن
2570,21,الأنبياء,87,16,اله,إله
2570,21,الأنبياء,87,17,الا,إلا
2570,21,الأنبياء,87,18,انت,أنت
2570,21,الأنبياء,87,20,اني,إني
2571,21,الأنبياء,88,8,المومنين,المؤمنين
2572,21,الأنبياء,89,2,اذ,إذ
2572,21,الأنبياء,89,3,نادي,نادى
2572,21,الأنبياء,89,9,وانت,وأنت
2573,21,الأنبياء,90,5,يحيي,يحيى
2573,21,الأنبياء,90,6,واصلحنا,وأصلحنا
2573,21,الأنبياء,90,9,انهم,إنهم
2574,21,الأنبياء,91,2,احصنت,أحصنت
2574,21,الأنبياء,91,10,ايه,آية
2575,21,الأنبياء,92,1,ان,إن
2575,21,الأنبياء,92,3,امتكم,أمتكم
2575,21,الأنبياء,92,4,امه,أمة
2575,21,الأنبياء,92,5,واحده,واحدة
2575,21,الأنبياء,92,6,وانا,وأنا
2576,21,الأنبياء,93,2,امرهم,أمرهم
2576,21,الأنبياء,93,5,الينا,إلينا
2577,21,الأنبياء,94,6,مومن,مؤمن
2577,21,الأنبياء,94,10,وانا,وإنا
2578,21,الأنبياء,95,2,علي,على
2578,21,الأنبياء,95,3,قريه,قرية
2578,21,الأنبياء,95,4,اهلكناها,أهلكناها
2578,21,الأنبياء,95,5,انهم,أنهم
2579,21,الأنبياء,96,1,حتي,حتى
2579,21,الأنبياء,96,2,اذا,إذا
2579,21,الأنبياء,96,4,ياجوج,يأجوج
2579,21,الأنبياء,96,5,وماجوج,ومأجوج
2580,21,الأنبياء,97,4,فاذا,فإذا
2580,21,الأنبياء,97,6,شاخصه,شاخصة
2580,21,الأنبياء,97,7,ابصار,أبصار
2580,21,الأنبياء,97,15,غفله,غفلة
2581,21,الأنبياء,98,1,انكم,إنكم
2581,21,الأنبياء,98,9,انتم,أنتم
2582,21,الأنبياء,99,3,هولاء,هؤلاء
2582,21,الأنبياء,99,4,الهه,آلهة
2584,21,الأنبياء,101,1,ان,إن
2584,21,الأنبياء,101,6,الحسني,الحسنى
2584,21,الأنبياء,101,7,اوليك,أولئك
2585,21,الأنبياء,102,8,انفسهم,أنفسهم
2586,21,الأنبياء,103,4,الاكبر,الأكبر
2586,21,الأنبياء,103,6,الملايكه,الملائكة
2587,21,الأنبياء,104,8,بدانا,بدأنا
2587,21,الأنبياء,104,9,اول,أول
2587,21,الأنبياء,104,14,انا,إنا
2588,21,الأنبياء,105,8,ان,أن
2588,21,الأنبياء,105,9,الارض,الأرض
2589,21,الأنبياء,106,1,ان,إن
2590,21,الأنبياء,107,2,ارسلناك,أرسلناك
2590,21,الأنبياء,107,3,الا,إلا
2590,21,الأنبياء,107,4,رحمه,رحمة
2591,21,الأنبياء,108,2,انما,إنما
2591,21,الأنبياء,108,3,يوحي,يوحى
2591,21,الأنبياء,108,4,الي,إلي
2591,21,الأنبياء,108,5,انما,أنما
2591,21,الأنبياء,108,6,الهكم,إلهكم
2591,21,الأنبياء,108,7,اله,إله
2591,21,الأنبياء,108,10,انتم,أنتم
2592,21,الأنبياء,109,1,فان,فإن
2592,21,الأنبياء,109,4,اذنتكم,آذنتكم
2592,21,الأنبياء,109,5,علي,على
2592,21,الأنبياء,109,7,وان,وإن
2592,21,الأنبياء,109,8,ادري,أدري
2592,21,الأنبياء,109,9,اقريب,أقريب
2592,21,الأنبياء,109,10,ام,أم
2593,21,الأنبياء,110,1,انه,إنه
2594,21,الأنبياء,111,1,وان,وإن
2594,21,الأنبياء,111,2,ادري,أدري
2594,21,الأنبياء,111,4,فتنه,فتنة
2594,21,الأنبياء,111,7,الي,إلى
2595,21,الأنبياء,112,8,علي,على
2596,22,الحج,1,6,ايها,أيها
2596,22,الحج,1,10,ان,إن
2596,22,الحج,1,11,زلزله,زلزلة
2596,22,الحج,1,12,الساعه,الساعة
2597,22,الحج,2,5,مرضعه,مرضعة
2597,22,الحج,2,7,ارضعت,أرضعت
2597,22,الحج,2,13,وتري,وترى
2597,22,الحج,2,15,سكاري,سكارى
2597,22,الحج,2,18,بسكاري,بسكارى
2599,22,الحج,4,3,انه,أنه
2599,22,الحج,4,6,فانه,فأنه
2599,22,الحج,4,9,الي,إلى
2600,22,الحج,5,2,ايها,أيها
2600,22,الحج,5,4,ان,إن
2600,22,الحج,5,10,فانا,فإنا
2600,22,الحج,5,16,نطفه,نطفة
2600,22,الحج,5,19,علقه,علقة
2600,22,الحج,5,22,مضغه,مضغة
2600,22,الحج,5,23,مخلقه,مخلقة
2600,22,الحج,5,25,مخلقه,مخلقة
2600,22,الحج,5,30,الارحام,الأرحام
2600,22,الحج,5,33,الي,إلى
2600,22,الحج,5,34,اجل,أجل
2600,22,الحج,5,35,مسمي,مسمى
2600,22,الحج,5,41,اشدكم,أشدكم
2600,22,الحج,5,44,يتوفي,يتوفى
2600,22,الحج,5,48,الي,إلى
2600,22,الحج,5,49,ارذل,أرذل
2600,22,الحج,5,56,شييا,شيئا
2600,22,الحج,5,57,وتري,وترى
2600,22,الحج,5,58,الارض,الأرض
2600,22,الحج,5,59,هامده,هامدة
2600,22,الحج,5,60,فاذا,فإذا
2600,22,الحج,5,61,انزلنا,أنزلنا
2600,22,الحج,5,66,وانبتت,وأنبتت
2601,22,الحج,6,2,بان,بأن
2601,22,الحج,6,6,وانه,وأنه
2601,22,الحج,6,8,الموتي,الموتى
2601,22,الحج,6,9,وانه,وأنه
2601,22,الحج,6,10,علي,على
2602,22,الحج,7,1,وان,وأن
2602,22,الحج,7,2,الساعه,الساعة
2602,22,الحج,7,3,اتيه,آتية
2602,22,الحج,7,7,وان,وأن
2603,22,الحج,8,10,هدي,هدى
2604,22,الحج,9,13,القيامه,القيامة
2605,22,الحج,10,5,وان,وأن
2606,22,الحج,11,6,علي,على
2606,22,الحج,11,8,فان,فإن
2606,22,الحج,11,9,اصابه,أصابه
2606,22,الحج,11,11,اطمان,اطمأن
2606,22,الحج,11,13,وان,وإن
2606,22,الحج,11,14,اصابته,أصابته
2606,22,الحج,11,15,فتنه,فتنة
2606,22,الحج,11,17,علي,على
2606,22,الحج,11,21,والاخره,والآخرة
2608,22,الحج,13,4,اقرب,أقرب
2608,22,الحج,13,7,لبيس,لبئس
2608,22,الحج,13,8,المولي,المولى
2608,22,الحج,13,9,ولبيس,ولبئس
2609,22,الحج,14,1,ان,إن
2609,22,الحج,14,5,امنوا,آمنوا
2609,22,الحج,14,12,الانهار,الأنهار
2609,22,الحج,14,13,ان,إن
2610,22,الحج,15,4,ان,أن
2610,22,الحج,15,10,والاخره,والآخرة
2610,22,الحج,15,13,الي,إلى
2611,22,الحج,16,2,انزلناه,أنزلناه
2611,22,الحج,16,3,ايات,آيات
2611,22,الحج,16,5,وان,وأن
2612,22,الحج,17,1,ان,إن
2612,22,الحج,17,3,امنوا,آمنوا
2612,22,الحج,17,6,والصابيين,والصابئين
2612,22,الحج,17,7,والنصاري,والنصارى
2612,22,الحج,17,10,اشركوا,أشركوا
2612,22,الحج,17,11,ان,إن
2612,22,الحج,17,16,القيامه,القيامة
2612,22,الحج,17,17,ان,إن
2612,22,الحج,17,19,علي,على
2613,22,الحج,18,1,الم,ألم
2613,22,الحج,18,3,ان,أن
2613,22,الحج,18,12,الارض,الأرض
2613,22,الحج,18,33,ان,إن
2617,22,الحج,22,2,ارادوا,أرادوا
2617,22,الحج,22,3,ان,أن
2617,22,الحج,22,8,اعيدوا,أعيدوا
2618,22,الحج,23,1,ان,إن
2618,22,الحج,23,5,امنوا,آمنوا
2618,22,الحج,23,12,الانهار,الأنهار
2618,22,الحج,23,16,اساور,أساور
2618,22,الحج,23,19,ولولوا,ولؤلؤا
2619,22,الحج,24,2,الي,إلى
2619,22,الحج,24,7,الي,إلى
2620,22,الحج,25,1,ان,إن
2620,22,الحج,25,20,بالحاد,بإلحاد
2620,22,الحج,25,25,اليم,أليم
2621,22,الحج,26,1,واذ,وإذ
2621,22,الحج,26,2,بوانا,بوأنا
2621,22,الحج,26,3,لابراهيم,لإبراهيم
2621,22,الحج,26,6,ان,أن
2621,22,الحج,26,10,شييا,شيئا
2621,22,الحج,26,13,للطايفين,للطائفين
2621,22,الحج,26,14,والقايمين,والقائمين
2622,22,الحج,27,1,واذن,وأذن
2622,22,الحج,27,5,ياتوك,يأتوك
2622,22,الحج,27,7,وعلي,وعلى
2622,22,الحج,27,10,ياتين,يأتين
2623,22,الحج,28,8,ايام,أيام
2623,22,الحج,28,10,علي,على
2623,22,الحج,28,14,بهيمه,بهيمة
2623,22,الحج,28,15,الانعام,الأنعام
2623,22,الحج,28,18,واطعموا,وأطعموا
2623,22,الحج,28,19,البايس,البائس
2625,22,الحج,30,11,واحلت,وأحلت
2625,22,الحج,30,13,الانعام,الأنعام
2625,22,الحج,30,14,الا,إلا
2625,22,الحج,30,16,يتلي,يتلى
2625,22,الحج,30,21,الاوثان,الأوثان
2626,22,الحج,31,9,فكانما,فكأنما
2626,22,الحج,31,15,او,أو
2627,22,الحج,32,4,شعاير,شعائر
2627,22,الحج,32,6,فانها,فإنها
2627,22,الحج,32,8,تقوي,تقوى
2628,22,الحج,33,4,الي,إلى
2628,22,الحج,33,5,اجل,أجل
2628,22,الحج,33,6,مسمي,مسمى
2628,22,الحج,33,9,الي,إلى
2629,22,الحج,34,2,امه,أمة
2629,22,الحج,34,8,علي,على
2629,22,الحج,34,12,بهيمه,بهيمة
2629,22,الحج,34,13,الانعام,الأنعام
2629,22,الحج,34,14,فالهكم,فإلهكم
2629,22,الحج,34,15,اله,إله
2629,22,الحج,34,18,اسلموا,أسلموا
2630,22,الحج,35,2,اذا,إذا
2630,22,الحج,35,8,علي,على
2630,22,الحج,35,10,اصابهم,أصابهم
2630,22,الحج,35,12,الصلاه,الصلاة
2631,22,الحج,36,5,شعاير,شعائر
2631,22,الحج,36,15,فاذا,فإذا
2631,22,الحج,36,20,واطعموا,وأطعموا
2632,22,الحج,37,6,دماوها,دماؤها
2632,22,الحج,37,9,التقوي,التقوى
2632,22,الحج,37,16,علي,على
2633,22,الحج,38,1,ان,إن
2633,22,الحج,38,6,امنوا,آمنوا
2633,22,الحج,38,7,ان,إن
2634,22,الحج,39,1,اذن,أذن
2634,22,الحج,39,4,بانهم,بأنهم
2634,22,الحج,39,6,وان,وإن
2634,22,الحج,39,8,علي,على
2635,22,الحج,40,2,اخرجوا,أخرجوا
2635,22,الحج,40,7,الا,إلا
2635,22,الحج,40,8,ان,أن
2635,22,الحج,40,32,ان,إن
2636,22,الحج,41,2,ان,إن
2636,22,الحج,41,5,الارض,الأرض
2636,22,الحج,41,6,اقاموا,أقاموا
2636,22,الحج,41,7,الصلاه,الصلاة
2636,22,الحج,41,8,واتوا,وآتوا
2636,22,الحج,41,9,الزكاه,الزكاة
2636,22,الحج,41,10,وامروا,وأمروا
2636,22,الحج,41,16,عاقبه,عاقبة
2636,22,الحج,41,17,الامور,الأمور
2637,22,الحج,42,1,وان,وإن
2638,22,الحج,43,2,ابراهيم,إبراهيم
2639,22,الحج,44,1,واصحاب,وأصحاب
2639,22,الحج,44,4,موسي,موسى
2639,22,الحج,44,5,فامليت,فأمليت
2639,22,الحج,44,8,اخذتهم,أخذتهم
2640,22,الحج,45,1,فكاين,فكأين
2640,22,الحج,45,3,قريه,قرية
2640,22,الحج,45,4,اهلكناها,أهلكناها
2640,22,الحج,45,6,ظالمه,ظالمة
2640,22,الحج,45,8,خاويه,خاوية
2640,22,الحج,45,9,علي,على
2640,22,الحج,45,11,وبير,وبئر
2640,22,الحج,45,12,معطله,معطلة
2641,22,الحج,46,1,افلم,أفلم
2641,22,الحج,46,4,الارض,الأرض
2641,22,الحج,46,10,او,أو
2641,22,الحج,46,11,اذان,آذان
2641,22,الحج,46,14,فانها,فإنها
2641,22,الحج,46,16,تعمي,تعمى
2641,22,الحج,46,17,الابصار,الأبصار
2641,22,الحج,46,19,تعمي,تعمى
2642,22,الحج,47,7,وان,وإن
2642,22,الحج,47,11,كالف,كألف
2642,22,الحج,47,12,سنه,سنة
2643,22,الحج,48,1,وكاين,وكأين
2643,22,الحج,48,3,قريه,قرية
2643,22,الحج,48,4,امليت,أمليت
2643,22,الحج,48,7,ظالمه,ظالمة
2643,22,الحج,48,9,اخذتها,أخذتها
2643,22,الحج,48,10,والي,وإلي
2644,22,الحج,49,3,ايها,أيها
2644,22,الحج,49,5,انما,إنما
2644,22,الحج,49,6,انا,أنا
2645,22,الحج,50,2,امنوا,آمنوا
2645,22,الحج,50,6,مغفره,مغفرة
2646,22,الحج,51,4,اياتنا,آياتنا
2646,22,الحج,51,6,اوليك,أولئك
2646,22,الحج,51,7,اصحاب,أصحاب
2647,22,الحج,52,2,ارسلنا,أرسلنا
2647,22,الحج,52,9,الا,إلا
2647,22,الحج,52,10,اذا,إذا
2647,22,الحج,52,11,تمني,تمنى
2647,22,الحج,52,12,القي,ألقى
2647,22,الحج,52,15,امنيته,أمنيته
2647,22,الحج,52,24,اياته,آياته
2648,22,الحج,53,5,فتنه,فتنة
2648,22,الحج,53,10,والقاسيه,والقاسية
2648,22,الحج,53,12,وان,وإن
2649,22,الحج,54,3,اوتوا,أوتوا
2649,22,الحج,54,5,انه,أنه
2649,22,الحج,54,9,فيومنوا,فيؤمنوا
2649,22,الحج,54,14,وان,وإن
2649,22,الحج,54,18,امنوا,آمنوا
2649,22,الحج,54,19,الي,إلى
2650,22,الحج,55,6,مريه,مرية
2650,22,الحج,55,8,حتي,حتى
2650,22,الحج,55,9,تاتيهم,تأتيهم
2650,22,الحج,55,10,الساعه,الساعة
2650,22,الحج,55,11,بغته,بغتة
2650,22,الحج,55,12,او,أو
2650,22,الحج,55,13,ياتيهم,يأتيهم
2651,22,الحج,56,2,يوميذ,يومئذ
2651,22,الحج,56,7,امنوا,آمنوا
2652,22,الحج,57,4,باياتنا,بآياتنا
2652,22,الحج,57,5,فاوليك,فأولئك
2653,22,الحج,58,8,او,أو
2653,22,الحج,58,14,وان,وإن
2654,22,الحج,59,4,وان,وإن
2655,22,الحج,60,13,ان,إن
2656,22,الحج,61,2,بان,بأن
2656,22,الحج,61,12,وان,وأن
2657,22,الحج,62,2,بان,بأن
2657,22,الحج,62,6,وان,وأن
2657,22,الحج,62,13,وان,وأن
2658,22,الحج,63,1,الم,ألم
2658,22,الحج,63,3,ان,أن
2658,22,الحج,63,5,انزل,أنزل
2658,22,الحج,63,10,الارض,الأرض
2658,22,الحج,63,11,مخضره,مخضرة
2658,22,الحج,63,12,ان,إن
2659,22,الحج,64,7,الارض,الأرض
2659,22,الحج,64,8,وان,وإن
2660,22,الحج,65,1,الم,ألم
2660,22,الحج,65,3,ان,أن
2660,22,الحج,65,9,الارض,الأرض
2660,22,الحج,65,14,بامره,بأمره
2660,22,الحج,65,17,ان,أن
2660,22,الحج,65,19,علي,على
2660,22,الحج,65,20,الارض,الأرض
2660,22,الحج,65,21,الا,إلا
2660,22,الحج,65,22,باذنه,بإذنه
2660,22,الحج,65,23,ان,إن
2661,22,الحج,66,3,احياكم,أحياكم
2661,22,الحج,66,8,ان,إن
2661,22,الحج,66,9,الانسان,الإنسان
2662,22,الحج,67,2,امه,أمة
2662,22,الحج,67,10,الامر,الأمر
2662,22,الحج,67,12,الي,إلى
2662,22,الحج,67,14,انك,إنك
2662,22,الحج,67,15,لعلي,لعلى
2662,22,الحج,67,16,هدي,هدى
2663,22,الحج,68,1,وان,وإن
2663,22,الحج,68,5,اعلم,أعلم
2664,22,الحج,69,5,القيامه,القيامة
2665,22,الحج,70,1,الم,ألم
2665,22,الحج,70,3,ان,أن
2665,22,الحج,70,9,والارض,والأرض
2665,22,الحج,70,10,ان,إن
2665,22,الحج,70,14,ان,إن
2665,22,الحج,70,16,علي,على
2667,22,الحج,72,1,واذا,وإذا
2667,22,الحج,72,2,تتلي,تتلى
2667,22,الحج,72,4,اياتنا,آياتنا
2667,22,الحج,72,17,اياتنا,آياتنا
2667,22,الحج,72,19,افانبيكم,أفأنبئكم
2667,22,الحج,72,28,وبيس,وبئس
2668,22,الحج,73,2,ايها,أيها
2668,22,الحج,73,8,ان,إن
2668,22,الحج,73,20,وان,وإن
2668,22,الحج,73,23,شييا,شيئا
2669,22,الحج,74,6,ان,إن
2670,22,الحج,75,4,الملايكه,الملائكة
2670,22,الحج,75,8,ان,إن
2671,22,الحج,76,4,ايديهم,أيديهم
2671,22,الحج,76,7,والي,وإلى
2671,22,الحج,76,10,الامور,الأمور
2672,22,الحج,77,2,ايها,أيها
2672,22,الحج,77,4,امنوا,آمنوا
2673,22,الحج,78,15,مله,ملة
2673,22,الحج,78,16,ابيكم,أبيكم
2673,22,الحج,78,17,ابراهيم,إبراهيم
2673,22,الحج,78,31,علي,على
2673,22,الحج,78,33,فاقيموا,فأقيموا
2673,22,الحج,78,34,الصلاه,الصلاة
2673,22,الحج,78,35,واتوا,وآتوا
2673,22,الحج,78,36,الزكاه,الزكاة
2673,22,الحج,78,42,المولي,المولى
2674,23,المؤمنون,1,6,افلح,أفلح
2674,23,المؤمنون,1,7,المومنون,المؤمنون
2677,23,المؤمنون,4,3,للزكاه,للزكاة
2679,23,المؤمنون,6,1,الا,إلا
2679,23,المؤمنون,6,2,علي,على
2679,23,المؤمنون,6,3,ازواجهم,أزواجهم
2679,23,المؤمنون,6,4,او,أو
2679,23,المؤمنون,6,7,ايمانهم,أيمانهم
2679,23,المؤمنون,6,8,فانهم,فإنهم
2680,23,المؤمنون,7,2,ابتغي,ابتغى
2680,23,المؤمنون,7,5,فاوليك,فأولئك
2681,23,المؤمنون,8,3,لاماناتهم,لأماناتهم
2682,23,المؤمنون,9,3,علي,على
2683,23,المؤمنون,10,1,اوليك,أولئك
2685,23,المؤمنون,12,3,الانسان,الإنسان
2685,23,المؤمنون,12,5,سلاله,سلالة
2686,23,المؤمنون,13,3,نطفه,نطفة
2687,23,المؤمنون,14,3,النطفه,النطفة
2687,23,المؤمنون,14,4,علقه,علقة
2687,23,المؤمنون,14,6,العلقه,العلقة
2687,23,المؤمنون,14,7,مضغه,مضغة
2687,23,المؤمنون,14,9,المضغه,المضغة
2687,23,المؤمنون,14,15,انشاناه,أنشأناه
2687,23,المؤمنون,14,17,اخر,آخر
2687,23,المؤمنون,14,20,احسن,أحسن
2688,23,المؤمنون,15,2,انكم,إنكم
2689,23,المؤمنون,16,2,انكم,إنكم
2689,23,المؤمنون,16,4,القيامه,القيامة
2690,23,المؤمنون,17,5,طرايق,طرائق
2691,23,المؤمنون,18,1,وانزلنا,وأنزلنا
2691,23,المؤمنون,18,6,فاسكناه,فأسكناه
2691,23,المؤمنون,18,8,الارض,الأرض
2691,23,المؤمنون,18,9,وانا,وإنا
2691,23,المؤمنون,18,10,علي,على
2692,23,المؤمنون,19,1,فانشانا,فأنشأنا
2692,23,المؤمنون,19,7,واعناب,وأعناب
2692,23,المؤمنون,19,11,كثيره,كثيرة
2692,23,المؤمنون,19,13,تاكلون,تأكلون
2693,23,المؤمنون,20,1,وشجره,وشجرة
2693,23,المؤمنون,20,9,للاكلين,للآكلين
2694,23,المؤمنون,21,1,وان,وإن
2694,23,المؤمنون,21,4,الانعام,الأنعام
2694,23,المؤمنون,21,5,لعبره,لعبرة
2694,23,المؤمنون,21,13,كثيره,كثيرة
2694,23,المؤمنون,21,15,تاكلون,تأكلون
2695,23,المؤمنون,22,2,وعلي,وعلى
2696,23,المؤمنون,23,2,ارسلنا,أرسلنا
2696,23,المؤمنون,23,4,الي,إلى
2696,23,المؤمنون,23,14,اله,إله
2696,23,المؤمنون,23,16,افلا,أفلا
2697,23,المؤمنون,24,2,الملا,الملأ
2697,23,المؤمنون,24,9,الا,إلا
2697,23,المؤمنون,24,13,ان,أن
2697,23,المؤمنون,24,19,لانزل,لأنزل
2697,23,المؤمنون,24,20,ملايكه,ملائكة
2697,23,المؤمنون,24,25,اباينا,آبائنا
2697,23,المؤمنون,24,26,الاولين,الأولين
2698,23,المؤمنون,25,1,ان,إن
2698,23,المؤمنون,25,3,الا,إلا
2698,23,المؤمنون,25,6,جنه,جنة
2698,23,المؤمنون,25,9,حتي,حتى
2700,23,المؤمنون,27,1,فاوحينا,فأوحينا
2700,23,المؤمنون,27,2,اليه,إليه
2700,23,المؤمنون,27,3,ان,أن
2700,23,المؤمنون,27,6,باعيننا,بأعيننا
2700,23,المؤمنون,27,8,فاذا,فإذا
2700,23,المؤمنون,27,10,امرنا,أمرنا
2700,23,المؤمنون,27,19,واهلك,وأهلك
2700,23,المؤمنون,27,20,الا,إلا
2700,23,المؤمنون,27,31,انهم,إنهم
2701,23,المؤمنون,28,1,فاذا,فإذا
2701,23,المؤمنون,28,3,انت,أنت
2701,23,المؤمنون,28,6,علي,على
2702,23,المؤمنون,29,3,انزلني,أنزلني
2702,23,المؤمنون,29,6,وانت,وأنت
2703,23,المؤمنون,30,1,ان,إن
2703,23,المؤمنون,30,4,لايات,لآيات
2703,23,المؤمنون,30,5,وان,وإن
2704,23,المؤمنون,31,2,انشانا,أنشأنا
2704,23,المؤمنون,31,6,اخرين,آخرين
2705,23,المؤمنون,32,1,فارسلنا,فأرسلنا
2705,23,المؤمنون,32,5,ان,أن
2705,23,المؤمنون,32,11,اله,إله
2705,23,المؤمنون,32,13,افلا,أفلا
2706,23,المؤمنون,33,2,الملا,الملأ
2706,23,المؤمنون,33,9,الاخره,الآخرة
2706,23,المؤمنون,33,10,واترفناهم,وأترفناهم
2706,23,المؤمنون,33,12,الحياه,الحياة
2706,23,المؤمنون,33,16,الا,إلا
2706,23,المؤمنون,33,19,ياكل,يأكل
2706,23,المؤمنون,33,21,تاكلون,تأكلون
2707,23,المؤمنون,34,1,ولين,ولئن
2707,23,المؤمنون,34,2,اطعتم,أطعتم
2707,23,المؤمنون,34,5,انكم,إنكم
2707,23,المؤمنون,34,6,اذا,إذا
2708,23,المؤمنون,35,1,ايعدكم,أيعدكم
2708,23,المؤمنون,35,2,انكم,أنكم
2708,23,المؤمنون,35,3,اذا,إذا
2708,23,المؤمنون,35,8,انكم,أنكم
2710,23,المؤمنون,37,1,ان,إن
2710,23,المؤمنون,37,3,الا,إلا
2711,23,المؤمنون,38,1,ان,إن
2711,23,المؤمنون,38,3,الا,إلا
2711,23,المؤمنون,38,5,افتري,افترى
2711,23,المؤمنون,38,6,علي,على
2711,23,المؤمنون,38,12,بمومنين,بمؤمنين
2714,23,المؤمنون,41,1,فاخذتهم,فأخذتهم
2714,23,المؤمنون,41,2,الصيحه,الصيحة
2715,23,المؤمنون,42,2,انشانا,أنشأنا
2715,23,المؤمنون,42,6,اخرين,آخرين
2716,23,المؤمنون,43,4,امه,أمة
2716,23,المؤمنون,43,5,اجلها,أجلها
2716,23,المؤمنون,43,7,يستاخرون,يستأخرون
2717,23,المؤمنون,44,2,ارسلنا,أرسلنا
2717,23,المؤمنون,44,4,تتري,تترى
2717,23,المؤمنون,44,8,امه,أمة
2717,23,المؤمنون,44,11,فاتبعنا,فأتبعنا
2717,23,المؤمنون,44,15,احاديث,أحاديث
2717,23,المؤمنون,44,19,يومنون,يؤمنون
2718,23,المؤمنون,45,2,ارسلنا,أرسلنا
2718,23,المؤمنون,45,3,موسي,موسى
2718,23,المؤمنون,45,4,واخاه,وأخاه
2718,23,المؤمنون,45,6,باياتنا,بآياتنا
2719,23,المؤمنون,46,1,الي,إلى
2719,23,المؤمنون,46,3,ومليه,وملئه
2720,23,المؤمنون,47,2,انومن,أنؤمن
2722,23,المؤمنون,49,2,اتينا,آتينا
2722,23,المؤمنون,49,3,موسي,موسى
2723,23,المؤمنون,50,4,وامه,وأمه
2723,23,المؤمنون,50,5,ايه,آية
2723,23,المؤمنون,50,6,واويناهما,وآويناهما
2723,23,المؤمنون,50,7,الي,إلى
2723,23,المؤمنون,50,8,ربوه,ربوة
2724,23,المؤمنون,51,2,ايها,أيها
2724,23,المؤمنون,51,9,اني,إني
2725,23,المؤمنون,52,1,وان,وإن
2725,23,المؤمنون,52,3,امتكم,أمتكم
2725,23,المؤمنون,52,4,امه,أمة
2725,23,المؤمنون,52,5,واحده,واحدة
2725,23,المؤمنون,52,6,وانا,وأنا
2726,23,المؤمنون,53,2,امرهم,أمرهم
2727,23,المؤمنون,54,4,حتي,حتى
2728,23,المؤمنون,55,1,ايحسبون,أيحسبون
2728,23,المؤمنون,55,2,انما,أنما
2730,23,المؤمنون,57,1,ان,إن
2730,23,المؤمنون,57,5,خشيه,خشية
2731,23,المؤمنون,58,3,بايات,بآيات
2731,23,المؤمنون,58,5,يومنون,يؤمنون
2733,23,المؤمنون,60,2,يوتون,يؤتون
2733,23,المؤمنون,60,4,اتوا,آتوا
2733,23,المؤمنون,60,6,وجله,وجلة
2733,23,المؤمنون,60,7,انهم,أنهم
2733,23,المؤمنون,60,8,الي,إلى
2734,23,المؤمنون,61,1,اوليك,أولئك
2735,23,المؤمنون,62,4,الا,إلا
2736,23,المؤمنون,63,4,غمره,غمرة
2736,23,المؤمنون,63,8,اعمال,أعمال
2737,23,المؤمنون,64,1,حتي,حتى
2737,23,المؤمنون,64,2,اذا,إذا
2737,23,المؤمنون,64,3,اخذنا,أخذنا
2737,23,المؤمنون,64,6,اذا,إذا
2737,23,المؤمنون,64,8,يجارون,يجأرون
2738,23,المؤمنون,65,2,تجاروا,تجأروا
2738,23,المؤمنون,65,4,انكم,إنكم
2739,23,المؤمنون,66,3,اياتي,آياتي
2739,23,المؤمنون,66,4,تتلي,تتلى
2739,23,المؤمنون,66,7,علي,على
2739,23,المؤمنون,66,8,اعقابكم,أعقابكم
2741,23,المؤمنون,68,1,افلم,أفلم
2741,23,المؤمنون,68,4,ام,أم
2741,23,المؤمنون,68,8,يات,يأت
2741,23,المؤمنون,68,9,اباءهم,آباءهم
2741,23,المؤمنون,68,10,الاولين,الأولين
2742,23,المؤمنون,69,1,ام,أم
2743,23,المؤمنون,70,1,ام,أم
2743,23,المؤمنون,70,4,جنه,جنة
2743,23,المؤمنون,70,8,واكثرهم,وأكثرهم
2744,23,المؤمنون,71,4,اهواءهم,أهواءهم
2744,23,المؤمنون,71,7,والارض,والأرض
2744,23,المؤمنون,71,11,اتيناهم,أتيناهم
2745,23,المؤمنون,72,1,ام,أم
2745,23,المؤمنون,72,2,تسالهم,تسألهم
2746,23,المؤمنون,73,1,وانك,وإنك
2746,23,المؤمنون,73,3,الي,إلى
2747,23,المؤمنون,74,1,وان,وإن
2747,23,المؤمنون,74,4,يومنون,يؤمنون
2747,23,المؤمنون,74,5,بالاخره,بالآخرة
2749,23,المؤمنون,76,2,اخذناهم,أخذناهم
2750,23,المؤمنون,77,1,حتي,حتى
2750,23,المؤمنون,77,2,اذا,إذا
2750,23,المؤمنون,77,9,اذا,إذا
2751,23,المؤمنون,78,3,انشا,أنشأ
2751,23,المؤمنون,78,6,والابصار,والأبصار
2751,23,المؤمنون,78,7,والافيده,والأفئدة
2752,23,المؤمنون,79,3,ذراكم,ذرأكم
2752,23,المؤمنون,79,5,الارض,الأرض
2752,23,المؤمنون,79,6,واليه,وإليه
2753,23,المؤمنون,80,9,افلا,أفلا
2754,23,المؤمنون,81,6,الاولون,الأولون
2755,23,المؤمنون,82,2,ااذا,أإذا
2755,23,المؤمنون,82,7,اانا,أإنا
2756,23,المؤمنون,83,4,واباونا,وآباؤنا
2756,23,المؤمنون,83,8,ان,إن
2756,23,المؤمنون,83,10,الا,إلا
2756,23,المؤمنون,83,11,اساطير,أساطير
2756,23,المؤمنون,83,12,الاولين,الأولين
2757,23,المؤمنون,84,3,الارض,الأرض
2757,23,المؤمنون,84,6,ان,إن
2758,23,المؤمنون,85,4,افلا,أفلا
2760,23,المؤمنون,87,4,افلا,أفلا
2761,23,المؤمنون,88,12,ان,إن
2762,23,المؤمنون,89,4,فاني,فأنى
2763,23,المؤمنون,90,2,اتيناهم,أتيناهم
2763,23,المؤمنون,90,4,وانهم,وإنهم
2764,23,المؤمنون,91,10,اله,إله
2764,23,المؤمنون,91,11,اذا,إذا
2764,23,المؤمنون,91,14,اله,إله
2764,23,المؤمنون,91,19,علي,على
2765,23,المؤمنون,92,3,والشهاده,والشهادة
2765,23,المؤمنون,92,4,فتعالي,فتعالى
2766,23,المؤمنون,93,3,اما,إما
2768,23,المؤمنون,95,1,وانا,وإنا
2768,23,المؤمنون,95,2,علي,على
2768,23,المؤمنون,95,3,ان,أن
2769,23,المؤمنون,96,4,احسن,أحسن
2769,23,المؤمنون,96,5,السييه,السيئة
2769,23,المؤمنون,96,7,اعلم,أعلم
2770,23,المؤمنون,97,3,اعوذ,أعوذ
2771,23,المؤمنون,98,1,واعوذ,وأعوذ
2771,23,المؤمنون,98,4,ان,أن
2772,23,المؤمنون,99,1,حتي,حتى
2772,23,المؤمنون,99,2,اذا,إذا
2772,23,المؤمنون,99,4,احدهم,أحدهم
2773,23,المؤمنون,100,2,اعمل,أعمل
2773,23,المؤمنون,100,7,انها,إنها
2773,23,المؤمنون,100,8,كلمه,كلمة
2773,23,المؤمنون,100,10,قايلها,قائلها
2773,23,المؤمنون,100,12,ورايهم,ورائهم
2773,23,المؤمنون,100,14,الي,إلى
2774,23,المؤمنون,101,1,فاذا,فإذا
2774,23,المؤمنون,101,6,انساب,أنساب
2774,23,المؤمنون,101,8,يوميذ,يومئذ
2775,23,المؤمنون,102,4,فاوليك,فأولئك
2776,23,المؤمنون,103,4,فاوليك,فأولئك
2776,23,المؤمنون,103,7,انفسهم,أنفسهم
2778,23,المؤمنون,105,1,الم,ألم
2778,23,المؤمنون,105,3,اياتي,آياتي
2778,23,المؤمنون,105,4,تتلي,تتلى
2780,23,المؤمنون,107,2,اخرجنا,أخرجنا
2780,23,المؤمنون,107,4,فان,فإن
2780,23,المؤمنون,107,6,فانا,فإنا
2781,23,المؤمنون,108,2,اخسيوا,اخسئوا
2782,23,المؤمنون,109,1,انه,إنه
2782,23,المؤمنون,109,8,امنا,آمنا
2782,23,المؤمنون,109,12,وانت,وأنت
2783,23,المؤمنون,110,3,حتي,حتى
2783,23,المؤمنون,110,4,انسوكم,أنسوكم
2784,23,المؤمنون,111,1,اني,إني
2784,23,المؤمنون,111,6,انهم,أنهم
2784,23,المؤمنون,111,8,الفايزون,الفائزون
2785,23,المؤمنون,112,5,الارض,الأرض
2786,23,المؤمنون,113,4,او,أو
2786,23,المؤمنون,113,7,فاسال,فاسأل
2787,23,المؤمنون,114,2,ان,إن
2787,23,المؤمنون,114,4,الا,إلا
2787,23,المؤمنون,114,7,انكم,أنكم
2788,23,المؤمنون,115,1,افحسبتم,أفحسبتم
2788,23,المؤمنون,115,2,انما,أنما
2788,23,المؤمنون,115,5,وانكم,وأنكم
2788,23,المؤمنون,115,6,الينا,إلينا
2789,23,المؤمنون,116,1,فتعالي,فتعالى
2789,23,المؤمنون,116,6,اله,إله
2789,23,المؤمنون,116,7,الا,إلا
2790,23,المؤمنون,117,5,الها,إلها
2790,23,المؤمنون,117,6,اخر,آخر
2790,23,المؤمنون,117,11,فانما,فإنما
2790,23,المؤمنون,117,15,انه,إنه
2791,23,المؤمنون,118,5,وانت,وأنت
2792,24,النور,1,5,سوره,سورة
2792,24,النور,1,6,انزلناها,أنزلناها
2792,24,النور,1,8,وانزلنا,وأنزلنا
2792,24,النور,1,10,ايات,آيات
2793,24,النور,2,1,الزانيه,الزانية
2793,24,النور,2,7,مايه,مائة
2793,24,النور,2,8,جلده,جلدة
2793,24,النور,2,10,تاخذكم,تأخذكم
2793,24,النور,2,12,رافه,رأفة
2793,24,النور,2,16,ان,إن
2793,24,النور,2,18,تومنون,تؤمنون
2793,24,النور,2,21,الاخر,الآخر
2793,24,النور,2,24,طايفه,طائفة
2793,24,النور,2,26,المومنين,المؤمنين
2794,24,النور,3,4,الا,إلا
2794,24,النور,3,5,زانيه,زانية
2794,24,النور,3,6,او,أو
2794,24,النور,3,7,مشركه,مشركة
2794,24,النور,3,8,والزانيه,والزانية
2794,24,النور,3,11,الا,إلا
2794,24,النور,3,13,او,أو
2794,24,النور,3,17,علي,على
2794,24,النور,3,18,المومنين,المؤمنين
2795,24,النور,4,6,ياتوا,يأتوا
2795,24,النور,4,7,باربعه,بأربعة
2795,24,النور,4,11,جلده,جلدة
2795,24,النور,4,15,شهاده,شهادة
2795,24,النور,4,16,ابدا,أبدا
2795,24,النور,4,17,واوليك,وأولئك
2796,24,النور,5,1,الا,إلا
2796,24,النور,5,7,واصلحوا,وأصلحوا
2796,24,النور,5,8,فان,فإن
2797,24,النور,6,3,ازواجهم,أزواجهم
2797,24,النور,6,8,الا,إلا
2797,24,النور,6,9,انفسهم,أنفسهم
2797,24,النور,6,10,فشهاده,فشهادة
2797,24,النور,6,11,احدهم,أحدهم
2797,24,النور,6,12,اربع,أربع
2797,24,النور,6,15,انه,إنه
2798,24,النور,7,1,والخامسه,والخامسة
2798,24,النور,7,2,ان,أن
2798,24,النور,7,6,ان,إن
2799,24,النور,8,1,ويدرا,ويدرأ
2799,24,النور,8,4,ان,أن
2799,24,النور,8,6,اربع,أربع
2799,24,النور,8,9,انه,إنه
2800,24,النور,9,1,والخامسه,والخامسة
2800,24,النور,9,2,ان,أن
2800,24,النور,9,6,ان,إن
2801,24,النور,10,6,وان,وأن
2802,24,النور,11,1,ان,إن
2802,24,النور,11,4,بالافك,بالإفك
2802,24,النور,11,5,عصبه,عصبة
2802,24,النور,11,16,امري,امرئ
2802,24,النور,11,21,الاثم,الإثم
2802,24,النور,11,23,تولي,تولى
2803,24,النور,12,2,اذ,إذ
2803,24,النور,12,5,المومنون,المؤمنون
2803,24,النور,12,6,والمومنات,والمؤمنات
2803,24,النور,12,7,بانفسهم,بأنفسهم
2803,24,النور,12,11,افك,إفك
2804,24,النور,13,4,باربعه,بأربعة
2804,24,النور,13,6,فاذ,فإذ
2804,24,النور,13,8,ياتوا,يأتوا
2804,24,النور,13,10,فاوليك,فأولئك
2805,24,النور,14,8,والاخره,والآخرة
2805,24,النور,14,12,افضتم,أفضتم
2806,24,النور,15,1,اذ,إذ
2806,24,النور,15,3,بالسنتكم,بألسنتكم
2806,24,النور,15,5,بافواهكم,بأفواهكم
2807,24,النور,16,2,اذ,إذ
2807,24,النور,16,8,ان,أن
2808,24,النور,17,3,ان,أن
2808,24,النور,17,6,ابدا,أبدا
2808,24,النور,17,7,ان,إن
2808,24,النور,17,9,مومنين,مؤمنين
2809,24,النور,18,4,الايات,الآيات
2810,24,النور,19,1,ان,إن
2810,24,النور,19,4,ان,أن
2810,24,النور,19,6,الفاحشه,الفاحشة
2810,24,النور,19,9,امنوا,آمنوا
2810,24,النور,19,12,اليم,أليم
2810,24,النور,19,15,والاخره,والآخرة
2810,24,النور,19,18,وانتم,وأنتم
2811,24,النور,20,6,وان,وأن
2812,24,النور,21,2,ايها,أيها
2812,24,النور,21,4,امنوا,آمنوا
2812,24,النور,21,13,فانه,فإنه
2812,24,النور,21,14,يامر,يأمر
2812,24,النور,21,23,زكي,زكى
2812,24,النور,21,26,احد,أحد
2812,24,النور,21,27,ابدا,أبدا
2813,24,النور,22,2,ياتل,يأتل
2813,24,النور,22,3,اولو,أولو
2813,24,النور,22,6,والسعه,والسعة
2813,24,النور,22,7,ان,أن
2813,24,النور,22,8,يوتوا,يؤتوا
2813,24,النور,22,9,اولي,أولي
2813,24,النور,22,10,القربي,القربى
2813,24,النور,22,18,الا,ألا
2813,24,النور,22,20,ان,أن
2814,24,النور,23,1,ان,إن
2814,24,النور,23,6,المومنات,المؤمنات
2814,24,النور,23,10,والاخره,والآخرة
2815,24,النور,24,4,السنتهم,ألسنتهم
2815,24,النور,24,5,وايديهم,وأيديهم
2815,24,النور,24,6,وارجلهم,وأرجلهم
2816,24,النور,25,1,يوميذ,يومئذ
2816,24,النور,25,7,ان,أن
2817,24,النور,26,9,اوليك,أولئك
2817,24,النور,26,14,مغفره,مغفرة
2818,24,النور,27,2,ايها,أيها
2818,24,النور,27,4,امنوا,آمنوا
2818,24,النور,27,10,حتي,حتى
2818,24,النور,27,11,تستانسوا,تستأنسوا
2818,24,النور,27,13,علي,على
2818,24,النور,27,14,اهلها,أهلها
2819,24,النور,28,1,فان,فإن
2819,24,النور,28,5,احدا,أحدا
2819,24,النور,28,8,حتي,حتى
2819,24,النور,28,9,يوذن,يؤذن
2819,24,النور,28,11,وان,وإن
2819,24,النور,28,17,ازكي,أزكى
2820,24,النور,29,4,ان,أن
2820,24,النور,29,8,مسكونه,مسكونة
2821,24,النور,30,2,للمومنين,للمؤمنين
2821,24,النور,30,5,ابصارهم,أبصارهم
2821,24,النور,30,9,ازكي,أزكى
2821,24,النور,30,11,ان,إن
2822,24,النور,31,2,للمومنات,للمؤمنات
2822,24,النور,31,5,ابصارهن,أبصارهن
2822,24,النور,31,11,الا,إلا
2822,24,النور,31,17,علي,على
2822,24,النور,31,22,الا,إلا
2822,24,النور,31,24,او,أو
2822,24,النور,31,25,ابايهن,آبائهن
2822,24,النور,31,26,او,أو
2822,24,النور,31,27,اباء,آباء
2822,24,النور,31,29,او,أو
2822,24,النور,31,30,ابنايهن,أبنائهن
2822,24,النور,31,31,او,أو
2822,24,النور,31,32,ابناء,أبناء
2822,24,النور,31,34,او,أو
2822,24,النور,31,35,اخوانهن,إخوانهن
2822,24,النور,31,36,او,أو
2822,24,النور,31,38,اخوانهن,إخوانهن
2822,24,النور,31,39,او,أو
2822,24,النور,31,41,اخواتهن,أخواتهن
2822,24,النور,31,42,او,أو
2822,24,النور,31,43,نسايهن,نسائهن
2822,24,النور,31,44,او,أو
2822,24,النور,31,47,ايمانهن,أيمانهن
2822,24,النور,31,48,او,أو
2822,24,النور,31,51,اولي,أولي
2822,24,النور,31,52,الاربه,الإربة
2822,24,النور,31,55,او,أو
2822,24,النور,31,60,علي,على
2822,24,النور,31,65,بارجلهن,بأرجلهن
2822,24,النور,31,72,الي,إلى
2822,24,النور,31,75,ايه,أيه
2822,24,النور,31,76,المومنون,المؤمنون
2823,24,النور,32,1,وانكحوا,وأنكحوا
2823,24,النور,32,2,الايامي,الأيامى
2823,24,النور,32,7,وامايكم,وإمائكم
2823,24,النور,32,8,ان,إن
2824,24,النور,33,6,حتي,حتى
2824,24,النور,33,16,ايمانكم,أيمانكم
2824,24,النور,33,18,ان,إن
2824,24,النور,33,22,واتوهم,وآتوهم
2824,24,النور,33,27,اتاكم,آتاكم
2824,24,النور,33,31,علي,على
2824,24,النور,33,33,ان,إن
2824,24,النور,33,34,اردن,أردن
2824,24,النور,33,38,الحياه,الحياة
2824,24,النور,33,42,فان,فإن
2824,24,النور,33,46,اكراههن,إكراههن
2825,24,النور,34,2,انزلنا,أنزلنا
2825,24,النور,34,3,اليكم,إليكم
2825,24,النور,34,4,ايات,آيات
2825,24,النور,34,12,وموعظه,وموعظة
2826,24,النور,35,4,والارض,والأرض
2826,24,النور,35,7,كمشكاه,كمشكاة
2826,24,النور,35,12,زجاجه,زجاجة
2826,24,النور,35,13,الزجاجه,الزجاجة
2826,24,النور,35,14,كانها,كأنها
2826,24,النور,35,19,شجره,شجرة
2826,24,النور,35,20,مباركه,مباركة
2826,24,النور,35,21,زيتونه,زيتونة
2826,24,النور,35,23,شرقيه,شرقية
2826,24,النور,35,25,غربيه,غربية
2826,24,النور,35,34,علي,على
2826,24,النور,35,43,الامثال,الأمثال
2827,24,النور,36,3,اذن,أذن
2827,24,النور,36,5,ان,أن
2827,24,النور,36,14,والاصال,والآصال
2828,24,النور,37,4,تجاره,تجارة
2828,24,النور,37,10,واقام,وإقام
2828,24,النور,37,11,الصلاه,الصلاة
2828,24,النور,37,12,وايتاء,وإيتاء
2828,24,النور,37,13,الزكاه,الزكاة
2828,24,النور,37,19,والابصار,والأبصار
2829,24,النور,38,3,احسن,أحسن
2830,24,النور,39,3,اعمالهم,أعمالهم
2830,24,النور,39,5,بقيعه,بقيعة
2830,24,النور,39,7,الظمان,الظمآن
2830,24,النور,39,9,حتي,حتى
2830,24,النور,39,10,اذا,إذا
2830,24,النور,39,14,شييا,شيئا
2831,24,النور,40,1,او,أو
2831,24,النور,40,18,اذا,إذا
2831,24,النور,40,19,اخرج,أخرج
2832,24,النور,41,1,الم,ألم
2832,24,النور,41,3,ان,أن
2832,24,النور,41,10,والارض,والأرض
2833,24,النور,42,4,والارض,والأرض
2833,24,النور,42,5,والي,وإلى
2834,24,النور,43,1,الم,ألم
2834,24,النور,43,3,ان,أن
2834,24,النور,43,8,يولف,يؤلف
2834,24,النور,43,13,فتري,فترى
2834,24,النور,43,38,بالابصار,بالأبصار
2835,24,النور,44,5,ان,إن
2835,24,النور,44,8,لعبره,لعبرة
2835,24,النور,44,9,لاولي,لأولي
2835,24,النور,44,10,الابصار,الأبصار
2836,24,النور,45,4,دابه,دابة
2836,24,النور,45,10,علي,على
2836,24,النور,45,15,علي,على
2836,24,النور,45,20,علي,على
2836,24,النور,45,21,اربع,أربع
2836,24,النور,45,26,ان,إن
2836,24,النور,45,28,علي,على
2837,24,النور,46,2,انزلنا,أنزلنا
2837,24,النور,46,3,ايات,آيات
2837,24,النور,46,9,الي,إلى
2838,24,النور,47,2,امنا,آمنا
2838,24,النور,47,5,واطعنا,وأطعنا
2838,24,النور,47,7,يتولي,يتولى
2838,24,النور,47,14,اوليك,أولئك
2838,24,النور,47,15,بالمومنين,بالمؤمنين
2839,24,النور,48,1,واذا,وإذا
2839,24,النور,48,3,الي,إلى
2839,24,النور,48,8,اذا,إذا
2840,24,النور,49,1,وان,وإن
2840,24,النور,49,5,ياتوا,يأتوا
2840,24,النور,49,6,اليه,إليه
2841,24,النور,50,1,افي,أفي
2841,24,النور,50,4,ام,أم
2841,24,النور,50,6,ام,أم
2841,24,النور,50,8,ان,أن
2841,24,النور,50,14,اوليك,أولئك
2842,24,النور,51,1,انما,إنما
2842,24,النور,51,4,المومنين,المؤمنين
2842,24,النور,51,5,اذا,إذا
2842,24,النور,51,7,الي,إلى
2842,24,النور,51,12,ان,أن
2842,24,النور,51,15,واطعنا,وأطعنا
2842,24,النور,51,16,واوليك,وأولئك
2843,24,النور,52,8,فاوليك,فأولئك
2843,24,النور,52,10,الفايزون,الفائزون
2844,24,النور,53,1,واقسموا,وأقسموا
2844,24,النور,53,4,ايمانهم,أيمانهم
2844,24,النور,53,5,لين,لئن
2844,24,النور,53,6,امرتهم,أمرتهم
2844,24,النور,53,11,طاعه,طاعة
2844,24,النور,53,12,معروفه,معروفة
2844,24,النور,53,13,ان,إن
2845,24,النور,54,2,اطيعوا,أطيعوا
2845,24,النور,54,4,واطيعوا,وأطيعوا
2845,24,النور,54,6,فان,فإن
2845,24,النور,54,8,فانما,فإنما
2845,24,النور,54,15,وان,وإن
2845,24,النور,54,19,علي,على
2845,24,النور,54,21,الا,إلا
2846,24,النور,55,4,امنوا,آمنوا
2846,24,النور,55,10,الارض,الأرض
2846,24,النور,55,20,ارتضي,ارتضى
2846,24,النور,55,26,امنا,أمنا
2846,24,النور,55,31,شييا,شيئا
2846,24,النور,55,36,فاوليك,فأولئك
2847,24,النور,56,1,واقيموا,وأقيموا
2847,24,النور,56,2,الصلاه,الصلاة
2847,24,النور,56,3,واتوا,وآتوا
2847,24,النور,56,4,الزكاه,الزكاة
2847,24,النور,56,5,واطيعوا,وأطيعوا
2848,24,النور,57,7,الارض,الأرض
2848,24,النور,57,8,وماواهم,ومأواهم
2848,24,النور,57,10,ولبيس,ولبئس
2849,24,النور,58,2,ايها,أيها
2849,24,النور,58,4,امنوا,آمنوا
2849,24,النور,58,5,ليستاذنكم,ليستأذنكم
2849,24,النور,58,8,ايمانكم,أيمانكم
2849,24,النور,58,18,صلاه,صلاة
2849,24,النور,58,24,الظهيره,الظهيرة
2849,24,النور,58,27,صلاه,صلاة
2849,24,النور,58,41,علي,على
2849,24,النور,58,47,الايات,الآيات
2850,24,النور,59,1,واذا,وإذا
2850,24,النور,59,3,الاطفال,الأطفال
2850,24,النور,59,6,فليستاذنوا,فليستأذنوا
2850,24,النور,59,8,استاذن,استأذن
2850,24,النور,59,16,اياته,آياته
2851,24,النور,60,11,ان,أن
2851,24,النور,60,16,بزينه,بزينة
2851,24,النور,60,17,وان,وأن
2852,24,النور,61,2,علي,على
2852,24,النور,61,3,الاعمي,الأعمى
2852,24,النور,61,6,علي,على
2852,24,النور,61,7,الاعرج,الأعرج
2852,24,النور,61,10,علي,على
2852,24,النور,61,14,علي,على
2852,24,النور,61,15,انفسكم,أنفسكم
2852,24,النور,61,16,ان,أن
2852,24,النور,61,17,تاكلوا,تأكلوا
2852,24,النور,61,20,او,أو
2852,24,النور,61,22,ابايكم,آبائكم
2852,24,النور,61,23,او,أو
2852,24,النور,61,25,امهاتكم,أمهاتكم
2852,24,النور,61,26,او,أو
2852,24,النور,61,28,اخوانكم,إخوانكم
2852,24,النور,61,29,او,أو
2852,24,النور,61,31,اخواتكم,أخواتكم
2852,24,النور,61,32,او,أو
2852,24,النور,61,34,اعمامكم,أعمامكم
2852,24,النور,61,35,او,أو
2852,24,النور,61,38,او,أو
2852,24,النور,61,40,اخوالكم,أخوالكم
2852,24,النور,61,41,او,أو
2852,24,النور,61,44,او,أو
2852,24,النور,61,48,او,أو
2852,24,النور,61,53,ان,أن
2852,24,النور,61,54,تاكلوا,تأكلوا
2852,24,النور,61,56,او,أو
2852,24,النور,61,57,اشتاتا,أشتاتا
2852,24,النور,61,58,فاذا,فإذا
2852,24,النور,61,62,علي,على
2852,24,النور,61,63,انفسكم,أنفسكم
2852,24,النور,61,64,تحيه,تحية
2852,24,النور,61,68,مباركه,مباركة
2852,24,النور,61,69,طيبه,طيبة
2852,24,النور,61,74,الايات,الآيات
2853,24,النور,62,1,انما,إنما
2853,24,النور,62,2,المومنون,المؤمنون
2853,24,النور,62,4,امنوا,آمنوا
2853,24,النور,62,7,واذا,وإذا
2853,24,النور,62,10,علي,على
2853,24,النور,62,11,امر,أمر
2853,24,النور,62,15,حتي,حتى
2853,24,النور,62,16,يستاذنوه,يستأذنوه
2853,24,النور,62,17,ان,إن
2853,24,النور,62,19,يستاذنونك,يستأذنونك
2853,24,النور,62,20,اوليك,أولئك
2853,24,النور,62,22,يومنون,يؤمنون
2853,24,النور,62,25,فاذا,فإذا
2853,24,النور,62,26,استاذنوك,استأذنوك
2853,24,النور,62,28,شانهم,شأنهم
2853,24,النور,62,29,فاذن,فأذن
2853,24,النور,62,31,شيت,شئت
2853,24,النور,62,36,ان,إن
2854,24,النور,63,20,امره,أمره
2854,24,النور,63,21,ان,أن
2854,24,النور,63,23,فتنه,فتنة
2854,24,النور,63,24,او,أو
2854,24,النور,63,27,اليم,أليم
2855,24,النور,64,1,الا,ألا
2855,24,النور,64,2,ان,إن
2855,24,النور,64,7,والارض,والأرض
2855,24,النور,64,11,انتم,أنتم
2855,24,النور,64,15,اليه,إليه
2855,24,النور,64,16,فينبيهم,فينبئهم
2856,25,الفرقان,1,9,علي,على
2857,25,الفرقان,2,5,والارض,والأرض
2858,25,الفرقان,3,4,الهه,آلهة
2858,25,الفرقان,3,7,شييا,شيئا
2858,25,الفرقان,3,12,لانفسهم,لأنفسهم
2858,25,الفرقان,3,20,حياه,حياة
2859,25,الفرقان,4,4,ان,إن
2859,25,الفرقان,4,6,الا,إلا
2859,25,الفرقان,4,7,افك,إفك
2859,25,الفرقان,4,9,واعانه,وأعانه
2859,25,الفرقان,4,12,اخرون,آخرون
2860,25,الفرقان,5,2,اساطير,أساطير
2860,25,الفرقان,5,3,الاولين,الأولين
2860,25,الفرقان,5,6,تملي,تملى
2860,25,الفرقان,5,8,بكره,بكرة
2860,25,الفرقان,5,9,واصيلا,وأصيلا
2861,25,الفرقان,6,2,انزله,أنزله
2861,25,الفرقان,6,8,والارض,والأرض
2861,25,الفرقان,6,9,انه,إنه
2862,25,الفرقان,7,5,ياكل,يأكل
2862,25,الفرقان,7,9,الاسواق,الأسواق
2862,25,الفرقان,7,11,انزل,أنزل
2862,25,الفرقان,7,12,اليه,إليه
2863,25,الفرقان,8,1,او,أو
2863,25,الفرقان,8,2,يلقي,يلقى
2863,25,الفرقان,8,3,اليه,إليه
2863,25,الفرقان,8,5,او,أو
2863,25,الفرقان,8,8,جنه,جنة
2863,25,الفرقان,8,9,ياكل,يأكل
2863,25,الفرقان,8,13,ان,إن
2863,25,الفرقان,8,15,الا,إلا
2864,25,الفرقان,9,5,الامثال,الأمثال
2865,25,الفرقان,10,3,ان,إن
2865,25,الفرقان,10,14,الانهار,الأنهار
2866,25,الفرقان,11,3,بالساعه,بالساعة
2866,25,الفرقان,11,4,واعتدنا,وأعتدنا
2866,25,الفرقان,11,7,بالساعه,بالساعة
2867,25,الفرقان,12,1,اذا,إذا
2867,25,الفرقان,12,2,راتهم,رأتهم
2868,25,الفرقان,13,1,واذا,وإذا
2868,25,الفرقان,13,2,القوا,ألقوا
2870,25,الفرقان,15,2,اذلك,أذلك
2870,25,الفرقان,15,4,ام,أم
2870,25,الفرقان,15,5,جنه,جنة
2871,25,الفرقان,16,7,علي,على
2871,25,الفرقان,16,10,مسيولا,مسئولا
2872,25,الفرقان,17,9,اانتم,أأنتم
2872,25,الفرقان,17,10,اضللتم,أضللتم
2872,25,الفرقان,17,12,هولاء,هؤلاء
2872,25,الفرقان,17,13,ام,أم
2873,25,الفرقان,18,7,ان,أن
2873,25,الفرقان,18,12,اولياء,أولياء
2873,25,الفرقان,18,15,واباءهم,وآباءهم
2873,25,الفرقان,18,16,حتي,حتى
2875,25,الفرقان,20,2,ارسلنا,أرسلنا
2875,25,الفرقان,20,6,الا,إلا
2875,25,الفرقان,20,7,انهم,إنهم
2875,25,الفرقان,20,8,لياكلون,ليأكلون
2875,25,الفرقان,20,12,الاسواق,الأسواق
2875,25,الفرقان,20,16,فتنه,فتنة
2875,25,الفرقان,20,17,اتصبرون,أتصبرون
2876,25,الفرقان,21,7,انزل,أنزل
2876,25,الفرقان,21,9,الملايكه,الملائكة
2876,25,الفرقان,21,10,او,أو
2876,25,الفرقان,21,11,نري,نرى
2876,25,الفرقان,21,16,انفسهم,أنفسهم
2877,25,الفرقان,22,3,الملايكه,الملائكة
2877,25,الفرقان,22,5,بشري,بشرى
2877,25,الفرقان,22,6,يوميذ,يومئذ
2878,25,الفرقان,23,2,الي,إلى
2879,25,الفرقان,24,1,اصحاب,أصحاب
2879,25,الفرقان,24,2,الجنه,الجنة
2879,25,الفرقان,24,3,يوميذ,يومئذ
2879,25,الفرقان,24,6,واحسن,وأحسن
2880,25,الفرقان,25,6,الملايكه,الملائكة
2881,25,الفرقان,26,2,يوميذ,يومئذ
2881,25,الفرقان,26,7,علي,على
2882,25,الفرقان,27,4,علي,على
2883,25,الفرقان,28,2,ويلتي,ويلتى
2883,25,الفرقان,28,5,اتخذ,أتخذ
2884,25,الفرقان,29,2,اضلني,أضلني
2884,25,الفرقان,29,6,اذ,إذ
2884,25,الفرقان,29,10,للانسان,للإنسان
2885,25,الفرقان,30,5,ان,إن
2885,25,الفرقان,30,9,القران,القرآن
2886,25,الفرقان,31,8,وكفي,وكفى
2887,25,الفرقان,32,7,القران,القرآن
2887,25,الفرقان,32,8,جمله,جملة
2887,25,الفرقان,32,9,واحده,واحدة
2887,25,الفرقان,32,13,فوادك,فؤادك
2888,25,الفرقان,33,2,ياتونك,يأتونك
2888,25,الفرقان,33,4,الا,إلا
2888,25,الفرقان,33,5,جيناك,جئناك
2888,25,الفرقان,33,7,واحسن,وأحسن
2889,25,الفرقان,34,3,علي,على
2889,25,الفرقان,34,5,الي,إلى
2889,25,الفرقان,34,7,اوليك,أولئك
2889,25,الفرقان,34,10,واضل,وأضل
2890,25,الفرقان,35,2,اتينا,آتينا
2890,25,الفرقان,35,3,موسي,موسى
2890,25,الفرقان,35,7,اخاه,أخاه
2891,25,الفرقان,36,3,الي,إلى
2891,25,الفرقان,36,7,باياتنا,بآياتنا
2892,25,الفرقان,37,6,اغرقناهم,أغرقناهم
2892,25,الفرقان,37,9,ايه,آية
2892,25,الفرقان,37,10,واعتدنا,وأعتدنا
2892,25,الفرقان,37,13,اليما,أليما
2893,25,الفرقان,38,3,واصحاب,وأصحاب
2894,25,الفرقان,39,4,الامثال,الأمثال
2895,25,الفرقان,40,2,اتوا,أتوا
2895,25,الفرقان,40,3,علي,على
2895,25,الفرقان,40,4,القريه,القرية
2895,25,الفرقان,40,6,امطرت,أمطرت
2895,25,الفرقان,40,9,افلم,أفلم
2896,25,الفرقان,41,1,واذا,وإذا
2896,25,الفرقان,41,2,راوك,رأوك
2896,25,الفرقان,41,3,ان,إن
2896,25,الفرقان,41,5,الا,إلا
2896,25,الفرقان,41,7,اهذا,أهذا
2897,25,الفرقان,42,1,ان,إن
2897,25,الفرقان,42,5,الهتنا,آلهتنا
2897,25,الفرقان,42,7,ان,أن
2897,25,الفرقان,42,16,اضل,أضل
2898,25,الفرقان,43,1,ارايت,أرأيت
2898,25,الفرقان,43,4,الهه,إلهه
2898,25,الفرقان,43,6,افانت,أفأنت
2899,25,الفرقان,44,1,ام,أم
2899,25,الفرقان,44,3,ان,أن
2899,25,الفرقان,44,4,اكثرهم,أكثرهم
2899,25,الفرقان,44,6,او,أو
2899,25,الفرقان,44,8,ان,إن
2899,25,الفرقان,44,10,الا,إلا
2899,25,الفرقان,44,11,كالانعام,كالأنعام
2899,25,الفرقان,44,14,اضل,أضل
2900,25,الفرقان,45,1,الم,ألم
2900,25,الفرقان,45,3,الي,إلى
2901,25,الفرقان,46,3,الينا,إلينا
2903,25,الفرقان,48,3,ارسل,أرسل
2903,25,الفرقان,48,9,وانزلنا,وأنزلنا
2904,25,الفرقان,49,3,بلده,بلدة
2904,25,الفرقان,49,8,انعاما,أنعاما
2904,25,الفرقان,49,9,واناسي,وأناسي
2905,25,الفرقان,50,5,فابي,فأبى
2905,25,الفرقان,50,6,اكثر,أكثر
2905,25,الفرقان,50,8,الا,إلا
2906,25,الفرقان,51,2,شينا,شئنا
2906,25,الفرقان,51,6,قريه,قرية
2908,25,الفرقان,53,10,اجاج,أجاج
2910,25,الفرقان,55,12,علي,على
2911,25,الفرقان,56,2,ارسلناك,أرسلناك
2911,25,الفرقان,56,3,الا,إلا
2912,25,الفرقان,57,3,اسالكم,أسألكم
2912,25,الفرقان,57,6,اجر,أجر
2912,25,الفرقان,57,7,الا,إلا
2912,25,الفرقان,57,10,ان,أن
2912,25,الفرقان,57,12,الي,إلى
2913,25,الفرقان,58,2,علي,على
2913,25,الفرقان,58,9,وكفي,وكفى
2914,25,الفرقان,59,4,والارض,والأرض
2914,25,الفرقان,59,8,سته,ستة
2914,25,الفرقان,59,9,ايام,أيام
2914,25,الفرقان,59,11,استوي,استوى
2914,25,الفرقان,59,12,علي,على
2914,25,الفرقان,59,15,فاسال,فاسأل
2915,25,الفرقان,60,1,واذا,وإذا
2915,25,الفرقان,60,9,انسجد,أنسجد
2915,25,الفرقان,60,11,تامرنا,تأمرنا
2917,25,الفرقان,62,6,خلفه,خلفة
2917,25,الفرقان,62,8,اراد,أراد
2917,25,الفرقان,62,9,ان,أن
2917,25,الفرقان,62,11,او,أو
2917,25,الفرقان,62,12,اراد,أراد
2918,25,الفرقان,63,5,علي,على
2918,25,الفرقان,63,6,الارض,الأرض
2918,25,الفرقان,63,8,واذا,وإذا
2920,25,الفرقان,65,8,ان,إن
2921,25,الفرقان,66,1,انها,إنها
2922,25,الفرقان,67,2,اذا,إذا
2922,25,الفرقان,67,3,انفقوا,أنفقوا
2923,25,الفرقان,68,6,الها,إلها
2923,25,الفرقان,68,7,اخر,آخر
2923,25,الفرقان,68,14,الا,إلا
2923,25,الفرقان,68,22,اثاما,أثاما
2924,25,الفرقان,69,5,القيامه,القيامة
2925,25,الفرقان,70,1,الا,إلا
2925,25,الفرقان,70,4,وامن,وآمن
2925,25,الفرقان,70,8,فاوليك,فأولئك
2925,25,الفرقان,70,11,سيياتهم,سيئاتهم
2926,25,الفرقان,71,5,فانه,فإنه
2926,25,الفرقان,71,7,الي,إلى
2927,25,الفرقان,72,5,واذا,وإذا
2928,25,الفرقان,73,2,اذا,إذا
2928,25,الفرقان,73,4,بايات,بآيات
2929,25,الفرقان,74,7,ازواجنا,أزواجنا
2929,25,الفرقان,74,9,قره,قرة
2929,25,الفرقان,74,10,اعين,أعين
2929,25,الفرقان,74,13,اماما,إماما
2930,25,الفرقان,75,1,اوليك,أولئك
2930,25,الفرقان,75,3,الغرفه,الغرفة
2930,25,الفرقان,75,8,تحيه,تحية
2932,25,الفرقان,77,3,يعبا,يعبأ
2932,25,الفرقان,77,7,دعاوكم,دعاؤكم
2934,26,الشعراء,2,2,ايات,آيات
2935,26,الشعراء,3,4,الا,ألا
2935,26,الشعراء,3,6,مومنين,مؤمنين
2936,26,الشعراء,4,1,ان,إن
2936,26,الشعراء,4,2,نشا,نشأ
2936,26,الشعراء,4,7,ايه,آية
2936,26,الشعراء,4,9,اعناقهم,أعناقهم
2937,26,الشعراء,5,2,ياتيهم,يأتيهم
2937,26,الشعراء,5,8,الا,إلا
2938,26,الشعراء,6,3,فسياتيهم,فسيأتيهم
2938,26,الشعراء,6,4,انباء,أنباء
2938,26,الشعراء,6,8,يستهزيون,يستهزئون
2939,26,الشعراء,7,1,اولم,أولم
2939,26,الشعراء,7,3,الي,إلى
2939,26,الشعراء,7,4,الارض,الأرض
2939,26,الشعراء,7,6,انبتنا,أنبتنا
2940,26,الشعراء,8,1,ان,إن
2940,26,الشعراء,8,4,لايه,لآية
2940,26,الشعراء,8,7,اكثرهم,أكثرهم
2940,26,الشعراء,8,8,مومنين,مؤمنين
2941,26,الشعراء,9,1,وان,وإن
2942,26,الشعراء,10,1,واذ,وإذ
2942,26,الشعراء,10,2,نادي,نادى
2942,26,الشعراء,10,4,موسي,موسى
2942,26,الشعراء,10,5,ان,أن
2942,26,الشعراء,10,6,ايت,ائت
2943,26,الشعراء,11,3,الا,ألا
2944,26,الشعراء,12,3,اني,إني
2944,26,الشعراء,12,4,اخاف,أخاف
2944,26,الشعراء,12,5,ان,أن
2945,26,الشعراء,13,6,فارسل,فأرسل
2945,26,الشعراء,13,7,الي,إلى
2946,26,الشعراء,14,4,فاخاف,فأخاف
2946,26,الشعراء,14,5,ان,أن
2947,26,الشعراء,15,4,باياتنا,بآياتنا
2947,26,الشعراء,15,5,انا,إنا
2948,26,الشعراء,16,1,فاتيا,فأتيا
2948,26,الشعراء,16,4,انا,إنا
2949,26,الشعراء,17,1,ان,أن
2949,26,الشعراء,17,2,ارسل,أرسل
2949,26,الشعراء,17,5,اسراييل,إسرائيل
2950,26,الشعراء,18,2,الم,ألم
2951,26,الشعراء,19,5,وانت,وأنت
2952,26,الشعراء,20,3,اذا,إذا
2952,26,الشعراء,20,4,وانا,وأنا
2954,26,الشعراء,22,2,نعمه,نعمة
2954,26,الشعراء,22,5,ان,أن
2954,26,الشعراء,22,8,اسراييل,إسرائيل
2956,26,الشعراء,24,4,والارض,والأرض
2956,26,الشعراء,24,7,ان,إن
2957,26,الشعراء,25,4,الا,ألا
2958,26,الشعراء,26,4,ابايكم,آبائكم
2958,26,الشعراء,26,5,الاولين,الأولين
2959,26,الشعراء,27,2,ان,إن
2959,26,الشعراء,27,5,ارسل,أرسل
2959,26,الشعراء,27,6,اليكم,إليكم
2960,26,الشعراء,28,7,ان,إن
2961,26,الشعراء,29,2,لين,لئن
2961,26,الشعراء,29,4,الها,إلها
2961,26,الشعراء,29,6,لاجعلنك,لأجعلنك
2962,26,الشعراء,30,2,اولو,أولو
2962,26,الشعراء,30,3,جيتك,جئتك
2963,26,الشعراء,31,2,فات,فأت
2963,26,الشعراء,31,4,ان,إن
2964,26,الشعراء,32,1,فالقي,فألقى
2964,26,الشعراء,32,3,فاذا,فإذا
2965,26,الشعراء,33,3,فاذا,فإذا
2966,26,الشعراء,34,2,للملا,للملإ
2966,26,الشعراء,34,4,ان,إن
2967,26,الشعراء,35,2,ان,أن
2967,26,الشعراء,35,5,ارضكم,أرضكم
2967,26,الشعراء,35,8,تامرون,تأمرون
2968,26,الشعراء,36,2,ارجه,أرجه
2968,26,الشعراء,36,3,واخاه,وأخاه
2968,26,الشعراء,36,6,المداين,المدائن
2969,26,الشعراء,37,1,ياتوك,يأتوك
2970,26,الشعراء,38,2,السحره,السحرة
2971,26,الشعراء,39,4,انتم,أنتم
2972,26,الشعراء,40,3,السحره,السحرة
2972,26,الشعراء,40,4,ان,إن
2973,26,الشعراء,41,3,السحره,السحرة
2973,26,الشعراء,41,6,اين,أئن
2973,26,الشعراء,41,8,لاجرا,لأجرا
2973,26,الشعراء,41,9,ان,إن
2974,26,الشعراء,42,3,وانكم,وإنكم
2974,26,الشعراء,42,4,اذا,إذا
2975,26,الشعراء,43,3,موسي,موسى
2975,26,الشعراء,43,4,القوا,ألقوا
2975,26,الشعراء,43,6,انتم,أنتم
2976,26,الشعراء,44,1,فالقوا,فألقوا
2976,26,الشعراء,44,5,بعزه,بعزة
2976,26,الشعراء,44,7,انا,إنا
2977,26,الشعراء,45,1,فالقي,فألقى
2977,26,الشعراء,45,2,موسي,موسى
2977,26,الشعراء,45,4,فاذا,فإذا
2977,26,الشعراء,45,8,يافكون,يأفكون
2978,26,الشعراء,46,1,فالقي,فألقي
2978,26,الشعراء,46,2,السحره,السحرة
2979,26,الشعراء,47,2,امنا,آمنا
2980,26,الشعراء,48,2,موسي,موسى
2981,26,الشعراء,49,2,امنتم,آمنتم
2981,26,الشعراء,49,5,ان,أن
2981,26,الشعراء,49,6,اذن,آذن
2981,26,الشعراء,49,8,انه,إنه
2981,26,الشعراء,49,15,لاقطعن,لأقطعن
2981,26,الشعراء,49,16,ايديكم,أيديكم
2981,26,الشعراء,49,17,وارجلكم,وأرجلكم
2981,26,الشعراء,49,20,ولاصلبنكم,ولأصلبنكم
2981,26,الشعراء,49,21,اجمعين,أجمعين
2982,26,الشعراء,50,4,انا,إنا
2982,26,الشعراء,50,5,الي,إلى
2983,26,الشعراء,51,1,انا,إنا
2983,26,الشعراء,51,3,ان,أن
2983,26,الشعراء,51,8,ان,أن
2983,26,الشعراء,51,10,اول,أول
2983,26,الشعراء,51,11,المومنين,المؤمنين
2984,26,الشعراء,52,1,واوحينا,وأوحينا
2984,26,الشعراء,52,2,الي,إلى
2984,26,الشعراء,52,3,موسي,موسى
2984,26,الشعراء,52,4,ان,أن
2984,26,الشعراء,52,5,اسر,أسر
2984,26,الشعراء,52,7,انكم,إنكم
2985,26,الشعراء,53,1,فارسل,فأرسل
2985,26,الشعراء,53,4,المداين,المدائن
2986,26,الشعراء,54,1,ان,إن
2986,26,الشعراء,54,2,هولاء,هؤلاء
2986,26,الشعراء,54,3,لشرذمه,لشرذمة
2987,26,الشعراء,55,1,وانهم,وإنهم
2987,26,الشعراء,55,3,لغايظون,لغائظون
2988,26,الشعراء,56,1,وانا,وإنا
2989,26,الشعراء,57,1,فاخرجناهم,فأخرجناهم
2991,26,الشعراء,59,2,واورثناها,وأورثناها
2991,26,الشعراء,59,4,اسراييل,إسرائيل
2992,26,الشعراء,60,1,فاتبعوهم,فأتبعوهم
2993,26,الشعراء,61,2,تراءي,تراءى
2993,26,الشعراء,61,5,اصحاب,أصحاب
2993,26,الشعراء,61,6,موسي,موسى
2993,26,الشعراء,61,7,انا,إنا
2994,26,الشعراء,62,3,ان,إن
2995,26,الشعراء,63,1,فاوحينا,فأوحينا
2995,26,الشعراء,63,2,الي,إلى
2995,26,الشعراء,63,3,موسي,موسى
2995,26,الشعراء,63,4,ان,أن
2996,26,الشعراء,64,1,وازلفنا,وأزلفنا
2996,26,الشعراء,64,3,الاخرين,الآخرين
2997,26,الشعراء,65,1,وانجينا,وأنجينا
2997,26,الشعراء,65,2,موسي,موسى
2997,26,الشعراء,65,5,اجمعين,أجمعين
2998,26,الشعراء,66,2,اغرقنا,أغرقنا
2998,26,الشعراء,66,3,الاخرين,الآخرين
2999,26,الشعراء,67,1,ان,إن
2999,26,الشعراء,67,4,لايه,لآية
2999,26,الشعراء,67,7,اكثرهم,أكثرهم
2999,26,الشعراء,67,8,مومنين,مؤمنين
3000,26,الشعراء,68,1,وان,وإن
3001,26,الشعراء,69,3,نبا,نبأ
3001,26,الشعراء,69,4,ابراهيم,إبراهيم
3002,26,الشعراء,70,1,اذ,إذ
3002,26,الشعراء,70,3,لابيه,لأبيه
3003,26,الشعراء,71,3,اصناما,أصناما
3004,26,الشعراء,72,4,اذ,إذ
3005,26,الشعراء,73,1,او,أو
3005,26,الشعراء,73,3,او,أو
3006,26,الشعراء,74,4,اباءنا,آباءنا
3007,26,الشعراء,75,2,افرايتم,أفرأيتم
3008,26,الشعراء,76,1,انتم,أنتم
3008,26,الشعراء,76,2,واباوكم,وآباؤكم
3008,26,الشعراء,76,3,الاقدمون,الأقدمون
3009,26,الشعراء,77,1,فانهم,فإنهم
3009,26,الشعراء,77,4,الا,إلا
3012,26,الشعراء,80,1,واذا,وإذا
3014,26,الشعراء,82,2,اطمع,أطمع
3014,26,الشعراء,82,3,ان,أن
3014,26,الشعراء,82,6,خطييتي,خطيئتي
3015,26,الشعراء,83,5,والحقني,وألحقني
3016,26,الشعراء,84,6,الاخرين,الآخرين
3017,26,الشعراء,85,3,ورثه,ورثة
3017,26,الشعراء,85,4,جنه,جنة
3018,26,الشعراء,86,2,لابي,لأبي
3018,26,الشعراء,86,3,انه,إنه
3021,26,الشعراء,89,1,الا,إلا
3021,26,الشعراء,89,3,اتي,أتى
3022,26,الشعراء,90,1,وازلفت,وأزلفت
3022,26,الشعراء,90,2,الجنه,الجنة
3024,26,الشعراء,92,3,اين,أين
3025,26,الشعراء,93,6,او,أو
3027,26,الشعراء,95,2,ابليس,إبليس
3027,26,الشعراء,95,3,اجمعون,أجمعون
3029,26,الشعراء,97,2,ان,إن
3030,26,الشعراء,98,1,اذ,إذ
3031,26,الشعراء,99,2,اضلنا,أضلنا
3031,26,الشعراء,99,3,الا,إلا
3034,26,الشعراء,102,2,ان,أن
3034,26,الشعراء,102,4,كره,كرة
3034,26,الشعراء,102,7,المومنين,المؤمنين
3035,26,الشعراء,103,1,ان,إن
3035,26,الشعراء,103,4,لايه,لآية
3035,26,الشعراء,103,7,اكثرهم,أكثرهم
3035,26,الشعراء,103,8,مومنين,مؤمنين
3036,26,الشعراء,104,1,وان,وإن
3038,26,الشعراء,106,1,اذ,إذ
3038,26,الشعراء,106,4,اخوهم,أخوهم
3038,26,الشعراء,106,6,الا,ألا
3039,26,الشعراء,107,1,اني,إني
3039,26,الشعراء,107,4,امين,أمين
3040,26,الشعراء,108,3,واطيعون,وأطيعون
3041,26,الشعراء,109,2,اسالكم,أسألكم
3041,26,الشعراء,109,5,اجر,أجر
3041,26,الشعراء,109,6,ان,إن
3041,26,الشعراء,109,7,اجري,أجري
3041,26,الشعراء,109,8,الا,إلا
3041,26,الشعراء,109,9,علي,على
3042,26,الشعراء,110,3,واطيعون,وأطيعون
3043,26,الشعراء,111,2,انومن,أنؤمن
3043,26,الشعراء,111,5,الارذلون,الأرذلون
3045,26,الشعراء,113,1,ان,إن
3045,26,الشعراء,113,3,الا,إلا
3045,26,الشعراء,113,4,علي,على
3046,26,الشعراء,114,2,انا,أنا
3046,26,الشعراء,114,4,المومنين,المؤمنين
3047,26,الشعراء,115,1,ان,إن
3047,26,الشعراء,115,2,انا,أنا
3047,26,الشعراء,115,3,الا,إلا
3048,26,الشعراء,116,2,لين,لئن
3049,26,الشعراء,117,3,ان,إن
3050,26,الشعراء,118,9,المومنين,المؤمنين
3051,26,الشعراء,119,1,فانجيناه,فأنجيناه
3052,26,الشعراء,120,2,اغرقنا,أغرقنا
3053,26,الشعراء,121,1,ان,إن
3053,26,الشعراء,121,4,لايه,لآية
3053,26,الشعراء,121,7,اكثرهم,أكثرهم
3053,26,الشعراء,121,8,مومنين,مؤمنين
3054,26,الشعراء,122,1,وان,وإن
3056,26,الشعراء,124,1,اذ,إذ
3056,26,الشعراء,124,4,اخوهم,أخوهم
3056,26,الشعراء,124,6,الا,ألا
3057,26,الشعراء,125,1,اني,إني
3057,26,الشعراء,125,4,امين,أمين
3058,26,الشعراء,126,3,واطيعون,وأطيعون
3059,26,الشعراء,127,2,اسالكم,أسألكم
3059,26,الشعراء,127,5,اجر,أجر
3059,26,الشعراء,127,6,ان,إن
3059,26,الشعراء,127,7,اجري,أجري
3059,26,الشعراء,127,8,الا,إلا
3059,26,الشعراء,127,9,علي,على
3060,26,الشعراء,128,1,اتبنون,أتبنون
3060,26,الشعراء,128,4,ايه,آية
3062,26,الشعراء,130,1,واذا,وإذا
3063,26,الشعراء,131,3,واطيعون,وأطيعون
3064,26,الشعراء,132,3,امدكم,أمدكم
3065,26,الشعراء,133,1,امدكم,أمدكم
3065,26,الشعراء,133,2,بانعام,بأنعام
3067,26,الشعراء,135,1,اني,إني
3067,26,الشعراء,135,2,اخاف,أخاف
3068,26,الشعراء,136,4,اوعظت,أوعظت
3068,26,الشعراء,136,5,ام,أم
3069,26,الشعراء,137,1,ان,إن
3069,26,الشعراء,137,3,الا,إلا
3069,26,الشعراء,137,5,الاولين,الأولين
3071,26,الشعراء,139,2,فاهلكناهم,فأهلكناهم
3071,26,الشعراء,139,3,ان,إن
3071,26,الشعراء,139,6,لايه,لآية
3071,26,الشعراء,139,9,اكثرهم,أكثرهم
3071,26,الشعراء,139,10,مومنين,مؤمنين
3072,26,الشعراء,140,1,وان,وإن
3074,26,الشعراء,142,1,اذ,إذ
3074,26,الشعراء,142,4,اخوهم,أخوهم
3074,26,الشعراء,142,6,الا,ألا
3075,26,الشعراء,143,1,اني,إني
3075,26,الشعراء,143,4,امين,أمين
3076,26,الشعراء,144,3,واطيعون,وأطيعون
3077,26,الشعراء,145,2,اسالكم,أسألكم
3077,26,الشعراء,145,5,اجر,أجر
3077,26,الشعراء,145,6,ان,إن
3077,26,الشعراء,145,7,اجري,أجري
3077,26,الشعراء,145,8,الا,إلا
3077,26,الشعراء,145,9,علي,على
3078,26,الشعراء,146,1,اتتركون,أتتركون
3078,26,الشعراء,146,5,امنين,آمنين
3082,26,الشعراء,150,3,واطيعون,وأطيعون
3083,26,الشعراء,151,3,امر,أمر
3084,26,الشعراء,152,4,الارض,الأرض
3085,26,الشعراء,153,2,انما,إنما
3085,26,الشعراء,153,3,انت,أنت
3086,26,الشعراء,154,2,انت,أنت
3086,26,الشعراء,154,3,الا,إلا
3086,26,الشعراء,154,6,فات,فأت
3086,26,الشعراء,154,7,بايه,بآية
3086,26,الشعراء,154,8,ان,إن
3087,26,الشعراء,155,3,ناقه,ناقة
3088,26,الشعراء,156,4,فياخذكم,فيأخذكم
3089,26,الشعراء,157,2,فاصبحوا,فأصبحوا
3090,26,الشعراء,158,1,فاخذهم,فأخذهم
3090,26,الشعراء,158,3,ان,إن
3090,26,الشعراء,158,6,لايه,لآية
3090,26,الشعراء,158,9,اكثرهم,أكثرهم
3090,26,الشعراء,158,10,مومنين,مؤمنين
3091,26,الشعراء,159,1,وان,وإن
3093,26,الشعراء,161,1,اذ,إذ
3093,26,الشعراء,161,4,اخوهم,أخوهم
3093,26,الشعراء,161,6,الا,ألا
3094,26,الشعراء,162,1,اني,إني
3094,26,الشعراء,162,4,امين,أمين
3095,26,الشعراء,163,3,واطيعون,وأطيعون
3096,26,الشعراء,164,2,اسالكم,أسألكم
3096,26,الشعراء,164,5,اجر,أجر
3096,26,الشعراء,164,6,ان,إن
3096,26,الشعراء,164,7,اجري,أجري
3096,26,الشعراء,164,8,الا,إلا
3096,26,الشعراء,164,9,علي,على
3097,26,الشعراء,165,1,اتاتون,أتأتون
3098,26,الشعراء,166,7,ازواجكم,أزواجكم
3098,26,الشعراء,166,9,انتم,أنتم
3099,26,الشعراء,167,2,لين,لئن
3100,26,الشعراء,168,2,اني,إني
3101,26,الشعراء,169,3,واهلي,وأهلي
3102,26,الشعراء,170,2,واهله,وأهله
3102,26,الشعراء,170,3,اجمعين,أجمعين
3103,26,الشعراء,171,1,الا,إلا
3104,26,الشعراء,172,3,الاخرين,الآخرين
3105,26,الشعراء,173,1,وامطرنا,وأمطرنا
3106,26,الشعراء,174,1,ان,إن
3106,26,الشعراء,174,4,لايه,لآية
3106,26,الشعراء,174,7,اكثرهم,أكثرهم
3106,26,الشعراء,174,8,مومنين,مؤمنين
3107,26,الشعراء,175,1,وان,وإن
3108,26,الشعراء,176,2,اصحاب,أصحاب
3108,26,الشعراء,176,3,الايكه,الأيكة
3109,26,الشعراء,177,1,اذ,إذ
3109,26,الشعراء,177,5,الا,ألا
3110,26,الشعراء,178,1,اني,إني
3110,26,الشعراء,178,4,امين,أمين
3111,26,الشعراء,179,3,واطيعون,وأطيعون
3112,26,الشعراء,180,2,اسالكم,أسألكم
3112,26,الشعراء,180,5,اجر,أجر
3112,26,الشعراء,180,6,ان,إن
3112,26,الشعراء,180,7,اجري,أجري
3112,26,الشعراء,180,8,الا,إلا
3112,26,الشعراء,180,9,علي,على
3113,26,الشعراء,181,1,اوفوا,أوفوا
3115,26,الشعراء,183,4,اشياءهم,أشياءهم
3115,26,الشعراء,183,8,الارض,الأرض
3116,26,الشعراء,184,4,والجبله,والجبلة
3116,26,الشعراء,184,5,الاولين,الأولين
3117,26,الشعراء,185,2,انما,إنما
3117,26,الشعراء,185,3,انت,أنت
3118,26,الشعراء,186,2,انت,أنت
3118,26,الشعراء,186,3,الا,إلا
3118,26,الشعراء,186,6,وان,وإن
3119,26,الشعراء,187,1,فاسقط,فأسقط
3119,26,الشعراء,187,6,ان,إن
3120,26,الشعراء,188,3,اعلم,أعلم
3121,26,الشعراء,189,2,فاخذهم,فأخذهم
3121,26,الشعراء,189,5,الظله,الظلة
3121,26,الشعراء,189,6,انه,إنه
3122,26,الشعراء,190,1,ان,إن
3122,26,الشعراء,190,4,لايه,لآية
3122,26,الشعراء,190,7,اكثرهم,أكثرهم
3122,26,الشعراء,190,8,مومنين,مؤمنين
3123,26,الشعراء,191,1,وان,وإن
3124,26,الشعراء,192,1,وانه,وإنه
3125,26,الشعراء,193,4,الامين,الأمين
3126,26,الشعراء,194,1,علي,على
3128,26,الشعراء,196,1,وانه,وإنه
3128,26,الشعراء,196,4,الاولين,الأولين
3129,26,الشعراء,197,1,اولم,أولم
3129,26,الشعراء,197,4,ايه,آية
3129,26,الشعراء,197,5,ان,أن
3129,26,الشعراء,197,9,اسراييل,إسرائيل
3130,26,الشعراء,198,3,علي,على
3130,26,الشعراء,198,5,الاعجمين,الأعجمين
3131,26,الشعراء,199,1,فقراه,فقرأه
3131,26,الشعراء,199,6,مومنين,مؤمنين
3133,26,الشعراء,201,2,يومنون,يؤمنون
3133,26,الشعراء,201,4,حتي,حتى
3133,26,الشعراء,201,7,الاليم,الأليم
3134,26,الشعراء,202,1,فياتيهم,فيأتيهم
3134,26,الشعراء,202,2,بغته,بغتة
3136,26,الشعراء,204,1,افبعذابنا,أفبعذابنا
3137,26,الشعراء,205,1,افرايت,أفرأيت
3137,26,الشعراء,205,2,ان,إن
3139,26,الشعراء,207,2,اغني,أغنى
3140,26,الشعراء,208,2,اهلكنا,أهلكنا
3140,26,الشعراء,208,4,قريه,قرية
3140,26,الشعراء,208,5,الا,إلا
3141,26,الشعراء,209,1,ذكري,ذكرى
3144,26,الشعراء,212,1,انهم,إنهم
3145,26,الشعراء,213,5,الها,إلها
3145,26,الشعراء,213,6,اخر,آخر
3146,26,الشعراء,214,1,وانذر,وأنذر
3146,26,الشعراء,214,3,الاقربين,الأقربين
3147,26,الشعراء,215,6,المومنين,المؤمنين
3148,26,الشعراء,216,1,فان,فإن
3148,26,الشعراء,216,4,اني,إني
3149,26,الشعراء,217,2,علي,على
3152,26,الشعراء,220,1,انه,إنه
3153,26,الشعراء,221,2,انبيكم,أنبئكم
3153,26,الشعراء,221,3,علي,على
3154,26,الشعراء,222,2,علي,على
3154,26,الشعراء,222,4,افاك,أفاك
3154,26,الشعراء,222,5,اثيم,أثيم
3155,26,الشعراء,223,3,واكثرهم,وأكثرهم
3157,26,الشعراء,225,1,الم,ألم
3157,26,الشعراء,225,3,انهم,أنهم
3158,26,الشعراء,226,1,وانهم,وأنهم
3159,26,الشعراء,227,1,الا,إلا
3159,26,الشعراء,227,3,امنوا,آمنوا
3159,26,الشعراء,227,17,اي,أي
3160,27,النمل,1,7,ايات,آيات
3160,27,النمل,1,8,القران,القرآن
3161,27,النمل,2,1,هدي,هدى
3161,27,النمل,2,2,وبشري,وبشرى
3161,27,النمل,2,3,للمومنين,للمؤمنين
3162,27,النمل,3,3,الصلاه,الصلاة
3162,27,النمل,3,4,ويوتون,ويؤتون
3162,27,النمل,3,5,الزكاه,الزكاة
3162,27,النمل,3,7,بالاخره,بالآخرة
3163,27,النمل,4,1,ان,إن
3163,27,النمل,4,4,يومنون,يؤمنون
3163,27,النمل,4,5,بالاخره,بالآخرة
3163,27,النمل,4,8,اعمالهم,أعمالهم
3164,27,النمل,5,1,اوليك,أولئك
3164,27,النمل,5,8,الاخره,الآخرة
3164,27,النمل,5,10,الاخسرون,الأخسرون
3165,27,النمل,6,1,وانك,وإنك
3165,27,النمل,6,2,لتلقي,لتلقى
3165,27,النمل,6,3,القران,القرآن
3166,27,النمل,7,1,اذ,إذ
3166,27,النمل,7,3,موسي,موسى
3166,27,النمل,7,4,لاهله,لأهله
3166,27,النمل,7,5,اني,إني
3166,27,النمل,7,6,انست,آنست
3166,27,النمل,7,8,ساتيكم,سآتيكم
3166,27,النمل,7,11,او,أو
3166,27,النمل,7,12,اتيكم,آتيكم
3167,27,النمل,8,4,ان,أن
3168,27,النمل,9,2,موسي,موسى
3168,27,النمل,9,3,انه,إنه
3168,27,النمل,9,4,انا,أنا
3169,27,النمل,10,1,والق,وألق
3169,27,النمل,10,4,راها,رآها
3169,27,النمل,10,6,كانها,كأنها
3169,27,النمل,10,8,ولي,ولى
3169,27,النمل,10,13,موسي,موسى
3169,27,النمل,10,16,اني,إني
3170,27,النمل,11,1,الا,إلا
3170,27,النمل,11,9,فاني,فإني
3171,27,النمل,12,1,وادخل,وأدخل
3171,27,النمل,12,12,ايات,آيات
3171,27,النمل,12,13,الي,إلى
3171,27,النمل,12,16,انهم,إنهم
3172,27,النمل,13,3,اياتنا,آياتنا
3172,27,النمل,13,4,مبصره,مبصرة
3173,27,النمل,14,4,انفسهم,أنفسهم
3173,27,النمل,14,10,عاقبه,عاقبة
3174,27,النمل,15,2,اتينا,آتينا
3174,27,النمل,15,11,علي,على
3174,27,النمل,15,15,المومنين,المؤمنين
3175,27,النمل,16,6,ايها,أيها
3175,27,النمل,16,11,واوتينا,وأوتينا
3175,27,النمل,16,15,ان,إن
3176,27,النمل,17,6,والانس,والإنس
3177,27,النمل,18,1,حتي,حتى
3177,27,النمل,18,2,اذا,إذا
3177,27,النمل,18,3,اتوا,أتوا
3177,27,النمل,18,4,علي,على
3177,27,النمل,18,8,نمله,نملة
3177,27,النمل,18,10,ايها,أيها
3178,27,النمل,19,7,اوزعني,أوزعني
3178,27,النمل,19,8,ان,أن
3178,27,النمل,19,9,اشكر,أشكر
3178,27,النمل,19,12,انعمت,أنعمت
3178,27,النمل,19,14,وعلي,وعلى
3178,27,النمل,19,16,وان,وأن
3178,27,النمل,19,17,اعمل,أعمل
3178,27,النمل,19,20,وادخلني,وأدخلني
3179,27,النمل,20,7,اري,أرى
3179,27,النمل,20,9,ام,أم
3179,27,النمل,20,12,الغايبين,الغائبين
3180,27,النمل,21,1,لاعذبنه,لأعذبنه
3180,27,النمل,21,4,او,أو
3180,27,النمل,21,5,لاذبحنه,لأذبحنه
3180,27,النمل,21,6,او,أو
3180,27,النمل,21,7,لياتيني,ليأتيني
3181,27,النمل,22,5,احطت,أحطت
3181,27,النمل,22,10,وجيتك,وجئتك
3181,27,النمل,22,12,سبا,سبإ
3181,27,النمل,22,13,بنبا,بنبإ
3182,27,النمل,23,1,اني,إني
3182,27,النمل,23,3,امراه,امرأة
3182,27,النمل,23,5,واوتيت,وأوتيت
3183,27,النمل,24,11,اعمالهم,أعمالهم
3184,27,النمل,25,1,الا,ألا
3184,27,النمل,25,9,والارض,والأرض
3185,27,النمل,26,3,اله,إله
3185,27,النمل,26,4,الا,إلا
3186,27,النمل,27,3,اصدقت,أصدقت
3186,27,النمل,27,4,ام,أم
3187,27,النمل,28,4,فالقه,فألقه
3187,27,النمل,28,5,اليهم,إليهم
3188,27,النمل,29,3,ايها,أيها
3188,27,النمل,29,4,الملا,الملأ
3188,27,النمل,29,5,اني,إني
3188,27,النمل,29,6,القي,ألقي
3188,27,النمل,29,7,الي,إلي
3189,27,النمل,30,1,انه,إنه
3189,27,النمل,30,4,وانه,وإنه
3190,27,النمل,31,1,الا,ألا
3190,27,النمل,31,4,واتوني,وأتوني
3191,27,النمل,32,3,ايها,أيها
3191,27,النمل,32,4,الملا,الملأ
3191,27,النمل,32,5,افتوني,أفتوني
3191,27,النمل,32,7,امري,أمري
3191,27,النمل,32,10,قاطعه,قاطعة
3191,27,النمل,32,11,امرا,أمرا
3191,27,النمل,32,12,حتي,حتى
3192,27,النمل,33,3,اولو,أولو
3192,27,النمل,33,4,قوه,قوة
3192,27,النمل,33,5,واولو,وأولو
3192,27,النمل,33,6,باس,بأس
3192,27,النمل,33,8,والامر,والأمر
3192,27,النمل,33,9,اليك,إليك
3192,27,النمل,33,12,تامرين,تأمرين
3193,27,النمل,34,2,ان,إن
3193,27,النمل,34,4,اذا,إذا
3193,27,النمل,34,6,قريه,قرية
3193,27,النمل,34,7,افسدوها,أفسدوها
3193,27,النمل,34,9,اعزه,أعزة
3193,27,النمل,34,10,اهلها,أهلها
3193,27,النمل,34,11,اذله,أذلة
3194,27,النمل,35,1,واني,وإني
3194,27,النمل,35,2,مرسله,مرسلة
3194,27,النمل,35,3,اليهم,إليهم
3194,27,النمل,35,4,بهديه,بهدية
3194,27,النمل,35,5,فناظره,فناظرة
3195,27,النمل,36,5,اتمدونن,أتمدونن
3195,27,النمل,36,8,اتاني,آتاني
3195,27,النمل,36,12,اتاكم,آتاكم
3195,27,النمل,36,14,انتم,أنتم
3196,27,النمل,37,2,اليهم,إليهم
3196,27,النمل,37,3,فلناتينهم,فلنأتينهم
3196,27,النمل,37,11,اذله,أذلة
3197,27,النمل,38,3,ايها,أيها
3197,27,النمل,38,4,الملا,الملأ
3197,27,النمل,38,5,ايكم,أيكم
3197,27,النمل,38,6,ياتيني,يأتيني
3197,27,النمل,38,9,ان,أن
3197,27,النمل,38,10,ياتوني,يأتوني
3198,27,النمل,39,5,انا,أنا
3198,27,النمل,39,6,اتيك,آتيك
3198,27,النمل,39,9,ان,أن
3198,27,النمل,39,13,واني,وإني
3198,27,النمل,39,16,امين,أمين
3199,27,النمل,40,7,انا,أنا
3199,27,النمل,40,8,اتيك,آتيك
3199,27,النمل,40,11,ان,أن
3199,27,النمل,40,13,اليك,إليك
3199,27,النمل,40,16,راه,رآه
3199,27,النمل,40,25,ااشكر,أأشكر
3199,27,النمل,40,26,ام,أم
3199,27,النمل,40,27,اكفر,أكفر
3199,27,النمل,40,30,فانما,فإنما
3199,27,النمل,40,35,فان,فإن
3200,27,النمل,41,6,اتهتدي,أتهتدي
3200,27,النمل,41,7,ام,أم
3201,27,النمل,42,4,اهكذا,أهكذا
3201,27,النمل,42,7,كانه,كأنه
3201,27,النمل,42,9,واوتينا,وأوتينا
3202,27,النمل,43,8,انها,إنها
3203,27,النمل,44,6,راته,رأته
3203,27,النمل,44,8,لجه,لجة
3203,27,النمل,44,13,انه,إنه
3203,27,النمل,44,20,اني,إني
3203,27,النمل,44,23,واسلمت,وأسلمت
3204,27,النمل,45,2,ارسلنا,أرسلنا
3204,27,النمل,45,3,الي,إلى
3204,27,النمل,45,5,اخاهم,أخاهم
3204,27,النمل,45,7,ان,أن
3204,27,النمل,45,10,فاذا,فإذا
3205,27,النمل,46,6,بالسييه,بالسيئة
3205,27,النمل,46,8,الحسنه,الحسنة
3206,27,النمل,47,7,طايركم,طائركم
3206,27,النمل,47,11,انتم,أنتم
3207,27,النمل,48,3,المدينه,المدينة
3207,27,النمل,48,4,تسعه,تسعة
3207,27,النمل,48,8,الارض,الأرض
3208,27,النمل,49,5,واهله,وأهله
3208,27,النمل,49,12,اهله,أهله
3208,27,النمل,49,13,وانا,وإنا
3210,27,النمل,51,4,عاقبه,عاقبة
3210,27,النمل,51,6,انا,أنا
3210,27,النمل,51,9,اجمعين,أجمعين
3211,27,النمل,52,3,خاويه,خاوية
3211,27,النمل,52,6,ان,إن
3211,27,النمل,52,9,لايه,لآية
3212,27,النمل,53,1,وانجينا,وأنجينا
3212,27,النمل,53,3,امنوا,آمنوا
3213,27,النمل,54,2,اذ,إذ
3213,27,النمل,54,5,اتاتون,أتأتون
3213,27,النمل,54,6,الفاحشه,الفاحشة
3213,27,النمل,54,7,وانتم,وأنتم
3214,27,النمل,55,1,اينكم,أئنكم
3214,27,النمل,55,2,لتاتون,لتأتون
3214,27,النمل,55,4,شهوه,شهوة
3214,27,النمل,55,9,انتم,أنتم
3215,27,النمل,56,5,الا,إلا
3215,27,النمل,56,6,ان,أن
3215,27,النمل,56,8,اخرجوا,أخرجوا
3215,27,النمل,56,9,ال,آل
3215,27,النمل,56,13,انهم,إنهم
3215,27,النمل,56,14,اناس,أناس
3216,27,النمل,57,1,فانجيناه,فأنجيناه
3216,27,النمل,57,2,واهله,وأهله
3216,27,النمل,57,3,الا,إلا
3216,27,النمل,57,4,امراته,امرأته
3217,27,النمل,58,1,وامطرنا,وأمطرنا
3218,27,النمل,59,5,علي,على
3218,27,النمل,59,8,اصطفي,اصطفى
3218,27,النمل,59,9,الله,آلله
3218,27,النمل,59,11,اما,أما
3219,27,النمل,60,1,امن,أمن
3219,27,النمل,60,4,والارض,والأرض
3219,27,النمل,60,5,وانزل,وأنزل
3219,27,النمل,60,10,فانبتنا,فأنبتنا
3219,27,النمل,60,12,حدايق,حدائق
3219,27,النمل,60,14,بهجه,بهجة
3219,27,النمل,60,18,ان,أن
3219,27,النمل,60,21,االه,أإله
3220,27,النمل,61,1,امن,أمن
3220,27,النمل,61,3,الارض,الأرض
3220,27,النمل,61,7,انهارا,أنهارا
3220,27,النمل,61,15,االه,أإله
3220,27,النمل,61,19,اكثرهم,أكثرهم
3221,27,النمل,62,1,امن,أمن
3221,27,النمل,62,4,اذا,إذا
3221,27,النمل,62,10,الارض,الأرض
3221,27,النمل,62,11,االه,أإله
3222,27,النمل,63,1,امن,أمن
3222,27,النمل,63,14,االه,أإله
3222,27,النمل,63,17,تعالي,تعالى
3223,27,النمل,64,1,امن,أمن
3223,27,النمل,64,2,يبدا,يبدأ
3223,27,النمل,64,10,والارض,والأرض
3223,27,النمل,64,11,االه,أإله
3223,27,النمل,64,17,ان,إن
3224,27,النمل,65,7,والارض,والأرض
3224,27,النمل,65,9,الا,إلا
3224,27,النمل,65,13,ايان,أيان
3225,27,النمل,66,5,الاخره,الآخرة
3226,27,النمل,67,4,ااذا,أإذا
3226,27,النمل,67,7,واباونا,وآباؤنا
3226,27,النمل,67,8,اينا,أئنا
3227,27,النمل,68,5,واباونا,وآباؤنا
3227,27,النمل,68,8,ان,إن
3227,27,النمل,68,10,الا,إلا
3227,27,النمل,68,11,اساطير,أساطير
3227,27,النمل,68,12,الاولين,الأولين
3228,27,النمل,69,4,الارض,الأرض
3228,27,النمل,69,8,عاقبه,عاقبة
3230,27,النمل,71,2,متي,متى
3230,27,النمل,71,5,ان,إن
3231,27,النمل,72,2,عسي,عسى
3231,27,النمل,72,3,ان,أن
3232,27,النمل,73,1,وان,وإن
3232,27,النمل,73,5,علي,على
3232,27,النمل,73,8,اكثرهم,أكثرهم
3233,27,النمل,74,1,وان,وإن
3234,27,النمل,75,3,غايبه,غائبة
3234,27,النمل,75,6,والارض,والأرض
3234,27,النمل,75,7,الا,إلا
3235,27,النمل,76,1,ان,إن
3235,27,النمل,76,3,القران,القرآن
3235,27,النمل,76,5,علي,على
3235,27,النمل,76,7,اسراييل,إسرائيل
3235,27,النمل,76,8,اكثر,أكثر
3236,27,النمل,77,1,وانه,وإنه
3236,27,النمل,77,2,لهدي,لهدى
3236,27,النمل,77,3,ورحمه,ورحمة
3236,27,النمل,77,4,للمومنين,للمؤمنين
3237,27,النمل,78,1,ان,إن
3238,27,النمل,79,2,علي,على
3238,27,النمل,79,4,انك,إنك
3238,27,النمل,79,5,علي,على
3239,27,النمل,80,1,انك,إنك
3239,27,النمل,80,4,الموتي,الموتى
3239,27,النمل,80,9,اذا,إذا
3240,27,النمل,81,2,انت,أنت
3240,27,النمل,81,7,ان,إن
3240,27,النمل,81,9,الا,إلا
3240,27,النمل,81,11,يومن,يؤمن
3240,27,النمل,81,12,باياتنا,بآياتنا
3241,27,النمل,82,1,واذا,وإذا
3241,27,النمل,82,5,اخرجنا,أخرجنا
3241,27,النمل,82,7,دابه,دابة
3241,27,النمل,82,9,الارض,الأرض
3241,27,النمل,82,11,ان,أن
3241,27,النمل,82,14,باياتنا,بآياتنا
3242,27,النمل,83,5,امه,أمة
3242,27,النمل,83,9,باياتنا,بآياتنا
3243,27,النمل,84,1,حتي,حتى
3243,27,النمل,84,2,اذا,إذا
3243,27,النمل,84,5,اكذبتم,أكذبتم
3243,27,النمل,84,6,باياتي,بآياتي
3243,27,النمل,84,11,اماذا,أماذا
3245,27,النمل,86,1,الم,ألم
3245,27,النمل,86,3,انا,أنا
3245,27,النمل,86,10,ان,إن
3245,27,النمل,86,13,لايات,لآيات
3245,27,النمل,86,15,يومنون,يؤمنون
3246,27,النمل,87,11,الارض,الأرض
3246,27,النمل,87,12,الا,إلا
3246,27,النمل,87,17,اتوه,أتوه
3247,27,النمل,88,1,وتري,وترى
3247,27,النمل,88,4,جامده,جامدة
3247,27,النمل,88,12,اتقن,أتقن
3247,27,النمل,88,15,انه,إنه
3248,27,النمل,89,3,بالحسنه,بالحسنة
3248,27,النمل,89,10,يوميذ,يومئذ
3248,27,النمل,89,11,امنون,آمنون
3249,27,النمل,90,3,بالسييه,بالسيئة
3249,27,النمل,90,10,الا,إلا
3250,27,النمل,91,1,انما,إنما
3250,27,النمل,91,2,امرت,أمرت
3250,27,النمل,91,3,ان,أن
3250,27,النمل,91,4,اعبد,أعبد
3250,27,النمل,91,7,البلده,البلدة
3250,27,النمل,91,13,وامرت,وأمرت
3250,27,النمل,91,14,ان,أن
3250,27,النمل,91,15,اكون,أكون
3251,27,النمل,92,1,وان,وأن
3251,27,النمل,92,2,اتلو,أتلو
3251,27,النمل,92,3,القران,القرآن
3251,27,النمل,92,5,اهتدي,اهتدى
3251,27,النمل,92,6,فانما,فإنما
3251,27,النمل,92,12,انما,إنما
3251,27,النمل,92,13,انا,أنا
3252,27,النمل,93,5,اياته,آياته
3254,28,القصص,2,2,ايات,آيات
3255,28,القصص,3,4,نبا,نبإ
3255,28,القصص,3,5,موسي,موسى
3255,28,القصص,3,9,يومنون,يؤمنون
3256,28,القصص,4,1,ان,إن
3256,28,القصص,4,5,الارض,الأرض
3256,28,القصص,4,7,اهلها,أهلها
3256,28,القصص,4,10,طايفه,طائفة
3256,28,القصص,4,13,ابناءهم,أبناءهم
3256,28,القصص,4,16,انه,إنه
3257,28,القصص,5,2,ان,أن
3257,28,القصص,5,4,علي,على
3257,28,القصص,5,8,الارض,الأرض
3257,28,القصص,5,10,ايمه,أئمة
3258,28,القصص,6,4,الارض,الأرض
3259,28,القصص,7,1,واوحينا,وأوحينا
3259,28,القصص,7,2,الي,إلى
3259,28,القصص,7,3,ام,أم
3259,28,القصص,7,4,موسي,موسى
3259,28,القصص,7,5,ان,أن
3259,28,القصص,7,6,ارضعيه,أرضعيه
3259,28,القصص,7,7,فاذا,فإذا
3259,28,القصص,7,10,فالقيه,فألقيه
3259,28,القصص,7,17,انا,إنا
3259,28,القصص,7,19,اليك,إليك
3260,28,القصص,8,2,ال,آل
3260,28,القصص,8,8,ان,إن
3260,28,القصص,8,13,خاطيين,خاطئين
3261,28,القصص,9,2,امرات,امرأت
3261,28,القصص,9,10,عسي,عسى
3261,28,القصص,9,11,ان,أن
3261,28,القصص,9,13,او,أو
3262,28,القصص,10,1,واصبح,وأصبح
3262,28,القصص,10,2,فواد,فؤاد
3262,28,القصص,10,3,ام,أم
3262,28,القصص,10,4,موسي,موسى
3262,28,القصص,10,6,ان,إن
3262,28,القصص,10,11,ان,أن
3262,28,القصص,10,13,علي,على
3262,28,القصص,10,17,المومنين,المؤمنين
3263,28,القصص,11,2,لاخته,لأخته
3264,28,القصص,12,8,ادلكم,أدلكم
3264,28,القصص,12,9,علي,على
3264,28,القصص,12,10,اهل,أهل
3265,28,القصص,13,2,الي,إلى
3265,28,القصص,13,3,امه,أمه
3265,28,القصص,13,10,ان,أن
3265,28,القصص,13,15,اكثرهم,أكثرهم
3266,28,القصص,14,3,اشده,أشده
3266,28,القصص,14,4,واستوي,واستوى
3266,28,القصص,14,5,اتيناه,آتيناه
3267,28,القصص,15,2,المدينه,المدينة
3267,28,القصص,15,3,علي,على
3267,28,القصص,15,5,غفله,غفلة
3267,28,القصص,15,7,اهلها,أهلها
3267,28,القصص,15,22,علي,على
3267,28,القصص,15,27,موسي,موسى
3267,28,القصص,15,28,فقضي,فقضى
3267,28,القصص,15,35,انه,إنه
3268,28,القصص,16,3,اني,إني
3268,28,القصص,16,10,انه,إنه
3269,28,القصص,17,4,انعمت,أنعمت
3269,28,القصص,17,7,اكون,أكون
3270,28,القصص,18,1,فاصبح,فأصبح
3270,28,القصص,18,3,المدينه,المدينة
3270,28,القصص,18,4,خايفا,خائفا
3270,28,القصص,18,6,فاذا,فإذا
3270,28,القصص,18,9,بالامس,بالأمس
3270,28,القصص,18,13,موسي,موسى
3270,28,القصص,18,14,انك,إنك
3271,28,القصص,19,2,ان,أن
3271,28,القصص,19,3,اراد,أراد
3271,28,القصص,19,4,ان,أن
3271,28,القصص,19,12,موسي,موسى
3271,28,القصص,19,13,اتريد,أتريد
3271,28,القصص,19,14,ان,أن
3271,28,القصص,19,19,بالامس,بالأمس
3271,28,القصص,19,20,ان,إن
3271,28,القصص,19,22,الا,إلا
3271,28,القصص,19,23,ان,أن
3271,28,القصص,19,27,الارض,الأرض
3271,28,القصص,19,30,ان,أن
3272,28,القصص,20,4,اقصي,أقصى
3272,28,القصص,20,5,المدينه,المدينة
3272,28,القصص,20,6,يسعي,يسعى
3272,28,القصص,20,9,موسي,موسى
3272,28,القصص,20,10,ان,إن
3272,28,القصص,20,11,الملا,الملأ
3272,28,القصص,20,12,ياتمرون,يأتمرون
3272,28,القصص,20,16,اني,إني
3273,28,القصص,21,3,خايفا,خائفا
3274,28,القصص,22,6,عسي,عسى
3274,28,القصص,22,8,ان,أن
3275,28,القصص,23,7,امه,أمة
3275,28,القصص,23,14,امراتين,امرأتين
3275,28,القصص,23,22,حتي,حتى
3275,28,القصص,23,25,وابونا,وأبونا
3276,28,القصص,24,1,فسقي,فسقى
3276,28,القصص,24,4,تولي,تولى
3276,28,القصص,24,5,الي,إلى
3276,28,القصص,24,9,اني,إني
3276,28,القصص,24,11,انزلت,أنزلت
3276,28,القصص,24,12,الي,إلي
3277,28,القصص,25,2,احداهما,إحداهما
3277,28,القصص,25,4,علي,على
3277,28,القصص,25,7,ان,إن
3277,28,القصص,25,8,ابي,أبي
3277,28,القصص,25,11,اجر,أجر
3278,28,القصص,26,2,احداهما,إحداهما
3278,28,القصص,26,4,ابت,أبت
3278,28,القصص,26,5,استاجره,استأجره
3278,28,القصص,26,6,ان,إن
3278,28,القصص,26,9,استاجرت,استأجرت
3278,28,القصص,26,11,الامين,الأمين
3279,28,القصص,27,2,اني,إني
3279,28,القصص,27,3,اريد,أريد
3279,28,القصص,27,4,ان,أن
3279,28,القصص,27,5,انكحك,أنكحك
3279,28,القصص,27,6,احدي,إحدى
3279,28,القصص,27,9,علي,على
3279,28,القصص,27,10,ان,أن
3279,28,القصص,27,11,تاجرني,تأجرني
3279,28,القصص,27,14,فان,فإن
3279,28,القصص,27,15,اتممت,أتممت
3279,28,القصص,27,20,اريد,أريد
3279,28,القصص,27,21,ان,أن
3279,28,القصص,27,22,اشق,أشق
3279,28,القصص,27,25,ان,إن
3280,28,القصص,28,5,ايما,أيما
3280,28,القصص,28,6,الاجلين,الأجلين
3280,28,القصص,28,12,علي,على
3281,28,القصص,29,2,قضي,قضى
3281,28,القصص,29,3,موسي,موسى
3281,28,القصص,29,4,الاجل,الأجل
3281,28,القصص,29,6,باهله,بأهله
3281,28,القصص,29,7,انس,آنس
3281,28,القصص,29,13,لاهله,لأهله
3281,28,القصص,29,15,اني,إني
3281,28,القصص,29,16,انست,آنست
3281,28,القصص,29,19,اتيكم,آتيكم
3281,28,القصص,29,22,او,أو
3281,28,القصص,29,23,جذوه,جذوة
3282,28,القصص,30,2,اتاها,أتاها
3282,28,القصص,30,5,شاطي,شاطئ
3282,28,القصص,30,7,الايمن,الأيمن
3282,28,القصص,30,9,البقعه,البقعة
3282,28,القصص,30,10,المباركه,المباركة
3282,28,القصص,30,12,الشجره,الشجرة
3282,28,القصص,30,13,ان,أن
3282,28,القصص,30,15,موسي,موسى
3282,28,القصص,30,16,اني,إني
3282,28,القصص,30,17,انا,أنا
3283,28,القصص,31,1,وان,وأن
3283,28,القصص,31,2,الق,ألق
3283,28,القصص,31,5,راها,رآها
3283,28,القصص,31,7,كانها,كأنها
3283,28,القصص,31,9,ولي,ولى
3283,28,القصص,31,14,موسي,موسى
3283,28,القصص,31,15,اقبل,أقبل
3283,28,القصص,31,18,انك,إنك
3283,28,القصص,31,20,الامنين,الآمنين
3284,28,القصص,32,11,اليك,إليك
3284,28,القصص,32,19,الي,إلى
3284,28,القصص,32,21,ومليه,وملئه
3284,28,القصص,32,22,انهم,إنهم
3285,28,القصص,33,3,اني,إني
3285,28,القصص,33,7,فاخاف,فأخاف
3285,28,القصص,33,8,ان,أن
3286,28,القصص,34,1,واخي,وأخي
3286,28,القصص,34,4,افصح,أفصح
3286,28,القصص,34,7,فارسله,فأرسله
3286,28,القصص,34,11,اني,إني
3286,28,القصص,34,12,اخاف,أخاف
3286,28,القصص,34,13,ان,أن
3287,28,القصص,35,4,باخيك,بأخيك
3287,28,القصص,35,10,اليكما,إليكما
3287,28,القصص,35,11,باياتنا,بآياتنا
3287,28,القصص,35,12,انتما,أنتما
3288,28,القصص,36,3,موسي,موسى
3288,28,القصص,36,4,باياتنا,بآياتنا
3288,28,القصص,36,9,الا,إلا
3288,28,القصص,36,11,مفتري,مفترى
3288,28,القصص,36,16,اباينا,آبائنا
3288,28,القصص,36,17,الاولين,الأولين
3289,28,القصص,37,2,موسي,موسى
3289,28,القصص,37,4,اعلم,أعلم
3289,28,القصص,37,7,بالهدي,بالهدى
3289,28,القصص,37,13,عاقبه,عاقبة
3289,28,القصص,37,15,انه,إنه
3290,28,القصص,38,4,ايها,أيها
3290,28,القصص,38,5,الملا,الملأ
3290,28,القصص,38,10,اله,إله
3290,28,القصص,38,12,فاوقد,فأوقد
3290,28,القصص,38,16,علي,على
3290,28,القصص,38,22,اطلع,أطلع
3290,28,القصص,38,23,الي,إلى
3290,28,القصص,38,24,اله,إله
3290,28,القصص,38,25,موسي,موسى
3290,28,القصص,38,26,واني,وإني
3290,28,القصص,38,27,لاظنه,لأظنه
3291,28,القصص,39,5,الارض,الأرض
3291,28,القصص,39,9,انهم,أنهم
3291,28,القصص,39,10,الينا,إلينا
3292,28,القصص,40,1,فاخذناه,فأخذناه
3292,28,القصص,40,9,عاقبه,عاقبة
3293,28,القصص,41,2,ايمه,أئمة
3293,28,القصص,41,4,الي,إلى
3293,28,القصص,41,7,القيامه,القيامة
3294,28,القصص,42,1,واتبعناهم,وأتبعناهم
3294,28,القصص,42,5,لعنه,لعنة
3294,28,القصص,42,7,القيامه,القيامة
3295,28,القصص,43,2,اتينا,آتينا
3295,28,القصص,43,3,موسي,موسى
3295,28,القصص,43,8,اهلكنا,أهلكنا
3295,28,القصص,43,10,الاولي,الأولى
3295,28,القصص,43,11,بصاير,بصائر
3295,28,القصص,43,13,وهدي,وهدى
3295,28,القصص,43,14,ورحمه,ورحمة
3296,28,القصص,44,5,اذ,إذ
3296,28,القصص,44,7,الي,إلى
3296,28,القصص,44,8,موسي,موسى
3296,28,القصص,44,9,الامر,الأمر
3297,28,القصص,45,2,انشانا,أنشأنا
3297,28,القصص,45,11,اهل,أهل
3297,28,القصص,45,15,اياتنا,آياتنا
3298,28,القصص,46,5,اذ,إذ
3298,28,القصص,46,8,رحمه,رحمة
3298,28,القصص,46,14,اتاهم,أتاهم
3299,28,القصص,47,2,ان,أن
3299,28,القصص,47,4,مصيبه,مصيبة
3299,28,القصص,47,7,ايديهم,أيديهم
3299,28,القصص,47,11,ارسلت,أرسلت
3299,28,القصص,47,12,الينا,إلينا
3299,28,القصص,47,15,اياتك,آياتك
3299,28,القصص,47,18,المومنين,المؤمنين
3300,28,القصص,48,8,اوتي,أوتي
3300,28,القصص,48,11,اوتي,أوتي
3300,28,القصص,48,12,موسي,موسى
3300,28,القصص,48,13,اولم,أولم
3300,28,القصص,48,16,اوتي,أوتي
3300,28,القصص,48,17,موسي,موسى
3300,28,القصص,48,24,انا,إنا
3301,28,القصص,49,2,فاتوا,فأتوا
3301,28,القصص,49,8,اهدي,أهدى
3301,28,القصص,49,10,اتبعه,أتبعه
3301,28,القصص,49,11,ان,إن
3302,28,القصص,50,1,فان,فإن
3302,28,القصص,50,6,انما,أنما
3302,28,القصص,50,8,اهواءهم,أهواءهم
3302,28,القصص,50,10,اضل,أضل
3302,28,القصص,50,15,هدي,هدى
3302,28,القصص,50,18,ان,إن
3304,28,القصص,52,2,اتيناهم,آتيناهم
3304,28,القصص,52,8,يومنون,يؤمنون
3305,28,القصص,53,1,واذا,وإذا
3305,28,القصص,53,2,يتلي,يتلى
3305,28,القصص,53,5,امنا,آمنا
3305,28,القصص,53,7,انه,إنه
3305,28,القصص,53,11,انا,إنا
3306,28,القصص,54,1,اوليك,أولئك
3306,28,القصص,54,2,يوتون,يؤتون
3306,28,القصص,54,3,اجرهم,أجرهم
3306,28,القصص,54,8,بالحسنه,بالحسنة
3306,28,القصص,54,9,السييه,السيئة
3307,28,القصص,55,1,واذا,وإذا
3307,28,القصص,55,4,اعرضوا,أعرضوا
3307,28,القصص,55,8,اعمالنا,أعمالنا
3307,28,القصص,55,10,اعمالكم,أعمالكم
3308,28,القصص,56,1,انك,إنك
3308,28,القصص,56,5,احببت,أحببت
3308,28,القصص,56,12,اعلم,أعلم
3309,28,القصص,57,2,ان,إن
3309,28,القصص,57,4,الهدي,الهدى
3309,28,القصص,57,8,ارضنا,أرضنا
3309,28,القصص,57,9,اولم,أولم
3309,28,القصص,57,13,امنا,آمنا
3309,28,القصص,57,14,يجبي,يجبى
3309,28,القصص,57,15,اليه,إليه
3309,28,القصص,57,23,اكثرهم,أكثرهم
3310,28,القصص,58,2,اهلكنا,أهلكنا
3310,28,القصص,58,4,قريه,قرية
3310,28,القصص,58,13,الا,إلا
3311,28,القصص,59,5,القري,القرى
3311,28,القصص,59,6,حتي,حتى
3311,28,القصص,59,9,امها,أمها
3311,28,القصص,59,13,اياتنا,آياتنا
3311,28,القصص,59,17,القري,القرى
3311,28,القصص,59,18,الا,إلا
3311,28,القصص,59,19,واهلها,وأهلها
3312,28,القصص,60,2,اوتيتم,أوتيتم
3312,28,القصص,60,6,الحياه,الحياة
3312,28,القصص,60,13,وابقي,وأبقى
3312,28,القصص,60,14,افلا,أفلا
3313,28,القصص,61,1,افمن,أفمن
3313,28,القصص,61,10,الحياه,الحياة
3313,28,القصص,61,15,القيامه,القيامة
3314,28,القصص,62,4,اين,أين
3314,28,القصص,62,5,شركايي,شركائي
3315,28,القصص,63,7,هولاء,هؤلاء
3315,28,القصص,63,9,اغوينا,أغوينا
3315,28,القصص,63,10,اغويناهم,أغويناهم
3315,28,القصص,63,13,تبرانا,تبرأنا
3315,28,القصص,63,14,اليك,إليك
3315,28,القصص,63,17,ايانا,إيانا
3316,28,القصص,64,8,وراوا,ورأوا
3316,28,القصص,64,11,انهم,أنهم
3317,28,القصص,65,5,اجبتم,أجبتم
3318,28,القصص,66,3,الانباء,الأنباء
3318,28,القصص,66,4,يوميذ,يومئذ
3319,28,القصص,67,1,فاما,فأما
3319,28,القصص,67,4,وامن,وآمن
3319,28,القصص,67,7,فعسي,فعسى
3319,28,القصص,67,8,ان,أن
3320,28,القصص,68,9,الخيره,الخيرة
3320,28,القصص,68,12,وتعالي,وتعالى
3322,28,القصص,70,4,اله,إله
3322,28,القصص,70,5,الا,إلا
3322,28,القصص,70,10,الاولي,الأولى
3322,28,القصص,70,11,والاخره,والآخرة
3322,28,القصص,70,14,واليه,وإليه
3323,28,القصص,71,2,ارايتم,أرأيتم
3323,28,القصص,71,3,ان,إن
3323,28,القصص,71,9,الي,إلى
3323,28,القصص,71,11,القيامه,القيامة
3323,28,القصص,71,13,اله,إله
3323,28,القصص,71,16,ياتيكم,يأتيكم
3323,28,القصص,71,18,افلا,أفلا
3324,28,القصص,72,2,ارايتم,أرأيتم
3324,28,القصص,72,3,ان,إن
3324,28,القصص,72,9,الي,إلى
3324,28,القصص,72,11,القيامه,القيامة
3324,28,القصص,72,13,اله,إله
3324,28,القصص,72,16,ياتيكم,يأتيكم
3324,28,القصص,72,20,افلا,أفلا
3326,28,القصص,74,4,اين,أين
3326,28,القصص,74,5,شركايي,شركائي
3327,28,القصص,75,4,امه,أمة
3327,28,القصص,75,10,ان,أن
3328,28,القصص,76,1,ان,إن
3328,28,القصص,76,6,موسي,موسى
3328,28,القصص,76,7,فبغي,فبغى
3328,28,القصص,76,9,واتيناه,وآتيناه
3328,28,القصص,76,13,ان,إن
3328,28,القصص,76,16,بالعصبه,بالعصبة
3328,28,القصص,76,17,اولي,أولي
3328,28,القصص,76,18,القوه,القوة
3328,28,القصص,76,19,اذ,إذ
3328,28,القصص,76,25,ان,إن
3329,28,القصص,77,3,اتاك,آتاك
3329,28,القصص,77,6,الاخره,الآخرة
3329,28,القصص,77,12,واحسن,وأحسن
3329,28,القصص,77,14,احسن,أحسن
3329,28,القصص,77,16,اليك,إليك
3329,28,القصص,77,21,الارض,الأرض
3329,28,القصص,77,22,ان,إن
3330,28,القصص,78,2,انما,إنما
3330,28,القصص,78,3,اوتيته,أوتيته
3330,28,القصص,78,4,علي,على
3330,28,القصص,78,7,اولم,أولم
3330,28,القصص,78,9,ان,أن
3330,28,القصص,78,12,اهلك,أهلك
3330,28,القصص,78,19,اشد,أشد
3330,28,القصص,78,21,قوه,قوة
3330,28,القصص,78,22,واكثر,وأكثر
3330,28,القصص,78,25,يسال,يسأل
3331,28,القصص,79,2,علي,على
3331,28,القصص,79,9,الحياه,الحياة
3331,28,القصص,79,16,اوتي,أوتي
3331,28,القصص,79,18,انه,إنه
3332,28,القصص,80,3,اوتوا,أوتوا
3332,28,القصص,80,10,امن,آمن
3332,28,القصص,80,15,الا,إلا
3333,28,القصص,81,4,الارض,الأرض
3333,28,القصص,81,9,فيه,فئة
3334,28,القصص,82,1,واصبح,وأصبح
3334,28,القصص,82,5,بالامس,بالأمس
3334,28,القصص,82,7,ويكان,ويكأن
3334,28,القصص,82,17,ان,أن
3334,28,القصص,82,23,ويكانه,ويكأنه
3335,28,القصص,83,3,الاخره,الآخرة
3335,28,القصص,83,10,الارض,الأرض
3335,28,القصص,83,13,والعاقبه,والعاقبة
3336,28,القصص,84,3,بالحسنه,بالحسنة
3336,28,القصص,84,9,بالسييه,بالسيئة
3336,28,القصص,84,11,يجزي,يجزى
3336,28,القصص,84,14,السييات,السيئات
3336,28,القصص,84,15,الا,إلا
3337,28,القصص,85,1,ان,إن
3337,28,القصص,85,5,القران,القرآن
3337,28,القصص,85,7,الي,إلى
3337,28,القصص,85,11,اعلم,أعلم
3337,28,القصص,85,14,بالهدي,بالهدى
3338,28,القصص,86,4,ان,أن
3338,28,القصص,86,5,يلقي,يلقى
3338,28,القصص,86,6,اليك,إليك
3338,28,القصص,86,8,الا,إلا
3338,28,القصص,86,9,رحمه,رحمة
3339,28,القصص,87,4,ايات,آيات
3339,28,القصص,87,7,اذ,إذ
3339,28,القصص,87,8,انزلت,أنزلت
3339,28,القصص,87,9,اليك,إليك
3339,28,القصص,87,11,الي,إلى
3340,28,القصص,88,5,الها,إلها
3340,28,القصص,88,6,اخر,آخر
3340,28,القصص,88,8,اله,إله
3340,28,القصص,88,9,الا,إلا
3340,28,القصص,88,14,الا,إلا
3340,28,القصص,88,18,واليه,وإليه
3342,29,العنكبوت,2,1,احسب,أحسب
3342,29,العنكبوت,2,3,ان,أن
3342,29,العنكبوت,2,5,ان,أن
3342,29,العنكبوت,2,7,امنا,آمنا
3344,29,العنكبوت,4,1,ام,أم
3344,29,العنكبوت,4,5,السييات,السيئات
3344,29,العنكبوت,4,6,ان,أن
3345,29,العنكبوت,5,6,فان,فإن
3345,29,العنكبوت,5,7,اجل,أجل
3345,29,العنكبوت,5,9,لات,لآت
3346,29,العنكبوت,6,3,فانما,فإنما
3346,29,العنكبوت,6,6,ان,إن
3347,29,العنكبوت,7,2,امنوا,آمنوا
3347,29,العنكبوت,7,7,سيياتهم,سيئاتهم
3347,29,العنكبوت,7,9,احسن,أحسن
3348,29,العنكبوت,8,2,الانسان,الإنسان
3348,29,العنكبوت,8,5,وان,وإن
3348,29,العنكبوت,8,16,الي,إلي
3348,29,العنكبوت,8,18,فانبيكم,فأنبئكم
3349,29,العنكبوت,9,2,امنوا,آمنوا
3350,29,العنكبوت,10,5,امنا,آمنا
3350,29,العنكبوت,10,7,فاذا,فإذا
3350,29,العنكبوت,10,8,اوذي,أوذي
3350,29,العنكبوت,10,12,فتنه,فتنة
3350,29,العنكبوت,10,16,ولين,ولئن
3350,29,العنكبوت,10,22,انا,إنا
3350,29,العنكبوت,10,25,اوليس,أوليس
3350,29,العنكبوت,10,27,باعلم,بأعلم
3351,29,العنكبوت,11,4,امنوا,آمنوا
3352,29,العنكبوت,12,5,امنوا,آمنوا
3352,29,العنكبوت,12,17,انهم,إنهم
3353,29,العنكبوت,13,2,اثقالهم,أثقالهم
3353,29,العنكبوت,13,3,واثقالا,وأثقالا
3353,29,العنكبوت,13,5,اثقالهم,أثقالهم
3353,29,العنكبوت,13,6,وليسالن,وليسألن
3353,29,العنكبوت,13,8,القيامه,القيامة
3354,29,العنكبوت,14,2,ارسلنا,أرسلنا
3354,29,العنكبوت,14,4,الي,إلى
3354,29,العنكبوت,14,8,الف,ألف
3354,29,العنكبوت,14,9,سنه,سنة
3354,29,العنكبوت,14,10,الا,إلا
3354,29,العنكبوت,14,13,فاخذهم,فأخذهم
3355,29,العنكبوت,15,1,فانجيناه,فأنجيناه
3355,29,العنكبوت,15,2,واصحاب,وأصحاب
3355,29,العنكبوت,15,3,السفينه,السفينة
3355,29,العنكبوت,15,5,ايه,آية
3356,29,العنكبوت,16,1,وابراهيم,وإبراهيم
3356,29,العنكبوت,16,2,اذ,إذ
3356,29,العنكبوت,16,11,ان,إن
3357,29,العنكبوت,17,1,انما,إنما
3357,29,العنكبوت,17,6,اوثانا,أوثانا
3357,29,العنكبوت,17,8,افكا,إفكا
3357,29,العنكبوت,17,9,ان,إن
3357,29,العنكبوت,17,26,اليه,إليه
3358,29,العنكبوت,18,1,وان,وإن
3358,29,العنكبوت,18,5,امم,أمم
3358,29,العنكبوت,18,9,علي,على
3358,29,العنكبوت,18,11,الا,إلا
3359,29,العنكبوت,19,1,اولم,أولم
3359,29,العنكبوت,19,4,يبدي,يبدئ
3359,29,العنكبوت,19,9,ان,إن
3359,29,العنكبوت,19,11,علي,على
3360,29,العنكبوت,20,4,الارض,الأرض
3360,29,العنكبوت,20,7,بدا,بدأ
3360,29,العنكبوت,20,11,ينشي,ينشئ
3360,29,العنكبوت,20,12,النشاه,النشأة
3360,29,العنكبوت,20,13,الاخره,الآخرة
3360,29,العنكبوت,20,14,ان,إن
3360,29,العنكبوت,20,16,علي,على
3361,29,العنكبوت,21,7,واليه,وإليه
3362,29,العنكبوت,22,2,انتم,أنتم
3362,29,العنكبوت,22,5,الارض,الأرض
3363,29,العنكبوت,23,3,بايات,بآيات
3363,29,العنكبوت,23,5,ولقايه,ولقائه
3363,29,العنكبوت,23,6,اوليك,أولئك
3363,29,العنكبوت,23,7,ييسوا,يئسوا
3363,29,العنكبوت,23,10,واوليك,وأولئك
3363,29,العنكبوت,23,13,اليم,أليم
3364,29,العنكبوت,24,5,الا,إلا
3364,29,العنكبوت,24,6,ان,أن
3364,29,العنكبوت,24,9,او,أو
3364,29,العنكبوت,24,11,فانجاه,فأنجاه
3364,29,العنكبوت,24,15,ان,إن
3364,29,العنكبوت,24,18,لايات,لآيات
3364,29,العنكبوت,24,20,يومنون,يؤمنون
3365,29,العنكبوت,25,2,انما,إنما
3365,29,العنكبوت,25,7,اوثانا,أوثانا
3365,29,العنكبوت,25,8,موده,مودة
3365,29,العنكبوت,25,11,الحياه,الحياة
3365,29,العنكبوت,25,15,القيامه,القيامة
3365,29,العنكبوت,25,22,وماواكم,ومأواكم
3366,29,العنكبوت,26,1,فامن,فآمن
3366,29,العنكبوت,26,5,اني,إني
3366,29,العنكبوت,26,7,الي,إلى
3366,29,العنكبوت,26,9,انه,إنه
3367,29,العنكبوت,27,3,اسحاق,إسحاق
3367,29,العنكبوت,27,8,النبوه,النبوة
3367,29,العنكبوت,27,10,واتيناه,وآتيناه
3367,29,العنكبوت,27,11,اجره,أجره
3367,29,العنكبوت,27,14,وانه,وإنه
3367,29,العنكبوت,27,16,الاخره,الآخرة
3368,29,العنكبوت,28,2,اذ,إذ
3368,29,العنكبوت,28,5,انكم,إنكم
3368,29,العنكبوت,28,6,لتاتون,لتأتون
3368,29,العنكبوت,28,7,الفاحشه,الفاحشة
3368,29,العنكبوت,28,12,احد,أحد
3369,29,العنكبوت,29,1,اينكم,أئنكم
3369,29,العنكبوت,29,2,لتاتون,لتأتون
3369,29,العنكبوت,29,6,وتاتون,وتأتون
3369,29,العنكبوت,29,14,الا,إلا
3369,29,العنكبوت,29,15,ان,أن
3369,29,العنكبوت,29,17,ايتنا,ائتنا
3369,29,العنكبوت,29,20,ان,إن
3370,29,العنكبوت,30,4,علي,على
3371,29,العنكبوت,31,4,ابراهيم,إبراهيم
3371,29,العنكبوت,31,5,بالبشري,بالبشرى
3371,29,العنكبوت,31,7,انا,إنا
3371,29,العنكبوت,31,9,اهل,أهل
3371,29,العنكبوت,31,11,القريه,القرية
3371,29,العنكبوت,31,12,ان,إن
3371,29,العنكبوت,31,13,اهلها,أهلها
3372,29,العنكبوت,32,2,ان,إن
3372,29,العنكبوت,32,7,اعلم,أعلم
3372,29,العنكبوت,32,11,واهله,وأهله
3372,29,العنكبوت,32,12,الا,إلا
3372,29,العنكبوت,32,13,امراته,امرأته
3373,29,العنكبوت,33,2,ان,أن
3373,29,العنكبوت,33,16,انا,إنا
3373,29,العنكبوت,33,18,واهلك,وأهلك
3373,29,العنكبوت,33,19,الا,إلا
3373,29,العنكبوت,33,20,امراتك,امرأتك
3374,29,العنكبوت,34,1,انا,إنا
3374,29,العنكبوت,34,3,علي,على
3374,29,العنكبوت,34,4,اهل,أهل
3374,29,العنكبوت,34,6,القريه,القرية
3375,29,العنكبوت,35,4,ايه,آية
3375,29,العنكبوت,35,5,بينه,بينة
3376,29,العنكبوت,36,1,والي,وإلى
3376,29,العنكبوت,36,3,اخاهم,أخاهم
3376,29,العنكبوت,36,12,الاخر,الآخر
3376,29,العنكبوت,36,16,الارض,الأرض
3377,29,العنكبوت,37,2,فاخذتهم,فأخذتهم
3377,29,العنكبوت,37,3,الرجفه,الرجفة
3377,29,العنكبوت,37,4,فاصبحوا,فأصبحوا
3378,29,العنكبوت,38,11,اعمالهم,أعمالهم
3379,29,العنكبوت,39,6,موسي,موسى
3379,29,العنكبوت,39,10,الارض,الأرض
3380,29,العنكبوت,40,2,اخذنا,أخذنا
3380,29,العنكبوت,40,6,ارسلنا,أرسلنا
3380,29,العنكبوت,40,11,اخذته,أخذته
3380,29,العنكبوت,40,12,الصيحه,الصيحة
3380,29,العنكبوت,40,17,الارض,الأرض
3380,29,العنكبوت,40,20,اغرقنا,أغرقنا
3380,29,العنكبوت,40,27,انفسهم,أنفسهم
3381,29,العنكبوت,41,7,اولياء,أولياء
3381,29,العنكبوت,41,12,وان,وإن
3381,29,العنكبوت,41,13,اوهن,أوهن
3382,29,العنكبوت,42,1,ان,إن
3383,29,العنكبوت,43,2,الامثال,الأمثال
3383,29,العنكبوت,43,7,الا,إلا
3384,29,العنكبوت,44,4,والارض,والأرض
3384,29,العنكبوت,44,6,ان,إن
3384,29,العنكبوت,44,9,لايه,لآية
3384,29,العنكبوت,44,10,للمومنين,للمؤمنين
3385,29,العنكبوت,45,3,اوحي,أوحي
3385,29,العنكبوت,45,4,اليك,إليك
3385,29,العنكبوت,45,7,واقم,وأقم
3385,29,العنكبوت,45,8,الصلاه,الصلاة
3385,29,العنكبوت,45,9,ان,إن
3385,29,العنكبوت,45,10,الصلاه,الصلاة
3385,29,العنكبوت,45,11,تنهي,تنهى
3385,29,العنكبوت,45,17,اكبر,أكبر
3386,29,العنكبوت,46,3,اهل,أهل
3386,29,العنكبوت,46,5,الا,إلا
3386,29,العنكبوت,46,8,احسن,أحسن
3386,29,العنكبوت,46,9,الا,إلا
3386,29,العنكبوت,46,14,امنا,آمنا
3386,29,العنكبوت,46,16,انزل,أنزل
3386,29,العنكبوت,46,17,الينا,إلينا
3386,29,العنكبوت,46,18,وانزل,وأنزل
3386,29,العنكبوت,46,19,اليكم,إليكم
3386,29,العنكبوت,46,20,والهنا,وإلهنا
3386,29,العنكبوت,46,21,والهكم,وإلهكم
3387,29,العنكبوت,47,2,انزلنا,أنزلنا
3387,29,العنكبوت,47,3,اليك,إليك
3387,29,العنكبوت,47,6,اتيناهم,آتيناهم
3387,29,العنكبوت,47,8,يومنون,يؤمنون
3387,29,العنكبوت,47,11,هولاء,هؤلاء
3387,29,العنكبوت,47,13,يومن,يؤمن
3387,29,العنكبوت,47,17,باياتنا,بآياتنا
3387,29,العنكبوت,47,18,الا,إلا
3388,29,العنكبوت,48,11,اذا,إذا
3389,29,العنكبوت,49,3,ايات,آيات
3389,29,العنكبوت,49,8,اوتوا,أوتوا
3389,29,العنكبوت,49,12,باياتنا,بآياتنا
3389,29,العنكبوت,49,13,الا,إلا
3390,29,العنكبوت,50,3,انزل,أنزل
3390,29,العنكبوت,50,5,ايات,آيات
3390,29,العنكبوت,50,9,انما,إنما
3390,29,العنكبوت,50,10,الايات,الآيات
3390,29,العنكبوت,50,13,وانما,وإنما
3390,29,العنكبوت,50,14,انا,أنا
3391,29,العنكبوت,51,1,اولم,أولم
3391,29,العنكبوت,51,3,انا,أنا
3391,29,العنكبوت,51,4,انزلنا,أنزلنا
3391,29,العنكبوت,51,7,يتلي,يتلى
3391,29,العنكبوت,51,9,ان,إن
3391,29,العنكبوت,51,12,لرحمه,لرحمة
3391,29,العنكبوت,51,13,وذكري,وذكرى
3391,29,العنكبوت,51,15,يومنون,يؤمنون
3392,29,العنكبوت,52,2,كفي,كفى
3392,29,العنكبوت,52,11,والارض,والأرض
3392,29,العنكبوت,52,13,امنوا,آمنوا
3392,29,العنكبوت,52,17,اوليك,أولئك
3393,29,العنكبوت,53,4,اجل,أجل
3393,29,العنكبوت,53,5,مسمي,مسمى
3393,29,العنكبوت,53,8,ولياتينهم,وليأتينهم
3393,29,العنكبوت,53,9,بغته,بغتة
3394,29,العنكبوت,54,3,وان,وإن
3394,29,العنكبوت,54,5,لمحيطه,لمحيطة
3395,29,العنكبوت,55,8,ارجلهم,أرجلهم
3396,29,العنكبوت,56,4,امنوا,آمنوا
3396,29,العنكبوت,56,5,ان,إن
3396,29,العنكبوت,56,6,ارضي,أرضي
3396,29,العنكبوت,56,7,واسعه,واسعة
3396,29,العنكبوت,56,8,فاياي,فإياي
3397,29,العنكبوت,57,3,ذايقه,ذائقة
3397,29,العنكبوت,57,6,الينا,إلينا
3398,29,العنكبوت,58,2,امنوا,آمنوا
3398,29,العنكبوت,58,5,لنبوينهم,لنبوئنهم
3398,29,العنكبوت,58,7,الجنه,الجنة
3398,29,العنكبوت,58,12,الانهار,الأنهار
3398,29,العنكبوت,58,16,اجر,أجر
3399,29,العنكبوت,59,3,وعلي,وعلى
3400,29,العنكبوت,60,1,وكاين,وكأين
3400,29,العنكبوت,60,3,دابه,دابة
3400,29,العنكبوت,60,9,واياكم,وإياكم
3401,29,العنكبوت,61,1,ولين,ولئن
3401,29,العنكبوت,61,2,سالتهم,سألتهم
3401,29,العنكبوت,61,6,والارض,والأرض
3401,29,العنكبوت,61,12,فاني,فأنى
3401,29,العنكبوت,61,13,يوفكون,يؤفكون
3402,29,العنكبوت,62,10,ان,إن
3403,29,العنكبوت,63,1,ولين,ولئن
3403,29,العنكبوت,63,2,سالتهم,سألتهم
3403,29,العنكبوت,63,8,فاحيا,فأحيا
3403,29,العنكبوت,63,10,الارض,الأرض
3403,29,العنكبوت,63,20,اكثرهم,أكثرهم
3404,29,العنكبوت,64,3,الحياه,الحياة
3404,29,العنكبوت,64,5,الا,إلا
3404,29,العنكبوت,64,8,وان,وإن
3404,29,العنكبوت,64,10,الاخره,الآخرة
3405,29,العنكبوت,65,1,فاذا,فإذا
3405,29,العنكبوت,65,12,الي,إلى
3405,29,العنكبوت,65,14,اذا,إذا
3406,29,العنكبوت,66,3,اتيناهم,آتيناهم
3407,29,العنكبوت,67,1,اولم,أولم
3407,29,العنكبوت,67,3,انا,أنا
3407,29,العنكبوت,67,6,امنا,آمنا
3407,29,العنكبوت,67,11,افبالباطل,أفبالباطل
3407,29,العنكبوت,67,12,يومنون,يؤمنون
3407,29,العنكبوت,67,13,وبنعمه,وبنعمة
3408,29,العنكبوت,68,2,اظلم,أظلم
3408,29,العنكبوت,68,4,افتري,افترى
3408,29,العنكبوت,68,5,علي,على
3408,29,العنكبوت,68,8,او,أو
3408,29,العنكبوت,68,13,اليس,أليس
3408,29,العنكبوت,68,16,مثوي,مثوى
3409,29,العنكبوت,69,6,وان,وإن
3412,30,الروم,3,2,ادني,أدنى
3412,30,الروم,3,3,الارض,الأرض
3413,30,الروم,4,5,الامر,الأمر
3413,30,الروم,4,10,ويوميذ,ويومئذ
3413,30,الروم,4,12,المومنون,المؤمنون
3415,30,الروم,6,8,اكثر,أكثر
3416,30,الروم,7,4,الحياه,الحياة
3416,30,الروم,7,8,الاخره,الآخرة
3417,30,الروم,8,1,اولم,أولم
3417,30,الروم,8,4,انفسهم,أنفسهم
3417,30,الروم,8,9,والارض,والأرض
3417,30,الروم,8,12,الا,إلا
3417,30,الروم,8,14,واجل,وأجل
3417,30,الروم,8,15,مسمي,مسمى
3417,30,الروم,8,16,وان,وإن
3418,30,الروم,9,1,اولم,أولم
3418,30,الروم,9,4,الارض,الأرض
3418,30,الروم,9,8,عاقبه,عاقبة
3418,30,الروم,9,13,اشد,أشد
3418,30,الروم,9,15,قوه,قوة
3418,30,الروم,9,16,واثاروا,وأثاروا
3418,30,الروم,9,17,الارض,الأرض
3418,30,الروم,9,19,اكثر,أكثر
3418,30,الروم,9,31,انفسهم,أنفسهم
3419,30,الروم,10,3,عاقبه,عاقبة
3419,30,الروم,10,5,اساءوا,أساءوا
3419,30,الروم,10,6,السواي,السوأى
3419,30,الروم,10,7,ان,أن
3419,30,الروم,10,9,بايات,بآيات
3419,30,الروم,10,13,يستهزيون,يستهزئون
3420,30,الروم,11,2,يبدا,يبدأ
3420,30,الروم,11,7,اليه,إليه
3421,30,الروم,12,3,الساعه,الساعة
3422,30,الروم,13,5,شركايهم,شركائهم
3422,30,الروم,13,8,بشركايهم,بشركائهم
3423,30,الروم,14,3,الساعه,الساعة
3423,30,الروم,14,4,يوميذ,يومئذ
3424,30,الروم,15,1,فاما,فأما
3424,30,الروم,15,3,امنوا,آمنوا
3424,30,الروم,15,8,روضه,روضة
3425,30,الروم,16,1,واما,وأما
3425,30,الروم,16,5,باياتنا,بآياتنا
3425,30,الروم,16,7,الاخره,الآخرة
3425,30,الروم,16,8,فاوليك,فأولئك
3427,30,الروم,18,5,والارض,والأرض
3428,30,الروم,19,10,الارض,الأرض
3429,30,الروم,20,2,اياته,آياته
3429,30,الروم,20,3,ان,أن
3429,30,الروم,20,8,اذا,إذا
3429,30,الروم,20,9,انتم,أنتم
3430,30,الروم,21,2,اياته,آياته
3430,30,الروم,21,3,ان,أن
3430,30,الروم,21,7,انفسكم,أنفسكم
3430,30,الروم,21,8,ازواجا,أزواجا
3430,30,الروم,21,10,اليها,إليها
3430,30,الروم,21,13,موده,مودة
3430,30,الروم,21,14,ورحمه,ورحمة
3430,30,الروم,21,15,ان,إن
3430,30,الروم,21,18,لايات,لآيات
3431,30,الروم,22,2,اياته,آياته
3431,30,الروم,22,5,والارض,والأرض
3431,30,الروم,22,7,السنتكم,ألسنتكم
3431,30,الروم,22,8,والوانكم,وألوانكم
3431,30,الروم,22,9,ان,إن
3431,30,الروم,22,12,لايات,لآيات
3432,30,الروم,23,2,اياته,آياته
3432,30,الروم,23,6,وابتغاوكم,وابتغاؤكم
3432,30,الروم,23,9,ان,إن
3432,30,الروم,23,12,لايات,لآيات
3433,30,الروم,24,2,اياته,آياته
3433,30,الروم,24,13,الارض,الأرض
3433,30,الروم,24,16,ان,إن
3433,30,الروم,24,19,لايات,لآيات
3434,30,الروم,25,2,اياته,آياته
3434,30,الروم,25,3,ان,أن
3434,30,الروم,25,6,والارض,والأرض
3434,30,الروم,25,7,بامره,بأمره
3434,30,الروم,25,9,اذا,إذا
3434,30,الروم,25,11,دعوه,دعوة
3434,30,الروم,25,13,الارض,الأرض
3434,30,الروم,25,14,اذا,إذا
3434,30,الروم,25,15,انتم,أنتم
3435,30,الروم,26,5,والارض,والأرض
3436,30,الروم,27,3,يبدا,يبدأ
3436,30,الروم,27,8,اهون,أهون
3436,30,الروم,27,12,الاعلي,الأعلى
3436,30,الروم,27,15,والارض,والأرض
3437,30,الروم,28,5,انفسكم,أنفسكم
3437,30,الروم,28,11,ايمانكم,أيمانكم
3437,30,الروم,28,17,فانتم,فأنتم
3437,30,الروم,28,22,انفسكم,أنفسكم
3437,30,الروم,28,25,الايات,الآيات
3438,30,الروم,29,5,اهواءهم,أهواءهم
3438,30,الروم,29,11,اضل,أضل
3439,30,الروم,30,1,فاقم,فأقم
3439,30,الروم,30,19,اكثر,أكثر
3440,30,الروم,31,2,اليه,إليه
3440,30,الروم,31,4,واقيموا,وأقيموا
3440,30,الروم,31,5,الصلاه,الصلاة
3442,30,الروم,33,1,واذا,وإذا
3442,30,الروم,33,8,اليه,إليه
3442,30,الروم,33,10,اذا,إذا
3442,30,الروم,33,11,اذاقهم,أذاقهم
3442,30,الروم,33,13,رحمه,رحمة
3442,30,الروم,33,14,اذا,إذا
3443,30,الروم,34,3,اتيناهم,آتيناهم
3444,30,الروم,35,1,ام,أم
3444,30,الروم,35,2,انزلنا,أنزلنا
3445,30,الروم,36,1,واذا,وإذا
3445,30,الروم,36,2,اذقنا,أذقنا
3445,30,الروم,36,4,رحمه,رحمة
3445,30,الروم,36,7,وان,وإن
3445,30,الروم,36,9,سييه,سيئة
3445,30,الروم,36,12,ايديهم,أيديهم
3445,30,الروم,36,13,اذا,إذا
3446,30,الروم,37,1,اولم,أولم
3446,30,الروم,37,3,ان,أن
3446,30,الروم,37,10,ان,إن
3446,30,الروم,37,13,لايات,لآيات
3446,30,الروم,37,15,يومنون,يؤمنون
3447,30,الروم,38,1,فات,فآت
3447,30,الروم,38,3,القربي,القربى
3447,30,الروم,38,14,واوليك,وأولئك
3448,30,الروم,39,2,اتيتم,آتيتم
3448,30,الروم,39,7,اموال,أموال
3448,30,الروم,39,14,اتيتم,آتيتم
3448,30,الروم,39,16,زكاه,زكاة
3448,30,الروم,39,20,فاوليك,فأولئك
3449,30,الروم,40,12,شركايكم,شركائكم
3449,30,الروم,40,20,وتعالي,وتعالى
3450,30,الروم,41,8,ايدي,أيدي
3451,30,الروم,42,4,الارض,الأرض
3451,30,الروم,42,8,عاقبه,عاقبة
3451,30,الروم,42,13,اكثرهم,أكثرهم
3452,30,الروم,43,1,فاقم,فأقم
3452,30,الروم,43,7,ان,أن
3452,30,الروم,43,8,ياتي,يأتي
3452,30,الروم,43,15,يوميذ,يومئذ
3453,30,الروم,44,8,فلانفسهم,فلأنفسهم
3454,30,الروم,45,3,امنوا,آمنوا
3454,30,الروم,45,8,انه,إنه
3455,30,الروم,46,2,اياته,آياته
3455,30,الروم,46,3,ان,أن
3455,30,الروم,46,12,بامره,بأمره
3456,30,الروم,47,2,ارسلنا,أرسلنا
3456,30,الروم,47,6,الي,إلى
3456,30,الروم,47,13,اجرموا,أجرموا
3456,30,الروم,47,18,المومنين,المؤمنين
3457,30,الروم,48,14,فتري,فترى
3457,30,الروم,48,19,فاذا,فإذا
3457,30,الروم,48,20,اصاب,أصاب
3457,30,الروم,48,26,اذا,إذا
3458,30,الروم,49,1,وان,وإن
3458,30,الروم,49,5,ان,أن
3459,30,الروم,50,2,الي,إلى
3459,30,الروم,50,3,اثار,آثار
3459,30,الروم,50,8,الارض,الأرض
3459,30,الروم,50,11,ان,إن
3459,30,الروم,50,14,الموتي,الموتى
3459,30,الروم,50,16,علي,على
3460,30,الروم,51,1,ولين,ولئن
3460,30,الروم,51,2,ارسلنا,أرسلنا
3460,30,الروم,51,4,فراوه,فرأوه
3461,30,الروم,52,1,فانك,فإنك
3461,30,الروم,52,4,الموتي,الموتى
3461,30,الروم,52,9,اذا,إذا
3462,30,الروم,53,2,انت,أنت
3462,30,الروم,53,7,ان,إن
3462,30,الروم,53,9,الا,إلا
3462,30,الروم,53,11,يومن,يؤمن
3462,30,الروم,53,12,باياتنا,بآياتنا
3463,30,الروم,54,11,قوه,قوة
3463,30,الروم,54,16,قوه,قوة
3463,30,الروم,54,18,وشيبه,وشيبة
3464,30,الروم,55,3,الساعه,الساعة
3464,30,الروم,55,9,ساعه,ساعة
3464,30,الروم,55,12,يوفكون,يؤفكون
3465,30,الروم,56,3,اوتوا,أوتوا
3465,30,الروم,56,5,والايمان,والإيمان
3465,30,الروم,56,11,الي,إلى
3466,30,الروم,57,1,فيوميذ,فيومئذ
3467,30,الروم,58,6,القران,القرآن
3467,30,الروم,58,10,ولين,ولئن
3467,30,الروم,58,11,جيتهم,جئتهم
3467,30,الروم,58,12,بايه,بآية
3467,30,الروم,58,16,ان,إن
3467,30,الروم,58,17,انتم,أنتم
3467,30,الروم,58,18,الا,إلا
3468,30,الروم,59,4,علي,على
3469,30,الروم,60,2,ان,إن
3471,31,لقمان,2,2,ايات,آيات
3472,31,لقمان,3,1,هدي,هدى
3472,31,لقمان,3,2,ورحمه,ورحمة
3473,31,لقمان,4,3,الصلاه,الصلاة
3473,31,لقمان,4,4,ويوتون,ويؤتون
3473,31,لقمان,4,5,الزكاه,الزكاة
3473,31,لقمان,4,7,بالاخره,بالآخرة
3474,31,لقمان,5,1,اوليك,أولئك
3474,31,لقمان,5,2,علي,على
3474,31,لقمان,5,3,هدي,هدى
3474,31,لقمان,5,6,واوليك,وأولئك
3475,31,لقمان,6,15,اوليك,أولئك
3476,31,لقمان,7,1,واذا,وإذا
3476,31,لقمان,7,2,تتلي,تتلى
3476,31,لقمان,7,4,اياتنا,آياتنا
3476,31,لقمان,7,5,ولي,ولى
3476,31,لقمان,7,7,كان,كأن
3476,31,لقمان,7,10,كان,كأن
3476,31,لقمان,7,12,اذنيه,أذنيه
3476,31,لقمان,7,16,اليم,أليم
3477,31,لقمان,8,1,ان,إن
3477,31,لقمان,8,3,امنوا,آمنوا
3479,31,لقمان,10,6,والقي,وألقى
3479,31,لقمان,10,8,الارض,الأرض
3479,31,لقمان,10,10,ان,أن
3479,31,لقمان,10,17,دابه,دابة
3479,31,لقمان,10,18,وانزلنا,وأنزلنا
3479,31,لقمان,10,22,فانبتنا,فأنبتنا
3480,31,لقمان,11,4,فاروني,فأروني
3481,31,لقمان,12,2,اتينا,آتينا
3481,31,لقمان,12,4,الحكمه,الحكمة
3481,31,لقمان,12,5,ان,أن
3481,31,لقمان,12,10,فانما,فإنما
3481,31,لقمان,12,15,فان,فإن
3482,31,لقمان,13,1,واذ,وإذ
3482,31,لقمان,13,12,ان,إن
3483,31,لقمان,14,2,الانسان,الإنسان
3483,31,لقمان,14,5,امه,أمه
3483,31,لقمان,14,7,علي,على
3483,31,لقمان,14,12,ان,أن
3483,31,لقمان,14,16,الي,إلي
3484,31,لقمان,15,1,وان,وإن
3484,31,لقمان,15,3,علي,على
3484,31,لقمان,15,4,ان,أن
3484,31,لقمان,15,21,اناب,أناب
3484,31,لقمان,15,22,الي,إلي
3484,31,لقمان,15,24,الي,إلي
3484,31,لقمان,15,26,فانبيكم,فأنبئكم
3485,31,لقمان,16,3,انها,إنها
3485,31,لقمان,16,4,ان,إن
3485,31,لقمان,16,7,حبه,حبة
3485,31,لقمان,16,12,صخره,صخرة
3485,31,لقمان,16,13,او,أو
3485,31,لقمان,16,16,او,أو
3485,31,لقمان,16,18,الارض,الأرض
3485,31,لقمان,16,19,يات,يأت
3485,31,لقمان,16,22,ان,إن
3486,31,لقمان,17,3,اقم,أقم
3486,31,لقمان,17,4,الصلاه,الصلاة
3486,31,لقمان,17,5,وامر,وأمر
3486,31,لقمان,17,11,علي,على
3486,31,لقمان,17,13,اصابك,أصابك
3486,31,لقمان,17,14,ان,إن
3486,31,لقمان,17,18,الامور,الأمور
3487,31,لقمان,18,8,الارض,الأرض
3487,31,لقمان,18,10,ان,إن
3488,31,لقمان,19,7,ان,إن
3488,31,لقمان,19,8,انكر,أنكر
3488,31,لقمان,19,9,الاصوات,الأصوات
3489,31,لقمان,20,1,الم,ألم
3489,31,لقمان,20,3,ان,أن
3489,31,لقمان,20,12,الارض,الأرض
3489,31,لقمان,20,13,واسبغ,وأسبغ
3489,31,لقمان,20,16,ظاهره,ظاهرة
3489,31,لقمان,20,17,وباطنه,وباطنة
3489,31,لقمان,20,27,هدي,هدى
3490,31,لقمان,21,1,واذا,وإذا
3490,31,لقمان,21,6,انزل,أنزل
3490,31,لقمان,21,14,اباءنا,آباءنا
3490,31,لقمان,21,15,اولو,أولو
3490,31,لقمان,21,19,الي,إلى
3491,31,لقمان,22,4,الي,إلى
3491,31,لقمان,22,10,بالعروه,بالعروة
3491,31,لقمان,22,11,الوثقي,الوثقى
3491,31,لقمان,22,12,والي,وإلى
3491,31,لقمان,22,14,عاقبه,عاقبة
3491,31,لقمان,22,15,الامور,الأمور
3492,31,لقمان,23,6,الينا,إلينا
3492,31,لقمان,23,8,فننبيهم,فننبئهم
3492,31,لقمان,23,11,ان,إن
3493,31,لقمان,24,5,الي,إلى
3494,31,لقمان,25,1,ولين,ولئن
3494,31,لقمان,25,2,سالتهم,سألتهم
3494,31,لقمان,25,6,والارض,والأرض
3494,31,لقمان,25,13,اكثرهم,أكثرهم
3495,31,لقمان,26,5,والارض,والأرض
3495,31,لقمان,26,6,ان,إن
3496,31,لقمان,27,2,انما,أنما
3496,31,لقمان,27,4,الارض,الأرض
3496,31,لقمان,27,6,شجره,شجرة
3496,31,لقمان,27,7,اقلام,أقلام
3496,31,لقمان,27,12,سبعه,سبعة
3496,31,لقمان,27,13,ابحر,أبحر
3496,31,لقمان,27,18,ان,إن
3497,31,لقمان,28,5,الا,إلا
3497,31,لقمان,28,7,واحده,واحدة
3497,31,لقمان,28,8,ان,إن
3498,31,لقمان,29,1,الم,ألم
3498,31,لقمان,29,3,ان,أن
3498,31,لقمان,29,18,الي,إلى
3498,31,لقمان,29,19,اجل,أجل
3498,31,لقمان,29,20,مسمي,مسمى
3498,31,لقمان,29,21,وان,وأن
3499,31,لقمان,30,2,بان,بأن
3499,31,لقمان,30,6,وان,وأن
3499,31,لقمان,30,12,وان,وأن
3500,31,لقمان,31,1,الم,ألم
3500,31,لقمان,31,3,ان,أن
3500,31,لقمان,31,12,اياته,آياته
3500,31,لقمان,31,13,ان,إن
3500,31,لقمان,31,16,لايات,لآيات
3501,31,لقمان,32,1,واذا,وإذا
3501,31,لقمان,32,12,الي,إلى
3501,31,لقمان,32,18,باياتنا,بآياتنا
3501,31,لقمان,32,19,الا,إلا
3502,31,لقمان,33,2,ايها,أيها
3502,31,لقمان,33,19,شييا,شيئا
3502,31,لقمان,33,20,ان,إن
3502,31,لقمان,33,26,الحياه,الحياة
3503,31,لقمان,34,1,ان,إن
3503,31,لقمان,34,5,الساعه,الساعة
3503,31,لقمان,34,11,الارحام,الأرحام
3503,31,لقمان,34,21,باي,بأي
3503,31,لقمان,34,22,ارض,أرض
3503,31,لقمان,34,24,ان,إن
3506,32,السجدة,3,1,ام,أم
3506,32,السجدة,3,12,اتاهم,أتاهم
3507,32,السجدة,4,5,والارض,والأرض
3507,32,السجدة,4,9,سته,ستة
3507,32,السجدة,4,10,ايام,أيام
3507,32,السجدة,4,12,استوي,استوى
3507,32,السجدة,4,13,علي,على
3507,32,السجدة,4,23,افلا,أفلا
3508,32,السجدة,5,2,الامر,الأمر
3508,32,السجدة,5,5,الي,إلى
3508,32,السجدة,5,6,الارض,الأرض
3508,32,السجدة,5,9,اليه,إليه
3508,32,السجدة,5,14,الف,ألف
3508,32,السجدة,5,15,سنه,سنة
3509,32,السجدة,6,4,والشهاده,والشهادة
3510,32,السجدة,7,2,احسن,أحسن
3510,32,السجدة,7,6,وبدا,وبدأ
3510,32,السجدة,7,8,الانسان,الإنسان
3511,32,السجدة,8,5,سلاله,سلالة
3512,32,السجدة,9,10,والابصار,والأبصار
3512,32,السجدة,9,11,والافيده,والأفئدة
3513,32,السجدة,10,2,ااذا,أإذا
3513,32,السجدة,10,5,الارض,الأرض
3513,32,السجدة,10,6,اانا,أإنا
3514,32,السجدة,11,9,الي,إلى
3515,32,السجدة,12,2,تري,ترى
3515,32,السجدة,12,3,اذ,إذ
3515,32,السجدة,12,10,ابصرنا,أبصرنا
3515,32,السجدة,12,15,انا,إنا
3516,32,السجدة,13,2,شينا,شئنا
3516,32,السجدة,13,3,لاتينا,لآتينا
3516,32,السجدة,13,11,لاملان,لأملأن
3516,32,السجدة,13,14,الجنه,الجنة
3516,32,السجدة,13,16,اجمعين,أجمعين
3517,32,السجدة,14,7,انا,إنا
3518,32,السجدة,15,1,انما,إنما
3518,32,السجدة,15,2,يومن,يؤمن
3518,32,السجدة,15,3,باياتنا,بآياتنا
3518,32,السجدة,15,5,اذا,إذا
3519,32,السجدة,16,1,تتجافي,تتجافى
3520,32,السجدة,17,5,اخفي,أخفي
3520,32,السجدة,17,8,قره,قرة
3520,32,السجدة,17,9,اعين,أعين
3521,32,السجدة,18,1,افمن,أفمن
3521,32,السجدة,18,3,مومنا,مؤمنا
3522,32,السجدة,19,1,اما,أما
3522,32,السجدة,19,3,امنوا,آمنوا
3522,32,السجدة,19,8,الماوي,المأوى
3523,32,السجدة,20,1,واما,وأما
3523,32,السجدة,20,4,فماواهم,فمأواهم
3523,32,السجدة,20,7,ارادوا,أرادوا
3523,32,السجدة,20,8,ان,أن
3523,32,السجدة,20,11,اعيدوا,أعيدوا
3524,32,السجدة,21,4,الادني,الأدنى
3524,32,السجدة,21,7,الاكبر,الأكبر
3525,32,السجدة,22,2,اظلم,أظلم
3525,32,السجدة,22,5,بايات,بآيات
3525,32,السجدة,22,8,اعرض,أعرض
3525,32,السجدة,22,10,انا,إنا
3526,32,السجدة,23,2,اتينا,آتينا
3526,32,السجدة,23,3,موسي,موسى
3526,32,السجدة,23,8,مريه,مرية
3526,32,السجدة,23,10,لقايه,لقائه
3526,32,السجدة,23,12,هدي,هدى
3526,32,السجدة,23,14,اسراييل,إسرائيل
3527,32,السجدة,24,3,ايمه,أئمة
3527,32,السجدة,24,5,بامرنا,بأمرنا
3527,32,السجدة,24,9,باياتنا,بآياتنا
3528,32,السجدة,25,1,ان,إن
3528,32,السجدة,25,7,القيامه,القيامة
3529,32,السجدة,26,1,اولم,أولم
3529,32,السجدة,26,5,اهلكنا,أهلكنا
3529,32,السجدة,26,13,ان,إن
3529,32,السجدة,26,16,لايات,لآيات
3529,32,السجدة,26,17,افلا,أفلا
3530,32,السجدة,27,1,اولم,أولم
3530,32,السجدة,27,3,انا,أنا
3530,32,السجدة,27,6,الي,إلى
3530,32,السجدة,27,7,الارض,الأرض
3530,32,السجدة,27,12,تاكل,تأكل
3530,32,السجدة,27,14,انعامهم,أنعامهم
3530,32,السجدة,27,15,وانفسهم,وأنفسهم
3530,32,السجدة,27,16,افلا,أفلا
3531,32,السجدة,28,2,متي,متى
3531,32,السجدة,28,5,ان,إن
3532,32,السجدة,29,8,ايمانهم,إيمانهم
3533,32,السجدة,30,1,فاعرض,فأعرض
3533,32,السجدة,30,4,انهم,إنهم
3534,33,الأحزاب,1,6,ايها,أيها
3534,33,الأحزاب,1,14,ان,إن
3535,33,الأحزاب,2,3,يوحي,يوحى
3535,33,الأحزاب,2,4,اليك,إليك
3535,33,الأحزاب,2,7,ان,إن
3536,33,الأحزاب,3,2,علي,على
3536,33,الأحزاب,3,4,وكفي,وكفى
3537,33,الأحزاب,4,11,ازواجكم,أزواجكم
3537,33,الأحزاب,4,12,اللايي,اللائي
3537,33,الأحزاب,4,15,امهاتكم,أمهاتكم
3537,33,الأحزاب,4,18,ادعياءكم,أدعياءكم
3537,33,الأحزاب,4,19,ابناءكم,أبناءكم
3537,33,الأحزاب,4,22,بافواهكم,بأفواهكم
3538,33,الأحزاب,5,2,لابايهم,لآبائهم
3538,33,الأحزاب,5,4,اقسط,أقسط
3538,33,الأحزاب,5,7,فان,فإن
3538,33,الأحزاب,5,10,اباءهم,آباءهم
3538,33,الأحزاب,5,11,فاخوانكم,فإخوانكم
3538,33,الأحزاب,5,19,اخطاتم,أخطأتم
3539,33,الأحزاب,6,2,اولي,أولى
3539,33,الأحزاب,6,3,بالمومنين,بالمؤمنين
3539,33,الأحزاب,6,5,انفسهم,أنفسهم
3539,33,الأحزاب,6,6,وازواجه,وأزواجه
3539,33,الأحزاب,6,7,امهاتهم,أمهاتهم
3539,33,الأحزاب,6,8,واولو,وأولو
3539,33,الأحزاب,6,9,الارحام,الأرحام
3539,33,الأحزاب,6,11,اولي,أولى
3539,33,الأحزاب,6,17,المومنين,المؤمنين
3539,33,الأحزاب,6,19,الا,إلا
3539,33,الأحزاب,6,20,ان,أن
3539,33,الأحزاب,6,22,الي,إلى
3539,33,الأحزاب,6,23,اوليايكم,أوليائكم
3540,33,الأحزاب,7,1,واذ,وإذ
3540,33,الأحزاب,7,2,اخذنا,أخذنا
3540,33,الأحزاب,7,9,وابراهيم,وإبراهيم
3540,33,الأحزاب,7,10,وموسي,وموسى
3540,33,الأحزاب,7,11,وعيسي,وعيسى
3540,33,الأحزاب,7,14,واخذنا,وأخذنا
3541,33,الأحزاب,8,1,ليسال,ليسأل
3541,33,الأحزاب,8,5,واعد,وأعد
3541,33,الأحزاب,8,8,اليما,أليما
3542,33,الأحزاب,9,2,ايها,أيها
3542,33,الأحزاب,9,4,امنوا,آمنوا
3542,33,الأحزاب,9,6,نعمه,نعمة
3542,33,الأحزاب,9,9,اذ,إذ
3542,33,الأحزاب,9,12,فارسلنا,فأرسلنا
3543,33,الأحزاب,10,1,اذ,إذ
3543,33,الأحزاب,10,6,اسفل,أسفل
3543,33,الأحزاب,10,8,واذ,وإذ
3543,33,الأحزاب,10,10,الابصار,الأبصار
3544,33,الأحزاب,11,3,المومنون,المؤمنون
3545,33,الأحزاب,12,1,واذ,وإذ
3545,33,الأحزاب,12,12,الا,إلا
3546,33,الأحزاب,13,1,واذ,وإذ
3546,33,الأحزاب,13,3,طايفه,طائفة
3546,33,الأحزاب,13,6,اهل,أهل
3546,33,الأحزاب,13,12,ويستاذن,ويستأذن
3546,33,الأحزاب,13,17,ان,إن
3546,33,الأحزاب,13,19,عوره,عورة
3546,33,الأحزاب,13,22,بعوره,بعورة
3546,33,الأحزاب,13,23,ان,إن
3546,33,الأحزاب,13,25,الا,إلا
3547,33,الأحزاب,14,5,اقطارها,أقطارها
3547,33,الأحزاب,14,7,سيلوا,سئلوا
3547,33,الأحزاب,14,8,الفتنه,الفتنة
3547,33,الأحزاب,14,9,لاتوها,لآتوها
3547,33,الأحزاب,14,13,الا,إلا
3548,33,الأحزاب,15,9,الادبار,الأدبار
3548,33,الأحزاب,15,13,مسيولا,مسئولا
3549,33,الأحزاب,16,5,ان,إن
3549,33,الأحزاب,16,9,او,أو
3549,33,الأحزاب,16,11,واذا,وإذا
3549,33,الأحزاب,16,14,الا,إلا
3550,33,الأحزاب,17,8,ان,إن
3550,33,الأحزاب,17,9,اراد,أراد
3550,33,الأحزاب,17,12,او,أو
3550,33,الأحزاب,17,13,اراد,أراد
3550,33,الأحزاب,17,15,رحمه,رحمة
3551,33,الأحزاب,18,6,والقايلين,والقائلين
3551,33,الأحزاب,18,7,لاخوانهم,لإخوانهم
3551,33,الأحزاب,18,9,الينا,إلينا
3551,33,الأحزاب,18,11,ياتون,يأتون
3551,33,الأحزاب,18,12,الباس,البأس
3551,33,الأحزاب,18,13,الا,إلا
3552,33,الأحزاب,19,1,اشحه,أشحة
3552,33,الأحزاب,19,3,فاذا,فإذا
3552,33,الأحزاب,19,6,رايتهم,رأيتهم
3552,33,الأحزاب,19,8,اليك,إليك
3552,33,الأحزاب,19,10,اعينهم,أعينهم
3552,33,الأحزاب,19,12,يغشي,يغشى
3552,33,الأحزاب,19,16,فاذا,فإذا
3552,33,الأحزاب,19,20,بالسنه,بألسنة
3552,33,الأحزاب,19,22,اشحه,أشحة
3552,33,الأحزاب,19,23,علي,على
3552,33,الأحزاب,19,25,اوليك,أولئك
3552,33,الأحزاب,19,27,يومنوا,يؤمنوا
3552,33,الأحزاب,19,28,فاحبط,فأحبط
3552,33,الأحزاب,19,30,اعمالهم,أعمالهم
3552,33,الأحزاب,19,33,علي,على
3553,33,الأحزاب,20,2,الاحزاب,الأحزاب
3553,33,الأحزاب,20,5,وان,وإن
3553,33,الأحزاب,20,6,يات,يأت
3553,33,الأحزاب,20,7,الاحزاب,الأحزاب
3553,33,الأحزاب,20,10,انهم,أنهم
3553,33,الأحزاب,20,13,الاعراب,الأعراب
3553,33,الأحزاب,20,14,يسالون,يسألون
3553,33,الأحزاب,20,16,انبايكم,أنبائكم
3553,33,الأحزاب,20,22,الا,إلا
3554,33,الأحزاب,21,7,اسوه,أسوة
3554,33,الأحزاب,21,8,حسنه,حسنة
3554,33,الأحزاب,21,14,الاخر,الآخر
3555,33,الأحزاب,22,2,راي,رأى
3555,33,الأحزاب,22,3,المومنون,المؤمنون
3555,33,الأحزاب,22,4,الاحزاب,الأحزاب
3555,33,الأحزاب,22,16,الا,إلا
3555,33,الأحزاب,22,17,ايمانا,إيمانا
3556,33,الأحزاب,23,2,المومنين,المؤمنين
3556,33,الأحزاب,23,11,قضي,قضى
3557,33,الأحزاب,24,7,ان,إن
3557,33,الأحزاب,24,9,او,أو
3557,33,الأحزاب,24,12,ان,إن
3558,33,الأحزاب,25,9,وكفي,وكفى
3558,33,الأحزاب,25,11,المومنين,المؤمنين
3559,33,الأحزاب,26,1,وانزل,وأنزل
3559,33,الأحزاب,26,5,اهل,أهل
3559,33,الأحزاب,26,15,وتاسرون,وتأسرون
3560,33,الأحزاب,27,1,واورثكم,وأورثكم
3560,33,الأحزاب,27,2,ارضهم,أرضهم
3560,33,الأحزاب,27,4,واموالهم,وأموالهم
3560,33,الأحزاب,27,5,وارضا,وأرضا
3560,33,الأحزاب,27,7,تطيوها,تطئوها
3560,33,الأحزاب,27,10,علي,على
3561,33,الأحزاب,28,2,ايها,أيها
3561,33,الأحزاب,28,5,لازواجك,لأزواجك
3561,33,الأحزاب,28,6,ان,إن
3561,33,الأحزاب,28,9,الحياه,الحياة
3561,33,الأحزاب,28,13,امتعكن,أمتعكن
3561,33,الأحزاب,28,14,واسرحكن,وأسرحكن
3562,33,الأحزاب,29,1,وان,وإن
3562,33,الأحزاب,29,7,الاخره,الآخرة
3562,33,الأحزاب,29,8,فان,فإن
3562,33,الأحزاب,29,10,اعد,أعد
3562,33,الأحزاب,29,13,اجرا,أجرا
3563,33,الأحزاب,30,5,يات,يأت
3563,33,الأحزاب,30,7,بفاحشه,بفاحشة
3563,33,الأحزاب,30,8,مبينه,مبينة
3563,33,الأحزاب,30,15,علي,على
3564,33,الأحزاب,31,8,نوتها,نؤتها
3564,33,الأحزاب,31,9,اجرها,أجرها
3564,33,الأحزاب,31,11,واعتدنا,وأعتدنا
3565,33,الأحزاب,32,5,كاحد,كأحد
3565,33,الأحزاب,32,8,ان,إن
3566,33,الأحزاب,33,7,الجاهليه,الجاهلية
3566,33,الأحزاب,33,8,الاولي,الأولى
3566,33,الأحزاب,33,9,واقمن,وأقمن
3566,33,الأحزاب,33,10,الصلاه,الصلاة
3566,33,الأحزاب,33,11,واتين,وآتين
3566,33,الأحزاب,33,12,الزكاه,الزكاة
3566,33,الأحزاب,33,13,واطعن,وأطعن
3566,33,الأحزاب,33,16,انما,إنما
3566,33,الأحزاب,33,22,اهل,أهل
3567,33,الأحزاب,34,3,يتلي,يتلى
3567,33,الأحزاب,34,7,ايات,آيات
3567,33,الأحزاب,34,9,والحكمه,والحكمة
3567,33,الأحزاب,34,10,ان,إن
3568,33,الأحزاب,35,1,ان,إن
3568,33,الأحزاب,35,4,والمومنين,والمؤمنين
3568,33,الأحزاب,35,5,والمومنات,والمؤمنات
3568,33,الأحزاب,35,16,والصايمين,والصائمين
3568,33,الأحزاب,35,17,والصايمات,والصائمات
3568,33,الأحزاب,35,25,اعد,أعد
3568,33,الأحزاب,35,28,مغفره,مغفرة
3568,33,الأحزاب,35,29,واجرا,وأجرا
3569,33,الأحزاب,36,3,لمومن,لمؤمن
3569,33,الأحزاب,36,5,مومنه,مؤمنة
3569,33,الأحزاب,36,6,اذا,إذا
3569,33,الأحزاب,36,7,قضي,قضى
3569,33,الأحزاب,36,10,امرا,أمرا
3569,33,الأحزاب,36,11,ان,أن
3569,33,الأحزاب,36,14,الخيره,الخيرة
3569,33,الأحزاب,36,16,امرهم,أمرهم
3570,33,الأحزاب,37,1,واذ,وإذ
3570,33,الأحزاب,37,4,انعم,أنعم
3570,33,الأحزاب,37,7,وانعمت,وأنعمت
3570,33,الأحزاب,37,9,امسك,أمسك
3570,33,الأحزاب,37,20,وتخشي,وتخشى
3570,33,الأحزاب,37,23,احق,أحق
3570,33,الأحزاب,37,24,ان,أن
3570,33,الأحزاب,37,27,قضي,قضى
3570,33,الأحزاب,37,35,علي,على
3570,33,الأحزاب,37,36,المومنين,المؤمنين
3570,33,الأحزاب,37,39,ازواج,أزواج
3570,33,الأحزاب,37,40,ادعيايهم,أدعيائهم
3570,33,الأحزاب,37,41,اذا,إذا
3570,33,الأحزاب,37,46,امر,أمر
3571,33,الأحزاب,38,3,علي,على
3571,33,الأحزاب,38,11,سنه,سنة
3571,33,الأحزاب,38,19,امر,أمر
3572,33,الأحزاب,39,8,احدا,أحدا
3572,33,الأحزاب,39,9,الا,إلا
3572,33,الأحزاب,39,11,وكفي,وكفى
3573,33,الأحزاب,40,4,ابا,أبا
3573,33,الأحزاب,40,5,احد,أحد
3574,33,الأحزاب,41,2,ايها,أيها
3574,33,الأحزاب,41,4,امنوا,آمنوا
3575,33,الأحزاب,42,2,بكره,بكرة
3575,33,الأحزاب,42,3,واصيلا,وأصيلا
3576,33,الأحزاب,43,5,وملايكته,وملائكته
3576,33,الأحزاب,43,9,الي,إلى
3576,33,الأحزاب,43,12,بالمومنين,بالمؤمنين
3577,33,الأحزاب,44,5,واعد,وأعد
3577,33,الأحزاب,44,7,اجرا,أجرا
3578,33,الأحزاب,45,2,ايها,أيها
3578,33,الأحزاب,45,4,انا,إنا
3578,33,الأحزاب,45,5,ارسلناك,أرسلناك
3579,33,الأحزاب,46,2,الي,إلى
3579,33,الأحزاب,46,4,باذنه,بإذنه
3580,33,الأحزاب,47,2,المومنين,المؤمنين
3580,33,الأحزاب,47,3,بان,بأن
3581,33,الأحزاب,48,6,اذاهم,أذاهم
3581,33,الأحزاب,48,8,علي,على
3581,33,الأحزاب,48,10,وكفي,وكفى
3582,33,الأحزاب,49,2,ايها,أيها
3582,33,الأحزاب,49,4,امنوا,آمنوا
3582,33,الأحزاب,49,5,اذا,إذا
3582,33,الأحزاب,49,7,المومنات,المؤمنات
3582,33,الأحزاب,49,12,ان,أن
3582,33,الأحزاب,49,18,عده,عدة
3583,33,الأحزاب,50,2,ايها,أيها
3583,33,الأحزاب,50,4,انا,إنا
3583,33,الأحزاب,50,5,احللنا,أحللنا
3583,33,الأحزاب,50,7,ازواجك,أزواجك
3583,33,الأحزاب,50,9,اتيت,آتيت
3583,33,الأحزاب,50,10,اجورهن,أجورهن
3583,33,الأحزاب,50,15,افاء,أفاء
3583,33,الأحزاب,50,29,وامراه,وامرأة
3583,33,الأحزاب,50,30,مومنه,مؤمنة
3583,33,الأحزاب,50,31,ان,إن
3583,33,الأحزاب,50,35,ان,إن
3583,33,الأحزاب,50,36,اراد,أراد
3583,33,الأحزاب,50,38,ان,أن
3583,33,الأحزاب,50,40,خالصه,خالصة
3583,33,الأحزاب,50,44,المومنين,المؤمنين
3583,33,الأحزاب,50,51,ازواجهم,أزواجهم
3583,33,الأحزاب,50,54,ايمانهم,أيمانهم
3584,33,الأحزاب,51,5,وتووي,وتؤوي
3584,33,الأحزاب,51,6,اليك,إليك
3584,33,الأحزاب,51,17,ادني,أدنى
3584,33,الأحزاب,51,18,ان,أن
3584,33,الأحزاب,51,20,اعينهن,أعينهن
3584,33,الأحزاب,51,25,اتيتهن,آتيتهن
3585,33,الأحزاب,52,8,ان,أن
3585,33,الأحزاب,52,12,ازواج,أزواج
3585,33,الأحزاب,52,14,اعجبك,أعجبك
3585,33,الأحزاب,52,16,الا,إلا
3585,33,الأحزاب,52,22,علي,على
3586,33,الأحزاب,53,2,ايها,أيها
3586,33,الأحزاب,53,4,امنوا,آمنوا
3586,33,الأحزاب,53,9,الا,إلا
3586,33,الأحزاب,53,10,ان,أن
3586,33,الأحزاب,53,11,يوذن,يؤذن
3586,33,الأحزاب,53,13,الي,إلى
3586,33,الأحزاب,53,17,اناه,إناه
3586,33,الأحزاب,53,19,اذا,إذا
3586,33,الأحزاب,53,22,فاذا,فإذا
3586,33,الأحزاب,53,26,مستانسين,مستأنسين
3586,33,الأحزاب,53,28,ان,إن
3586,33,الأحزاب,53,31,يوذي,يؤذي
3586,33,الأحزاب,53,40,واذا,وإذا
3586,33,الأحزاب,53,41,سالتموهن,سألتموهن
3586,33,الأحزاب,53,43,فاسالوهن,فاسألوهن
3586,33,الأحزاب,53,48,اطهر,أطهر
3586,33,الأحزاب,53,54,ان,أن
3586,33,الأحزاب,53,55,توذوا,تؤذوا
3586,33,الأحزاب,53,59,ان,أن
3586,33,الأحزاب,53,61,ازواجه,أزواجه
3586,33,الأحزاب,53,64,ابدا,أبدا
3586,33,الأحزاب,53,65,ان,إن
3587,33,الأحزاب,54,1,ان,إن
3587,33,الأحزاب,54,3,شييا,شيئا
3587,33,الأحزاب,54,4,او,أو
3587,33,الأحزاب,54,6,فان,فإن
3588,33,الأحزاب,55,5,ابايهن,آبائهن
3588,33,الأحزاب,55,7,ابنايهن,أبنائهن
3588,33,الأحزاب,55,9,اخوانهن,إخوانهن
3588,33,الأحزاب,55,11,ابناء,أبناء
3588,33,الأحزاب,55,12,اخوانهن,إخوانهن
3588,33,الأحزاب,55,14,ابناء,أبناء
3588,33,الأحزاب,55,15,اخواتهن,أخواتهن
3588,33,الأحزاب,55,17,نسايهن,نسائهن
3588,33,الأحزاب,55,21,ايمانهن,أيمانهن
3588,33,الأحزاب,55,24,ان,إن
3588,33,الأحزاب,55,27,علي,على
3589,33,الأحزاب,56,1,ان,إن
3589,33,الأحزاب,56,3,وملايكته,وملائكته
3589,33,الأحزاب,56,5,علي,على
3589,33,الأحزاب,56,8,ايها,أيها
3589,33,الأحزاب,56,10,امنوا,آمنوا
3590,33,الأحزاب,57,1,ان,إن
3590,33,الأحزاب,57,3,يوذون,يؤذون
3590,33,الأحزاب,57,10,والاخره,والآخرة
3590,33,الأحزاب,57,11,واعد,وأعد
3591,33,الأحزاب,58,2,يوذون,يؤذون
3591,33,الأحزاب,58,3,المومنين,المؤمنين
3591,33,الأحزاب,58,4,والمومنات,والمؤمنات
3591,33,الأحزاب,58,11,واثما,وإثما
3592,33,الأحزاب,59,2,ايها,أيها
3592,33,الأحزاب,59,5,لازواجك,لأزواجك
3592,33,الأحزاب,59,8,المومنين,المؤمنين
3592,33,الأحزاب,59,14,ادني,أدنى
3592,33,الأحزاب,59,15,ان,أن
3592,33,الأحزاب,59,18,يوذين,يؤذين
3593,33,الأحزاب,60,1,لين,لئن
3593,33,الأحزاب,60,11,المدينه,المدينة
3593,33,الأحزاب,60,18,الا,إلا
3594,33,الأحزاب,61,2,اينما,أينما
3594,33,الأحزاب,61,4,اخذوا,أخذوا
3595,33,الأحزاب,62,1,سنه,سنة
3595,33,الأحزاب,62,10,لسنه,لسنة
3596,33,الأحزاب,63,1,يسالك,يسألك
3596,33,الأحزاب,63,4,الساعه,الساعة
3596,33,الأحزاب,63,6,انما,إنما
3596,33,الأحزاب,63,13,الساعه,الساعة
3597,33,الأحزاب,64,1,ان,إن
3597,33,الأحزاب,64,5,واعد,وأعد
3598,33,الأحزاب,65,3,ابدا,أبدا
3599,33,الأحزاب,66,9,اطعنا,أطعنا
3599,33,الأحزاب,66,11,واطعنا,وأطعنا
3600,33,الأحزاب,67,3,انا,إنا
3600,33,الأحزاب,67,4,اطعنا,أطعنا
3600,33,الأحزاب,67,7,فاضلونا,فأضلونا
3601,33,الأحزاب,68,2,اتهم,آتهم
3602,33,الأحزاب,69,2,ايها,أيها
3602,33,الأحزاب,69,4,امنوا,آمنوا
3602,33,الأحزاب,69,8,اذوا,آذوا
3602,33,الأحزاب,69,9,موسي,موسى
3602,33,الأحزاب,69,10,فبراه,فبرأه
3603,33,الأحزاب,70,2,ايها,أيها
3603,33,الأحزاب,70,4,امنوا,آمنوا
3604,33,الأحزاب,71,3,اعمالكم,أعمالكم
3605,33,الأحزاب,72,1,انا,إنا
3605,33,الأحزاب,72,3,الامانه,الأمانة
3605,33,الأحزاب,72,4,علي,على
3605,33,الأحزاب,72,6,والارض,والأرض
3605,33,الأحزاب,72,8,فابين,فأبين
3605,33,الأحزاب,72,9,ان,أن
3605,33,الأحزاب,72,11,واشفقن,وأشفقن
3605,33,الأحزاب,72,14,الانسان,الإنسان
3605,33,الأحزاب,72,15,انه,إنه
3606,33,الأحزاب,73,9,علي,على
3606,33,الأحزاب,73,10,المومنين,المؤمنين
3606,33,الأحزاب,73,11,والمومنات,والمؤمنات
3607,34,سبإ,1,14,الارض,الأرض
3607,34,سبإ,1,18,الاخره,الآخرة
3608,34,سبإ,2,5,الارض,الأرض
3609,34,سبإ,3,5,تاتينا,تأتينا
3609,34,سبإ,3,6,الساعه,الساعة
3609,34,سبإ,3,8,بلي,بلى
3609,34,سبإ,3,10,لتاتينكم,لتأتينكم
3609,34,سبإ,3,17,ذره,ذرة
3609,34,سبإ,3,22,الارض,الأرض
3609,34,سبإ,3,24,اصغر,أصغر
3609,34,سبإ,3,28,اكبر,أكبر
3609,34,سبإ,3,29,الا,إلا
3610,34,سبإ,4,3,امنوا,آمنوا
3610,34,سبإ,4,6,اوليك,أولئك
3610,34,سبإ,4,8,مغفره,مغفرة
3611,34,سبإ,5,4,اياتنا,آياتنا
3611,34,سبإ,5,6,اوليك,أولئك
3611,34,سبإ,5,11,اليم,أليم
3612,34,سبإ,6,1,ويري,ويرى
3612,34,سبإ,6,3,اوتوا,أوتوا
3612,34,سبإ,6,6,انزل,أنزل
3612,34,سبإ,6,7,اليك,إليك
3612,34,سبإ,6,13,الي,إلى
3613,34,سبإ,7,6,علي,على
3613,34,سبإ,7,8,ينبيكم,ينبئكم
3613,34,سبإ,7,9,اذا,إذا
3613,34,سبإ,7,13,انكم,إنكم
3614,34,سبإ,8,1,افتري,أفترى
3614,34,سبإ,8,2,علي,على
3614,34,سبإ,8,5,ام,أم
3614,34,سبإ,8,7,جنه,جنة
3614,34,سبإ,8,11,يومنون,يؤمنون
3614,34,سبإ,8,12,بالاخره,بالآخرة
3615,34,سبإ,9,1,افلم,أفلم
3615,34,سبإ,9,3,الي,إلى
3615,34,سبإ,9,6,ايديهم,أيديهم
3615,34,سبإ,9,11,والارض,والأرض
3615,34,سبإ,9,12,ان,إن
3615,34,سبإ,9,13,نشا,نشأ
3615,34,سبإ,9,16,الارض,الأرض
3615,34,سبإ,9,17,او,أو
3615,34,سبإ,9,23,ان,إن
3615,34,سبإ,9,26,لايه,لآية
3616,34,سبإ,10,2,اتينا,آتينا
3616,34,سبإ,10,8,اوبي,أوبي
3616,34,سبإ,10,11,والنا,وألنا
3617,34,سبإ,11,1,ان,أن
3617,34,سبإ,11,9,اني,إني
3618,34,سبإ,12,7,واسلنا,وأسلنا
3618,34,سبإ,12,17,باذن,بإذن
3618,34,سبإ,12,23,امرنا,أمرنا
3619,34,سبإ,13,13,ال,آل
3620,34,سبإ,14,7,علي,على
3620,34,سبإ,14,9,الا,إلا
3620,34,سبإ,14,10,دابه,دابة
3620,34,سبإ,14,11,الارض,الأرض
3620,34,سبإ,14,12,تاكل,تأكل
3620,34,سبإ,14,13,منساته,منسأته
3620,34,سبإ,14,18,ان,أن
3621,34,سبإ,15,3,لسبا,لسبإ
3621,34,سبإ,15,6,ايه,آية
3621,34,سبإ,15,17,بلده,بلدة
3621,34,سبإ,15,18,طيبه,طيبة
3622,34,سبإ,16,1,فاعرضوا,فأعرضوا
3622,34,سبإ,16,2,فارسلنا,فأرسلنا
3622,34,سبإ,16,10,اكل,أكل
3622,34,سبإ,16,12,واثل,وأثل
3623,34,سبإ,17,7,الا,إلا
3624,34,سبإ,18,4,القري,القرى
3624,34,سبإ,18,8,قري,قرى
3624,34,سبإ,18,9,ظاهره,ظاهرة
3624,34,سبإ,18,16,واياما,وأياما
3624,34,سبإ,18,17,امنين,آمنين
3625,34,سبإ,19,5,اسفارنا,أسفارنا
3625,34,سبإ,19,7,انفسهم,أنفسهم
3625,34,سبإ,19,9,احاديث,أحاديث
3625,34,سبإ,19,13,ان,إن
3625,34,سبإ,19,16,لايات,لآيات
3626,34,سبإ,20,4,ابليس,إبليس
3626,34,سبإ,20,7,الا,إلا
3626,34,سبإ,20,10,المومنين,المؤمنين
3627,34,سبإ,21,7,الا,إلا
3627,34,سبإ,21,10,يومن,يؤمن
3627,34,سبإ,21,11,بالاخره,بالآخرة
3627,34,سبإ,21,18,علي,على
3628,34,سبإ,22,11,ذره,ذرة
3628,34,سبإ,22,16,الارض,الأرض
3629,34,سبإ,23,3,الشفاعه,الشفاعة
3629,34,سبإ,23,5,الا,إلا
3629,34,سبإ,23,7,اذن,أذن
3629,34,سبإ,23,9,حتي,حتى
3629,34,سبإ,23,10,اذا,إذا
3630,34,سبإ,24,6,والارض,والأرض
3630,34,سبإ,24,9,وانا,وإنا
3630,34,سبإ,24,10,او,أو
3630,34,سبإ,24,11,اياكم,إياكم
3630,34,سبإ,24,12,لعلي,لعلى
3630,34,سبإ,24,13,هدي,هدى
3630,34,سبإ,24,14,او,أو
3631,34,سبإ,25,3,تسالون,تسألون
3631,34,سبإ,25,5,اجرمنا,أجرمنا
3631,34,سبإ,25,7,نسال,نسأل
3633,34,سبإ,27,2,اروني,أروني
3633,34,سبإ,27,4,الحقتم,ألحقتم
3634,34,سبإ,28,2,ارسلناك,أرسلناك
3634,34,سبإ,28,3,الا,إلا
3634,34,سبإ,28,4,كافه,كافة
3634,34,سبإ,28,9,اكثر,أكثر
3635,34,سبإ,29,2,متي,متى
3635,34,سبإ,29,5,ان,إن
3636,34,سبإ,30,6,تستاخرون,تستأخرون
3636,34,سبإ,30,8,ساعه,ساعة
3637,34,سبإ,31,5,نومن,نؤمن
3637,34,سبإ,31,7,القران,القرآن
3637,34,سبإ,31,13,تري,ترى
3637,34,سبإ,31,14,اذ,إذ
3637,34,سبإ,31,21,الي,إلى
3637,34,سبإ,31,30,انتم,أنتم
3637,34,سبإ,31,32,مومنين,مؤمنين
3638,34,سبإ,32,6,انحن,أنحن
3638,34,سبإ,32,9,الهدي,الهدى
3638,34,سبإ,32,11,اذ,إذ
3639,34,سبإ,33,10,اذ,إذ
3639,34,سبإ,33,11,تامروننا,تأمروننا
3639,34,سبإ,33,12,ان,أن
3639,34,سبإ,33,17,اندادا,أندادا
3639,34,سبإ,33,18,واسروا,وأسروا
3639,34,سبإ,33,19,الندامه,الندامة
3639,34,سبإ,33,21,راوا,رأوا
3639,34,سبإ,33,24,الاغلال,الأغلال
3639,34,سبإ,33,26,اعناق,أعناق
3639,34,سبإ,33,31,الا,إلا
3640,34,سبإ,34,2,ارسلنا,أرسلنا
3640,34,سبإ,34,4,قريه,قرية
3640,34,سبإ,34,7,الا,إلا
3640,34,سبإ,34,10,انا,إنا
3640,34,سبإ,34,12,ارسلتم,أرسلتم
3641,34,سبإ,35,3,اكثر,أكثر
3641,34,سبإ,35,4,اموالا,أموالا
3641,34,سبإ,35,5,واولادا,وأولادا
3642,34,سبإ,36,2,ان,إن
3642,34,سبإ,36,10,اكثر,أكثر
3643,34,سبإ,37,2,اموالكم,أموالكم
3643,34,سبإ,37,4,اولادكم,أولادكم
3643,34,سبإ,37,8,زلفي,زلفى
3643,34,سبإ,37,9,الا,إلا
3643,34,سبإ,37,11,امن,آمن
3643,34,سبإ,37,14,فاوليك,فأولئك
3643,34,سبإ,37,23,امنون,آمنون
3644,34,سبإ,38,4,اياتنا,آياتنا
3644,34,سبإ,38,6,اوليك,أولئك
3645,34,سبإ,39,2,ان,إن
3645,34,سبإ,39,13,انفقتم,أنفقتم
3646,34,سبإ,40,6,للملايكه,للملائكة
3646,34,سبإ,40,7,اهولاء,أهؤلاء
3646,34,سبإ,40,8,اياكم,إياكم
3647,34,سبإ,41,3,انت,أنت
3647,34,سبإ,41,11,اكثرهم,أكثرهم
3647,34,سبإ,41,13,مومنون,مؤمنون
3649,34,سبإ,43,1,واذا,وإذا
3649,34,سبإ,43,2,تتلي,تتلى
3649,34,سبإ,43,4,اياتنا,آياتنا
3649,34,سبإ,43,9,الا,إلا
3649,34,سبإ,43,12,ان,أن
3649,34,سبإ,43,17,اباوكم,آباؤكم
3649,34,سبإ,43,21,الا,إلا
3649,34,سبإ,43,22,افك,إفك
3649,34,سبإ,43,23,مفتري,مفترى
3649,34,سبإ,43,30,ان,إن
3649,34,سبإ,43,32,الا,إلا
3650,34,سبإ,44,2,اتيناهم,آتيناهم
3650,34,سبإ,44,7,ارسلنا,أرسلنا
3650,34,سبإ,44,8,اليهم,إليهم
3651,34,سبإ,45,9,اتيناهم,آتيناهم
3652,34,سبإ,46,2,انما,إنما
3652,34,سبإ,46,3,اعظكم,أعظكم
3652,34,سبإ,46,4,بواحده,بواحدة
3652,34,سبإ,46,5,ان,أن
3652,34,سبإ,46,8,مثني,مثنى
3652,34,سبإ,46,9,وفرادي,وفرادى
3652,34,سبإ,46,15,جنه,جنة
3652,34,سبإ,46,16,ان,إن
3652,34,سبإ,46,18,الا,إلا
3653,34,سبإ,47,3,سالتكم,سألتكم
3653,34,سبإ,47,5,اجر,أجر
3653,34,سبإ,47,8,ان,إن
3653,34,سبإ,47,9,اجري,أجري
3653,34,سبإ,47,10,الا,إلا
3653,34,سبإ,47,11,علي,على
3653,34,سبإ,47,14,علي,على
3654,34,سبإ,48,2,ان,إن
3655,34,سبإ,49,5,يبدي,يبدئ
3656,34,سبإ,50,2,ان,إن
3656,34,سبإ,50,4,فانما,فإنما
3656,34,سبإ,50,5,اضل,أضل
3656,34,سبإ,50,6,علي,على
3656,34,سبإ,50,8,وان,وإن
3656,34,سبإ,50,12,الي,إلي
3656,34,سبإ,50,14,انه,إنه
3657,34,سبإ,51,2,تري,ترى
3657,34,سبإ,51,3,اذ,إذ
3657,34,سبإ,51,7,واخذوا,وأخذوا
3658,34,سبإ,52,2,امنا,آمنا
3658,34,سبإ,52,4,واني,وأنى
3660,34,سبإ,54,8,باشياعهم,بأشياعهم
3660,34,سبإ,54,11,انهم,إنهم
3661,35,فاطر,1,9,والارض,والأرض
3661,35,فاطر,1,11,الملايكه,الملائكة
3661,35,فاطر,1,13,اولي,أولي
3661,35,فاطر,1,14,اجنحه,أجنحة
3661,35,فاطر,1,15,مثني,مثنى
3661,35,فاطر,1,23,ان,إن
3661,35,فاطر,1,25,علي,على
3662,35,فاطر,2,6,رحمه,رحمة
3663,35,فاطر,3,2,ايها,أيها
3663,35,فاطر,3,16,والارض,والأرض
3663,35,فاطر,3,18,اله,إله
3663,35,فاطر,3,19,الا,إلا
3663,35,فاطر,3,21,فاني,فأنى
3663,35,فاطر,3,22,توفكون,تؤفكون
3664,35,فاطر,4,1,وان,وإن
3664,35,فاطر,4,8,والي,وإلى
3664,35,فاطر,4,11,الامور,الأمور
3665,35,فاطر,5,2,ايها,أيها
3665,35,فاطر,5,4,ان,إن
3665,35,فاطر,5,10,الحياه,الحياة
3666,35,فاطر,6,1,ان,إن
3666,35,فاطر,6,7,انما,إنما
3666,35,فاطر,6,12,اصحاب,أصحاب
3667,35,فاطر,7,7,امنوا,آمنوا
3667,35,فاطر,7,11,مغفره,مغفرة
3667,35,فاطر,7,12,واجر,وأجر
3668,35,فاطر,8,1,افمن,أفمن
3668,35,فاطر,8,6,فراه,فرآه
3668,35,فاطر,8,8,فان,فإن
3668,35,فاطر,8,21,ان,إن
3669,35,فاطر,9,3,ارسل,أرسل
3669,35,فاطر,9,8,الي,إلى
3669,35,فاطر,9,11,فاحيينا,فأحيينا
3669,35,فاطر,9,13,الارض,الأرض
3670,35,فاطر,10,4,العزه,العزة
3670,35,فاطر,10,6,العزه,العزة
3670,35,فاطر,10,8,اليه,إليه
3670,35,فاطر,10,17,السييات,السيئات
3670,35,فاطر,10,22,اوليك,أولئك
3671,35,فاطر,11,7,نطفه,نطفة
3671,35,فاطر,11,10,ازواجا,أزواجا
3671,35,فاطر,11,14,انثي,أنثى
3671,35,فاطر,11,17,الا,إلا
3671,35,فاطر,11,27,الا,إلا
3671,35,فاطر,11,30,ان,إن
3671,35,فاطر,11,32,علي,على
3672,35,فاطر,12,7,سايغ,سائغ
3672,35,فاطر,12,11,اجاج,أجاج
3672,35,فاطر,12,14,تاكلون,تأكلون
3672,35,فاطر,12,18,حليه,حلية
3672,35,فاطر,12,20,وتري,وترى
3673,35,فاطر,13,14,لاجل,لأجل
3673,35,فاطر,13,15,مسمي,مسمى
3674,35,فاطر,14,1,ان,إن
3674,35,فاطر,14,12,القيامه,القيامة
3674,35,فاطر,14,16,ينبيك,ينبئك
3675,35,فاطر,15,2,ايها,أيها
3675,35,فاطر,15,4,انتم,أنتم
3675,35,فاطر,15,6,الي,إلى
3676,35,فاطر,16,1,ان,إن
3676,35,فاطر,16,2,يشا,يشأ
3676,35,فاطر,16,4,ويات,ويأت
3677,35,فاطر,17,3,علي,على
3678,35,فاطر,18,3,وازره,وازرة
3678,35,فاطر,18,5,اخري,أخرى
3678,35,فاطر,18,6,وان,وإن
3678,35,فاطر,18,8,مثقله,مثقلة
3678,35,فاطر,18,9,الي,إلى
3678,35,فاطر,18,18,قربي,قربى
3678,35,فاطر,18,19,انما,إنما
3678,35,فاطر,18,25,واقاموا,وأقاموا
3678,35,فاطر,18,26,الصلاه,الصلاة
3678,35,فاطر,18,28,تزكي,تزكى
3678,35,فاطر,18,29,فانما,فإنما
3678,35,فاطر,18,30,يتزكي,يتزكى
3678,35,فاطر,18,32,والي,وإلى
3679,35,فاطر,19,3,الاعمي,الأعمى
3682,35,فاطر,22,3,الاحياء,الأحياء
3682,35,فاطر,22,5,الاموات,الأموات
3682,35,فاطر,22,6,ان,إن
3682,35,فاطر,22,12,انت,أنت
3683,35,فاطر,23,1,ان,إن
3683,35,فاطر,23,2,انت,أنت
3683,35,فاطر,23,3,الا,إلا
3684,35,فاطر,24,1,انا,إنا
3684,35,فاطر,24,2,ارسلناك,أرسلناك
3684,35,فاطر,24,6,وان,وإن
3684,35,فاطر,24,8,امه,أمة
3684,35,فاطر,24,9,الا,إلا
3685,35,فاطر,25,1,وان,وإن
3686,35,فاطر,26,2,اخذت,أخذت
3687,35,فاطر,27,1,الم,ألم
3687,35,فاطر,27,3,ان,أن
3687,35,فاطر,27,5,انزل,أنزل
3687,35,فاطر,27,9,فاخرجنا,فأخرجنا
3687,35,فاطر,27,13,الوانها,ألوانها
3687,35,فاطر,27,20,الوانها,ألوانها
3688,35,فاطر,28,4,والانعام,والأنعام
3688,35,فاطر,28,6,الوانه,ألوانه
3688,35,فاطر,28,8,انما,إنما
3688,35,فاطر,28,9,يخشي,يخشى
3688,35,فاطر,28,14,ان,إن
3689,35,فاطر,29,1,ان,إن
3689,35,فاطر,29,6,واقاموا,وأقاموا
3689,35,فاطر,29,7,الصلاه,الصلاة
3689,35,فاطر,29,8,وانفقوا,وأنفقوا
3689,35,فاطر,29,12,وعلانيه,وعلانية
3689,35,فاطر,29,14,تجاره,تجارة
3690,35,فاطر,30,2,اجورهم,أجورهم
3690,35,فاطر,30,6,انه,إنه
3691,35,فاطر,31,2,اوحينا,أوحينا
3691,35,فاطر,31,3,اليك,إليك
3691,35,فاطر,31,12,ان,إن
3692,35,فاطر,32,2,اورثنا,أورثنا
3692,35,فاطر,32,16,باذن,بإذن
3693,35,فاطر,33,7,اساور,أساور
3693,35,فاطر,33,10,ولولوا,ولؤلؤا
3694,35,فاطر,34,5,اذهب,أذهب
3694,35,فاطر,34,8,ان,إن
3695,35,فاطر,35,2,احلنا,أحلنا
3695,35,فاطر,35,4,المقامه,المقامة
3696,35,فاطر,36,7,يقضي,يقضى
3697,35,فاطر,37,5,اخرجنا,أخرجنا
3697,35,فاطر,37,12,اولم,أولم
3698,35,فاطر,38,1,ان,إن
3698,35,فاطر,38,6,والارض,والأرض
3698,35,فاطر,38,7,انه,إنه
3699,35,فاطر,39,4,خلايف,خلائف
3699,35,فاطر,39,6,الارض,الأرض
3699,35,فاطر,39,17,الا,إلا
3699,35,فاطر,39,23,الا,إلا
3700,35,فاطر,40,2,ارايتم,أرأيتم
3700,35,فاطر,40,9,اروني,أروني
3700,35,فاطر,40,13,الارض,الأرض
3700,35,فاطر,40,14,ام,أم
3700,35,فاطر,40,19,ام,أم
3700,35,فاطر,40,20,اتيناهم,آتيناهم
3700,35,فاطر,40,23,علي,على
3700,35,فاطر,40,27,ان,إن
3700,35,فاطر,40,32,الا,إلا
3701,35,فاطر,41,1,ان,إن
3701,35,فاطر,41,5,والارض,والأرض
3701,35,فاطر,41,6,ان,أن
3701,35,فاطر,41,8,ولين,ولئن
3701,35,فاطر,41,10,ان,إن
3701,35,فاطر,41,11,امسكهما,أمسكهما
3701,35,فاطر,41,13,احد,أحد
3701,35,فاطر,41,16,انه,إنه
3702,35,فاطر,42,1,واقسموا,وأقسموا
3702,35,فاطر,42,4,ايمانهم,أيمانهم
3702,35,فاطر,42,5,لين,لئن
3702,35,فاطر,42,9,اهدي,أهدى
3702,35,فاطر,42,11,احدي,إحدى
3702,35,فاطر,42,12,الامم,الأمم
3702,35,فاطر,42,18,الا,إلا
3703,35,فاطر,43,3,الارض,الأرض
3703,35,فاطر,43,5,السيي,السيئ
3703,35,فاطر,43,9,السيي,السيئ
3703,35,فاطر,43,10,الا,إلا
3703,35,فاطر,43,11,باهله,بأهله
3703,35,فاطر,43,14,الا,إلا
3703,35,فاطر,43,16,الاولين,الأولين
3704,35,فاطر,44,1,اولم,أولم
3704,35,فاطر,44,4,الارض,الأرض
3704,35,فاطر,44,8,عاقبه,عاقبة
3704,35,فاطر,44,13,اشد,أشد
3704,35,فاطر,44,15,قوه,قوة
3704,35,فاطر,44,26,الارض,الأرض
3704,35,فاطر,44,27,انه,إنه
3705,35,فاطر,45,2,يواخذ,يؤاخذ
3705,35,فاطر,45,9,علي,على
3705,35,فاطر,45,12,دابه,دابة
3705,35,فاطر,45,14,يوخرهم,يؤخرهم
3705,35,فاطر,45,15,الي,إلى
3705,35,فاطر,45,16,اجل,أجل
3705,35,فاطر,45,17,مسمي,مسمى
3705,35,فاطر,45,18,فاذا,فإذا
3705,35,فاطر,45,20,اجلهم,أجلهم
3705,35,فاطر,45,21,فان,فإن
3707,36,يس,2,1,والقران,والقرآن
3708,36,يس,3,1,انك,إنك
3709,36,يس,4,1,علي,على
3711,36,يس,6,4,انذر,أنذر
3711,36,يس,6,5,اباوهم,آباؤهم
3712,36,يس,7,4,علي,على
3712,36,يس,7,5,اكثرهم,أكثرهم
3712,36,يس,7,8,يومنون,يؤمنون
3713,36,يس,8,1,انا,إنا
3713,36,يس,8,4,اعناقهم,أعناقهم
3713,36,يس,8,5,اغلالا,أغلالا
3713,36,يس,8,7,الي,إلى
3713,36,يس,8,8,الاذقان,الأذقان
3714,36,يس,9,4,ايديهم,أيديهم
3714,36,يس,9,9,فاغشيناهم,فأغشيناهم
3715,36,يس,10,3,اانذرتهم,أأنذرتهم
3715,36,يس,10,4,ام,أم
3715,36,يس,10,8,يومنون,يؤمنون
3716,36,يس,11,1,انما,إنما
3716,36,يس,11,10,بمغفره,بمغفرة
3716,36,يس,11,11,واجر,وأجر
3717,36,يس,12,1,انا,إنا
3717,36,يس,12,4,الموتي,الموتى
3717,36,يس,12,8,واثارهم,وآثارهم
3717,36,يس,12,11,احصيناه,أحصيناه
3717,36,يس,12,13,امام,إمام
3718,36,يس,13,4,اصحاب,أصحاب
3718,36,يس,13,5,القريه,القرية
3718,36,يس,13,6,اذ,إذ
3719,36,يس,14,1,اذ,إذ
3719,36,يس,14,2,ارسلنا,أرسلنا
3719,36,يس,14,3,اليهم,إليهم
3719,36,يس,14,9,انا,إنا
3719,36,يس,14,10,اليكم,إليكم
3720,36,يس,15,3,انتم,أنتم
3720,36,يس,15,4,الا,إلا
3720,36,يس,15,8,انزل,أنزل
3720,36,يس,15,12,ان,إن
3720,36,يس,15,13,انتم,أنتم
3720,36,يس,15,14,الا,إلا
3721,36,يس,16,4,انا,إنا
3721,36,يس,16,5,اليكم,إليكم
3722,36,يس,17,3,الا,إلا
3723,36,يس,18,2,انا,إنا
3723,36,يس,18,5,لين,لئن
3723,36,يس,18,12,اليم,أليم
3724,36,يس,19,2,طايركم,طائركم
3724,36,يس,19,4,اين,أئن
3724,36,يس,19,7,انتم,أنتم
3725,36,يس,20,3,اقصي,أقصى
3725,36,يس,20,4,المدينه,المدينة
3725,36,يس,20,6,يسعي,يسعى
3726,36,يس,21,4,يسالكم,يسألكم
3726,36,يس,21,5,اجرا,أجرا
3727,36,يس,22,4,اعبد,أعبد
3727,36,يس,22,7,واليه,وإليه
3728,36,يس,23,1,ااتخذ,أأتخذ
3728,36,يس,23,4,الهه,آلهة
3728,36,يس,23,5,ان,إن
3728,36,يس,23,13,شييا,شيئا
3729,36,يس,24,1,اني,إني
3729,36,يس,24,2,اذا,إذا
3730,36,يس,25,1,اني,إني
3730,36,يس,25,2,امنت,آمنت
3731,36,يس,26,3,الجنه,الجنة
3733,36,يس,28,2,انزلنا,أنزلنا
3733,36,يس,28,3,علي,على
3734,36,يس,29,1,ان,إن
3734,36,يس,29,3,الا,إلا
3734,36,يس,29,4,صيحه,صيحة
3734,36,يس,29,5,واحده,واحدة
3734,36,يس,29,6,فاذا,فإذا
3735,36,يس,30,2,حسره,حسرة
3735,36,يس,30,3,علي,على
3735,36,يس,30,6,ياتيهم,يأتيهم
3735,36,يس,30,9,الا,إلا
3735,36,يس,30,12,يستهزيون,يستهزئون
3736,36,يس,31,1,الم,ألم
3736,36,يس,31,4,اهلكنا,أهلكنا
3736,36,يس,31,8,انهم,أنهم
3736,36,يس,31,9,اليهم,إليهم
3737,36,يس,32,1,وان,وإن
3738,36,يس,33,1,وايه,وآية
3738,36,يس,33,3,الارض,الأرض
3738,36,يس,33,4,الميته,الميتة
3738,36,يس,33,5,احييناها,أحييناها
3738,36,يس,33,6,واخرجنا,وأخرجنا
3738,36,يس,33,10,ياكلون,يأكلون
3739,36,يس,34,6,واعناب,وأعناب
3740,36,يس,35,1,لياكلوا,ليأكلوا
3740,36,يس,35,6,ايديهم,أيديهم
3740,36,يس,35,7,افلا,أفلا
3741,36,يس,36,4,الازواج,الأزواج
3741,36,يس,36,8,الارض,الأرض
3741,36,يس,36,10,انفسهم,أنفسهم
3742,36,يس,37,1,وايه,وآية
3742,36,يس,37,7,فاذا,فإذا
3744,36,يس,39,4,حتي,حتى
3745,36,يس,40,5,ان,أن
3746,36,يس,41,1,وايه,وآية
3746,36,يس,41,3,انا,أنا
3748,36,يس,43,1,وان,وإن
3748,36,يس,43,2,نشا,نشأ
3749,36,يس,44,1,الا,إلا
3749,36,يس,44,2,رحمه,رحمة
3749,36,يس,44,5,الي,إلى
3750,36,يس,45,1,واذا,وإذا
3750,36,يس,45,7,ايديكم,أيديكم
3751,36,يس,46,2,تاتيهم,تأتيهم
3751,36,يس,46,4,ايه,آية
3751,36,يس,46,6,ايات,آيات
3751,36,يس,46,8,الا,إلا
3752,36,يس,47,1,واذا,وإذا
3752,36,يس,47,4,انفقوا,أنفقوا
3752,36,يس,47,12,امنوا,آمنوا
3752,36,يس,47,13,انطعم,أنطعم
3752,36,يس,47,18,اطعمه,أطعمه
3752,36,يس,47,19,ان,إن
3752,36,يس,47,20,انتم,أنتم
3752,36,يس,47,21,الا,إلا
3753,36,يس,48,2,متي,متى
3753,36,يس,48,5,ان,إن
3754,36,يس,49,3,الا,إلا
3754,36,يس,49,4,صيحه,صيحة
3754,36,يس,49,5,واحده,واحدة
3754,36,يس,49,6,تاخذهم,تأخذهم
3755,36,يس,50,3,توصيه,توصية
3755,36,يس,50,5,الي,إلى
3755,36,يس,50,6,اهلهم,أهلهم
3756,36,يس,51,4,فاذا,فإذا
3756,36,يس,51,7,الاجداث,الأجداث
3756,36,يس,51,8,الي,إلى
3758,36,يس,53,1,ان,إن
3758,36,يس,53,3,الا,إلا
3758,36,يس,53,4,صيحه,صيحة
3758,36,يس,53,5,واحده,واحدة
3758,36,يس,53,6,فاذا,فإذا
3759,36,يس,54,5,شييا,شيئا
3759,36,يس,54,8,الا,إلا
3760,36,يس,55,1,ان,إن
3760,36,يس,55,2,اصحاب,أصحاب
3760,36,يس,55,3,الجنه,الجنة
3761,36,يس,56,2,وازواجهم,وأزواجهم
3761,36,يس,56,5,علي,على
3761,36,يس,56,6,الارايك,الأرائك
3761,36,يس,56,7,متكيون,متكئون
3762,36,يس,57,3,فاكهه,فاكهة
3764,36,يس,59,3,ايها,أيها
3765,36,يس,60,1,الم,ألم
3765,36,يس,60,2,اعهد,أعهد
3765,36,يس,60,3,اليكم,إليكم
3765,36,يس,60,6,ادم,آدم
3765,36,يس,60,7,ان,أن
3765,36,يس,60,11,انه,إنه
3766,36,يس,61,1,وان,وأن
3767,36,يس,62,2,اضل,أضل
3767,36,يس,62,6,افلم,أفلم
3770,36,يس,65,3,علي,على
3770,36,يس,65,4,افواههم,أفواههم
3770,36,يس,65,6,ايديهم,أيديهم
3770,36,يس,65,8,ارجلهم,أرجلهم
3771,36,يس,66,4,علي,على
3771,36,يس,66,5,اعينهم,أعينهم
3771,36,يس,66,8,فاني,فأنى
3772,36,يس,67,4,علي,على
3773,36,يس,68,6,افلا,أفلا
3774,36,يس,69,7,ان,إن
3774,36,يس,69,9,الا,إلا
3774,36,يس,69,11,وقران,وقرآن
3775,36,يس,70,7,علي,على
3776,36,يس,71,1,اولم,أولم
3776,36,يس,71,3,انا,أنا
3776,36,يس,71,8,ايدينا,أيدينا
3776,36,يس,71,9,انعاما,أنعاما
3777,36,يس,72,6,ياكلون,يأكلون
3778,36,يس,73,5,افلا,أفلا
3779,36,يس,74,5,الهه,آلهة
3781,36,يس,76,4,انا,إنا
3782,36,يس,77,1,اولم,أولم
3782,36,يس,77,3,الانسان,الإنسان
3782,36,يس,77,4,انا,أنا
3782,36,يس,77,7,نطفه,نطفة
3782,36,يس,77,8,فاذا,فإذا
3784,36,يس,79,4,انشاها,أنشأها
3784,36,يس,79,5,اول,أول
3784,36,يس,79,6,مره,مرة
3785,36,يس,80,6,الاخضر,الأخضر
3785,36,يس,80,8,فاذا,فإذا
3785,36,يس,80,9,انتم,أنتم
3786,36,يس,81,1,اوليس,أوليس
3786,36,يس,81,5,والارض,والأرض
3786,36,يس,81,7,علي,على
3786,36,يس,81,8,ان,أن
3786,36,يس,81,11,بلي,بلى
3787,36,يس,82,1,انما,إنما
3787,36,يس,82,2,امره,أمره
3787,36,يس,82,3,اذا,إذا
3787,36,يس,82,4,اراد,أراد
3787,36,يس,82,5,شييا,شيئا
3787,36,يس,82,6,ان,أن
3788,36,يس,83,7,واليه,وإليه
3792,37,الصافات,4,1,ان,إن
3792,37,الصافات,4,2,الهكم,إلهكم
3793,37,الصافات,5,3,والارض,والأرض
3794,37,الصافات,6,1,انا,إنا
3794,37,الصافات,6,5,بزينه,بزينة
3796,37,الصافات,8,3,الي,إلى
3796,37,الصافات,8,4,الملا,الملإ
3796,37,الصافات,8,5,الاعلي,الأعلى
3798,37,الصافات,10,1,الا,إلا
3798,37,الصافات,10,4,الخطفه,الخطفة
3798,37,الصافات,10,5,فاتبعه,فأتبعه
3799,37,الصافات,11,2,اهم,أهم
3799,37,الصافات,11,3,اشد,أشد
3799,37,الصافات,11,5,ام,أم
3799,37,الصافات,11,8,انا,إنا
3801,37,الصافات,13,1,واذا,وإذا
3802,37,الصافات,14,1,واذا,وإذا
3802,37,الصافات,14,2,راوا,رأوا
3802,37,الصافات,14,3,ايه,آية
3803,37,الصافات,15,2,ان,إن
3803,37,الصافات,15,4,الا,إلا
3804,37,الصافات,16,1,ااذا,أإذا
3804,37,الصافات,16,6,اانا,أإنا
3805,37,الصافات,17,1,اواباونا,أوآباؤنا
3805,37,الصافات,17,2,الاولون,الأولون
3806,37,الصافات,18,3,وانتم,وأنتم
3807,37,الصافات,19,1,فانما,فإنما
3807,37,الصافات,19,3,زجره,زجرة
3807,37,الصافات,19,4,واحده,واحدة
3807,37,الصافات,19,5,فاذا,فإذا
3810,37,الصافات,22,4,وازواجهم,وأزواجهم
3811,37,الصافات,23,5,الي,إلى
3812,37,الصافات,24,2,انهم,إنهم
3812,37,الصافات,24,3,مسيولون,مسئولون
3815,37,الصافات,27,1,واقبل,وأقبل
3815,37,الصافات,27,3,علي,على
3816,37,الصافات,28,2,انكم,إنكم
3816,37,الصافات,28,4,تاتوننا,تأتوننا
3817,37,الصافات,29,5,مومنين,مؤمنين
3819,37,الصافات,31,5,انا,إنا
3819,37,الصافات,31,6,لذايقون,لذائقون
3820,37,الصافات,32,1,فاغويناكم,فأغويناكم
3820,37,الصافات,32,2,انا,إنا
3821,37,الصافات,33,1,فانهم,فإنهم
3821,37,الصافات,33,2,يوميذ,يومئذ
3822,37,الصافات,34,1,انا,إنا
3823,37,الصافات,35,1,انهم,إنهم
3823,37,الصافات,35,3,اذا,إذا
3823,37,الصافات,35,7,اله,إله
3823,37,الصافات,35,8,الا,إلا
3824,37,الصافات,36,2,اينا,أئنا
3824,37,الصافات,36,4,الهتنا,آلهتنا
3826,37,الصافات,38,1,انكم,إنكم
3826,37,الصافات,38,2,لذايقو,لذائقو
3826,37,الصافات,38,4,الاليم,الأليم
3827,37,الصافات,39,3,الا,إلا
3828,37,الصافات,40,1,الا,إلا
3829,37,الصافات,41,1,اوليك,أولئك
3832,37,الصافات,44,1,علي,على
3833,37,الصافات,45,3,بكاس,بكأس
3834,37,الصافات,46,2,لذه,لذة
3837,37,الصافات,49,1,كانهن,كأنهن
3838,37,الصافات,50,1,فاقبل,فأقبل
3838,37,الصافات,50,3,علي,على
3839,37,الصافات,51,2,قايل,قائل
3839,37,الصافات,51,4,اني,إني
3840,37,الصافات,52,2,اانك,أإنك
3841,37,الصافات,53,1,ااذا,أإذا
3841,37,الصافات,53,6,اانا,أإنا
3842,37,الصافات,54,3,انتم,أنتم
3843,37,الصافات,55,2,فراه,فرآه
3844,37,الصافات,56,3,ان,إن
3845,37,الصافات,57,2,نعمه,نعمة
3846,37,الصافات,58,1,افما,أفما
3847,37,الصافات,59,1,الا,إلا
3847,37,الصافات,59,3,الاولي,الأولى
3848,37,الصافات,60,1,ان,إن
3850,37,الصافات,62,1,اذلك,أذلك
3850,37,الصافات,62,4,ام,أم
3850,37,الصافات,62,5,شجره,شجرة
3851,37,الصافات,63,1,انا,إنا
3851,37,الصافات,63,3,فتنه,فتنة
3852,37,الصافات,64,1,انها,إنها
3852,37,الصافات,64,2,شجره,شجرة
3852,37,الصافات,64,5,اصل,أصل
3853,37,الصافات,65,2,كانه,كأنه
3854,37,الصافات,66,1,فانهم,فإنهم
3854,37,الصافات,66,2,لاكلون,لآكلون
3854,37,الصافات,66,4,فماليون,فمالئون
3855,37,الصافات,67,2,ان,إن
3856,37,الصافات,68,2,ان,إن
3856,37,الصافات,68,4,لالي,لإلى
3857,37,الصافات,69,1,انهم,إنهم
3857,37,الصافات,69,2,الفوا,ألفوا
3857,37,الصافات,69,3,اباءهم,آباءهم
3858,37,الصافات,70,2,علي,على
3858,37,الصافات,70,3,اثارهم,آثارهم
3859,37,الصافات,71,4,اكثر,أكثر
3859,37,الصافات,71,5,الاولين,الأولين
3860,37,الصافات,72,2,ارسلنا,أرسلنا
3861,37,الصافات,73,4,عاقبه,عاقبة
3862,37,الصافات,74,1,الا,إلا
3864,37,الصافات,76,2,واهله,وأهله
3866,37,الصافات,78,4,الاخرين,الآخرين
3867,37,الصافات,79,2,علي,على
3868,37,الصافات,80,1,انا,إنا
3869,37,الصافات,81,1,انه,إنه
3869,37,الصافات,81,4,المومنين,المؤمنين
3870,37,الصافات,82,2,اغرقنا,أغرقنا
3870,37,الصافات,82,3,الاخرين,الآخرين
3871,37,الصافات,83,1,وان,وإن
3871,37,الصافات,83,4,لابراهيم,لإبراهيم
3872,37,الصافات,84,1,اذ,إذ
3873,37,الصافات,85,1,اذ,إذ
3873,37,الصافات,85,3,لابيه,لأبيه
3874,37,الصافات,86,1,ايفكا,أئفكا
3874,37,الصافات,86,2,الهه,آلهة
3876,37,الصافات,88,2,نظره,نظرة
3877,37,الصافات,89,2,اني,إني
3879,37,الصافات,91,2,الي,إلى
3879,37,الصافات,91,3,الهتهم,آلهتهم
3879,37,الصافات,91,5,الا,ألا
3879,37,الصافات,91,6,تاكلون,تأكلون
3882,37,الصافات,94,1,فاقبلوا,فأقبلوا
3882,37,الصافات,94,2,اليه,إليه
3883,37,الصافات,95,2,اتعبدون,أتعبدون
3885,37,الصافات,97,5,فالقوه,فألقوه
3886,37,الصافات,98,1,فارادوا,فأرادوا
3886,37,الصافات,98,5,الاسفلين,الأسفلين
3887,37,الصافات,99,2,اني,إني
3887,37,الصافات,99,4,الي,إلى
3890,37,الصافات,102,8,اني,إني
3890,37,الصافات,102,9,اري,أرى
3890,37,الصافات,102,12,اني,أني
3890,37,الصافات,102,13,اذبحك,أذبحك
3890,37,الصافات,102,16,تري,ترى
3890,37,الصافات,102,19,ابت,أبت
3890,37,الصافات,102,22,تومر,تؤمر
3890,37,الصافات,102,24,ان,إن
3891,37,الصافات,103,2,اسلما,أسلما
3892,37,الصافات,104,2,ان,أن
3892,37,الصافات,104,4,ابراهيم,إبراهيم
3893,37,الصافات,105,3,الرويا,الرؤيا
3893,37,الصافات,105,4,انا,إنا
3894,37,الصافات,106,1,ان,إن
3896,37,الصافات,108,4,الاخرين,الآخرين
3897,37,الصافات,109,2,علي,على
3897,37,الصافات,109,3,ابراهيم,إبراهيم
3899,37,الصافات,111,1,انه,إنه
3899,37,الصافات,111,4,المومنين,المؤمنين
3900,37,الصافات,112,2,باسحاق,بإسحاق
3901,37,الصافات,113,3,وعلي,وعلى
3901,37,الصافات,113,4,اسحاق,إسحاق
3902,37,الصافات,114,3,علي,على
3902,37,الصافات,114,4,موسي,موسى
3905,37,الصافات,117,1,واتيناهما,وآتيناهما
3907,37,الصافات,119,4,الاخرين,الآخرين
3908,37,الصافات,120,2,علي,على
3908,37,الصافات,120,3,موسي,موسى
3909,37,الصافات,121,1,انا,إنا
3910,37,الصافات,122,1,انهما,إنهما
3910,37,الصافات,122,4,المومنين,المؤمنين
3911,37,الصافات,123,1,وان,وإن
3911,37,الصافات,123,2,الياس,إلياس
3912,37,الصافات,124,1,اذ,إذ
3912,37,الصافات,124,4,الا,ألا
3913,37,الصافات,125,1,اتدعون,أتدعون
3913,37,الصافات,125,4,احسن,أحسن
3914,37,الصافات,126,4,ابايكم,آبائكم
3914,37,الصافات,126,5,الاولين,الأولين
3915,37,الصافات,127,2,فانهم,فإنهم
3916,37,الصافات,128,1,الا,إلا
3917,37,الصافات,129,4,الاخرين,الآخرين
3918,37,الصافات,130,2,علي,على
3918,37,الصافات,130,3,ال,إل
3919,37,الصافات,131,1,انا,إنا
3920,37,الصافات,132,1,انه,إنه
3920,37,الصافات,132,4,المومنين,المؤمنين
3921,37,الصافات,133,1,وان,وإن
3922,37,الصافات,134,1,اذ,إذ
3922,37,الصافات,134,3,واهله,وأهله
3922,37,الصافات,134,4,اجمعين,أجمعين
3923,37,الصافات,135,1,الا,إلا
3924,37,الصافات,136,3,الاخرين,الآخرين
3925,37,الصافات,137,1,وانكم,وإنكم
3926,37,الصافات,138,2,افلا,أفلا
3927,37,الصافات,139,1,وان,وإن
3928,37,الصافات,140,1,اذ,إذ
3928,37,الصافات,140,2,ابق,أبق
3928,37,الصافات,140,3,الي,إلى
3931,37,الصافات,143,2,انه,أنه
3932,37,الصافات,144,4,الي,إلى
3934,37,الصافات,146,1,وانبتنا,وأنبتنا
3934,37,الصافات,146,3,شجره,شجرة
3935,37,الصافات,147,1,وارسلناه,وأرسلناه
3935,37,الصافات,147,2,الي,إلى
3935,37,الصافات,147,3,مايه,مائة
3935,37,الصافات,147,4,الف,ألف
3935,37,الصافات,147,5,او,أو
3936,37,الصافات,148,1,فامنوا,فآمنوا
3936,37,الصافات,148,3,الي,إلى
3937,37,الصافات,149,2,الربك,ألربك
3938,37,الصافات,150,1,ام,أم
3938,37,الصافات,150,3,الملايكه,الملائكة
3938,37,الصافات,150,4,اناثا,إناثا
3939,37,الصافات,151,1,الا,ألا
3939,37,الصافات,151,2,انهم,إنهم
3939,37,الصافات,151,4,افكهم,إفكهم
3940,37,الصافات,152,3,وانهم,وإنهم
3941,37,الصافات,153,1,اصطفي,أصطفى
3941,37,الصافات,153,3,علي,على
3943,37,الصافات,155,1,افلا,أفلا
3944,37,الصافات,156,1,ام,أم
3945,37,الصافات,157,1,فاتوا,فأتوا
3945,37,الصافات,157,3,ان,إن
3946,37,الصافات,158,4,الجنه,الجنة
3946,37,الصافات,158,8,الجنه,الجنة
3946,37,الصافات,158,9,انهم,إنهم
3948,37,الصافات,160,1,الا,إلا
3949,37,الصافات,161,1,فانكم,فإنكم
3950,37,الصافات,162,2,انتم,أنتم
3951,37,الصافات,163,1,الا,إلا
3952,37,الصافات,164,3,الا,إلا
3953,37,الصافات,165,1,وانا,وإنا
3954,37,الصافات,166,1,وانا,وإنا
3955,37,الصافات,167,1,وان,وإن
3956,37,الصافات,168,2,ان,أن
3956,37,الصافات,168,6,الاولين,الأولين
3960,37,الصافات,172,1,انهم,إنهم
3961,37,الصافات,173,1,وان,وإن
3962,37,الصافات,174,3,حتي,حتى
3963,37,الصافات,175,1,وابصرهم,وأبصرهم
3964,37,الصافات,176,1,افبعذابنا,أفبعذابنا
3965,37,الصافات,177,1,فاذا,فإذا
3966,37,الصافات,178,3,حتي,حتى
3967,37,الصافات,179,1,وابصر,وأبصر
3968,37,الصافات,180,4,العزه,العزة
3969,37,الصافات,181,2,علي,على
3971,38,ص,1,6,والقران,والقرآن
3972,38,ص,2,5,عزه,عزة
3973,38,ص,3,2,اهلكنا,أهلكنا
3974,38,ص,4,2,ان,أن
3975,38,ص,5,1,اجعل,أجعل
3975,38,ص,5,2,الالهه,الآلهة
3975,38,ص,5,3,الها,إلها
3975,38,ص,5,5,ان,إن
3976,38,ص,6,2,الملا,الملأ
3976,38,ص,6,4,ان,أن
3976,38,ص,6,7,علي,على
3976,38,ص,6,8,الهتكم,آلهتكم
3976,38,ص,6,9,ان,إن
3977,38,ص,7,5,المله,الملة
3977,38,ص,7,6,الاخره,الآخرة
3977,38,ص,7,7,ان,إن
3977,38,ص,7,9,الا,إلا
3978,38,ص,8,1,اانزل,أأنزل
3979,38,ص,9,1,ام,أم
3979,38,ص,9,3,خزاين,خزائن
3979,38,ص,9,4,رحمه,رحمة
3980,38,ص,10,1,ام,أم
3980,38,ص,10,5,والارض,والأرض
3980,38,ص,10,10,الاسباب,الأسباب
3981,38,ص,11,6,الاحزاب,الأحزاب
3982,38,ص,12,8,الاوتاد,الأوتاد
3983,38,ص,13,4,واصحاب,وأصحاب
3983,38,ص,13,5,الايكه,الأيكة
3983,38,ص,13,6,اوليك,أولئك
3983,38,ص,13,7,الاحزاب,الأحزاب
3984,38,ص,14,1,ان,إن
3984,38,ص,14,3,الا,إلا
3985,38,ص,15,3,هولاء,هؤلاء
3985,38,ص,15,4,الا,إلا
3985,38,ص,15,5,صيحه,صيحة
3985,38,ص,15,6,واحده,واحدة
3987,38,ص,17,2,علي,على
3987,38,ص,17,9,الايد,الأيد
3987,38,ص,17,10,انه,إنه
3987,38,ص,17,11,اواب,أواب
3988,38,ص,18,1,انا,إنا
3988,38,ص,18,7,والاشراق,والإشراق
3989,38,ص,19,2,محشوره,محشورة
3989,38,ص,19,5,اواب,أواب
3990,38,ص,20,3,واتيناه,وآتيناه
3990,38,ص,20,4,الحكمه,الحكمة
3991,38,ص,21,2,اتاك,أتاك
3991,38,ص,21,3,نبا,نبأ
3991,38,ص,21,5,اذ,إذ
3992,38,ص,22,1,اذ,إذ
3992,38,ص,22,3,علي,على
3992,38,ص,22,11,بغي,بغى
3992,38,ص,22,13,علي,على
3992,38,ص,22,21,الي,إلى
3993,38,ص,23,1,ان,إن
3993,38,ص,23,3,اخي,أخي
3993,38,ص,23,7,نعجه,نعجة
3993,38,ص,23,9,نعجه,نعجة
3993,38,ص,23,10,واحده,واحدة
3993,38,ص,23,12,اكفلنيها,أكفلنيها
3994,38,ص,24,4,بسوال,بسؤال
3994,38,ص,24,6,الي,إلى
3994,38,ص,24,8,وان,وإن
3994,38,ص,24,14,علي,على
3994,38,ص,24,16,الا,إلا
3994,38,ص,24,18,امنوا,آمنوا
3994,38,ص,24,26,انما,أنما
3994,38,ص,24,32,واناب,وأناب
3995,38,ص,25,4,وان,وإن
3995,38,ص,25,7,لزلفي,لزلفى
3995,38,ص,25,9,ماب,مآب
3996,38,ص,26,3,انا,إنا
3996,38,ص,26,5,خليفه,خليفة
3996,38,ص,26,7,الارض,الأرض
3996,38,ص,26,14,الهوي,الهوى
3996,38,ص,26,19,ان,إن
3997,38,ص,27,4,والارض,والأرض
3998,38,ص,28,1,ام,أم
3998,38,ص,28,4,امنوا,آمنوا
3998,38,ص,28,9,الارض,الأرض
3998,38,ص,28,10,ام,أم
3999,38,ص,29,2,انزلناه,أنزلناه
3999,38,ص,29,3,اليك,إليك
3999,38,ص,29,6,اياته,آياته
3999,38,ص,29,8,اولو,أولو
3999,38,ص,29,9,الالباب,الألباب
4000,38,ص,30,6,انه,إنه
4000,38,ص,30,7,اواب,أواب
4001,38,ص,31,1,اذ,إذ
4002,38,ص,32,2,اني,إني
4002,38,ص,32,3,احببت,أحببت
4002,38,ص,32,9,حتي,حتى
4003,38,ص,33,6,والاعناق,والأعناق
4004,38,ص,34,4,والقينا,وألقينا
4004,38,ص,34,5,علي,على
4004,38,ص,34,9,اناب,أناب
4005,38,ص,35,10,لاحد,لأحد
4005,38,ص,35,13,انك,إنك
4005,38,ص,35,14,انت,أنت
4006,38,ص,36,5,بامره,بأمره
4006,38,ص,36,8,اصاب,أصاب
4008,38,ص,38,1,واخرين,وآخرين
4008,38,ص,38,4,الاصفاد,الأصفاد
4009,38,ص,39,2,عطاونا,عطاؤنا
4009,38,ص,39,4,او,أو
4009,38,ص,39,5,امسك,أمسك
4010,38,ص,40,1,وان,وإن
4010,38,ص,40,4,لزلفي,لزلفى
4010,38,ص,40,6,ماب,مآب
4011,38,ص,41,3,ايوب,أيوب
4011,38,ص,41,4,اذ,إذ
4011,38,ص,41,5,نادي,نادى
4011,38,ص,41,7,اني,أني
4013,38,ص,43,3,اهله,أهله
4013,38,ص,43,6,رحمه,رحمة
4013,38,ص,43,8,وذكري,وذكرى
4013,38,ص,43,9,لاولي,لأولي
4013,38,ص,43,10,الالباب,الألباب
4014,38,ص,44,8,انا,إنا
4014,38,ص,44,13,انه,إنه
4014,38,ص,44,14,اواب,أواب
4015,38,ص,45,3,ابراهيم,إبراهيم
4015,38,ص,45,4,واسحاق,وإسحاق
4015,38,ص,45,6,اولي,أولي
4015,38,ص,45,7,الايدي,الأيدي
4015,38,ص,45,8,والابصار,والأبصار
4016,38,ص,46,1,انا,إنا
4016,38,ص,46,2,اخلصناهم,أخلصناهم
4016,38,ص,46,3,بخالصه,بخالصة
4016,38,ص,46,4,ذكري,ذكرى
4017,38,ص,47,1,وانهم,وإنهم
4017,38,ص,47,5,الاخيار,الأخيار
4018,38,ص,48,2,اسماعيل,إسماعيل
4018,38,ص,48,8,الاخيار,الأخيار
4019,38,ص,49,3,وان,وإن
4019,38,ص,49,6,ماب,مآب
4020,38,ص,50,3,مفتحه,مفتحة
4020,38,ص,50,5,الابواب,الأبواب
4021,38,ص,51,1,متكيين,متكئين
4021,38,ص,51,5,بفاكهه,بفاكهة
4021,38,ص,51,6,كثيره,كثيرة
4022,38,ص,52,4,اتراب,أتراب
4024,38,ص,54,1,ان,إن
4025,38,ص,55,2,وان,وإن
4025,38,ص,55,5,ماب,مآب
4026,38,ص,56,3,فبيس,فبئس
4028,38,ص,58,1,واخر,وآخر
4028,38,ص,58,4,ازواج,أزواج
4029,38,ص,59,8,انهم,إنهم
4030,38,ص,60,3,انتم,أنتم
4030,38,ص,60,7,انتم,أنتم
4030,38,ص,60,10,فبيس,فبئس
4032,38,ص,62,5,نري,نرى
4032,38,ص,62,10,الاشرار,الأشرار
4033,38,ص,63,1,اتخذناهم,أتخذناهم
4033,38,ص,63,3,ام,أم
4033,38,ص,63,6,الابصار,الأبصار
4034,38,ص,64,1,ان,إن
4034,38,ص,64,5,اهل,أهل
4035,38,ص,65,2,انما,إنما
4035,38,ص,65,3,انا,أنا
4035,38,ص,65,7,اله,إله
4035,38,ص,65,8,الا,إلا
4036,38,ص,66,3,والارض,والأرض
4037,38,ص,67,3,نبا,نبأ
4038,38,ص,68,1,انتم,أنتم
4039,38,ص,69,6,بالملا,بالملإ
4039,38,ص,69,7,الاعلي,الأعلى
4039,38,ص,69,8,اذ,إذ
4040,38,ص,70,1,ان,إن
4040,38,ص,70,2,يوحي,يوحى
4040,38,ص,70,3,الي,إلي
4040,38,ص,70,4,الا,إلا
4040,38,ص,70,5,انما,أنما
4040,38,ص,70,6,انا,أنا
4041,38,ص,71,1,اذ,إذ
4041,38,ص,71,4,للملايكه,للملائكة
4041,38,ص,71,5,اني,إني
4042,38,ص,72,1,فاذا,فإذا
4043,38,ص,73,2,الملايكه,الملائكة
4043,38,ص,73,4,اجمعون,أجمعون
4044,38,ص,74,1,الا,إلا
4044,38,ص,74,2,ابليس,إبليس
4045,38,ص,75,3,ابليس,إبليس
4045,38,ص,75,6,ان,أن
4045,38,ص,75,11,استكبرت,أستكبرت
4045,38,ص,75,12,ام,أم
4046,38,ص,76,2,انا,أنا
4047,38,ص,77,4,فانك,فإنك
4048,38,ص,78,1,وان,وإن
4048,38,ص,78,4,الي,إلى
4049,38,ص,79,3,فانظرني,فأنظرني
4049,38,ص,79,4,الي,إلى
4050,38,ص,80,2,فانك,فإنك
4051,38,ص,81,1,الي,إلى
4052,38,ص,82,3,لاغوينهم,لأغوينهم
4052,38,ص,82,4,اجمعين,أجمعين
4053,38,ص,83,1,الا,إلا
4054,38,ص,84,4,اقول,أقول
4055,38,ص,85,1,لاملان,لأملأن
4055,38,ص,85,7,اجمعين,أجمعين
4056,38,ص,86,3,اسالكم,أسألكم
4056,38,ص,86,6,اجر,أجر
4056,38,ص,86,8,انا,أنا
4057,38,ص,87,1,ان,إن
4057,38,ص,87,3,الا,إلا
4058,38,ص,88,2,نباه,نبأه
4060,39,الزمر,2,1,انا,إنا
4060,39,الزمر,2,2,انزلنا,أنزلنا
4060,39,الزمر,2,3,اليك,إليك
4061,39,الزمر,3,1,الا,ألا
4061,39,الزمر,3,9,اولياء,أولياء
4061,39,الزمر,3,12,الا,إلا
4061,39,الزمر,3,14,الي,إلى
4061,39,الزمر,3,16,زلفي,زلفى
4061,39,الزمر,3,17,ان,إن
4061,39,الزمر,3,26,ان,إن
4062,39,الزمر,4,2,اراد,أراد
4062,39,الزمر,4,4,ان,أن
4062,39,الزمر,4,7,لاصطفي,لاصطفى
4063,39,الزمر,5,3,والارض,والأرض
4063,39,الزمر,5,7,علي,على
4063,39,الزمر,5,11,علي,على
4063,39,الزمر,5,18,لاجل,لأجل
4063,39,الزمر,5,19,مسمي,مسمى
4063,39,الزمر,5,20,الا,ألا
4064,39,الزمر,6,4,واحده,واحدة
4064,39,الزمر,6,9,وانزل,وأنزل
4064,39,الزمر,6,12,الانعام,الأنعام
4064,39,الزمر,6,13,ثمانيه,ثمانية
4064,39,الزمر,6,14,ازواج,أزواج
4064,39,الزمر,6,18,امهاتكم,أمهاتكم
4064,39,الزمر,6,32,اله,إله
4064,39,الزمر,6,33,الا,إلا
4064,39,الزمر,6,35,فاني,فأنى
4065,39,الزمر,7,1,ان,إن
4065,39,الزمر,7,3,فان,فإن
4065,39,الزمر,7,8,يرضي,يرضى
4065,39,الزمر,7,11,وان,وإن
4065,39,الزمر,7,17,وازره,وازرة
4065,39,الزمر,7,19,اخري,أخرى
4065,39,الزمر,7,21,الي,إلى
4065,39,الزمر,7,24,فينبيكم,فينبئكم
4065,39,الزمر,7,28,انه,إنه
4066,39,الزمر,8,1,واذا,وإذا
4066,39,الزمر,8,3,الانسان,الإنسان
4066,39,الزمر,8,8,اليه,إليه
4066,39,الزمر,8,10,اذا,إذا
4066,39,الزمر,8,12,نعمه,نعمة
4066,39,الزمر,8,18,اليه,إليه
4066,39,الزمر,8,23,اندادا,أندادا
4066,39,الزمر,8,31,انك,إنك
4066,39,الزمر,8,33,اصحاب,أصحاب
4067,39,الزمر,9,1,امن,أمن
4067,39,الزمر,9,4,اناء,آناء
4067,39,الزمر,9,7,وقايما,وقائما
4067,39,الزمر,9,9,الاخره,الآخرة
4067,39,الزمر,9,11,رحمه,رحمة
4067,39,الزمر,9,21,انما,إنما
4067,39,الزمر,9,23,اولو,أولو
4067,39,الزمر,9,24,الالباب,الألباب
4068,39,الزمر,10,5,امنوا,آمنوا
4068,39,الزمر,10,9,احسنوا,أحسنوا
4068,39,الزمر,10,13,حسنه,حسنة
4068,39,الزمر,10,14,وارض,وأرض
4068,39,الزمر,10,16,واسعه,واسعة
4068,39,الزمر,10,17,انما,إنما
4068,39,الزمر,10,18,يوفي,يوفى
4068,39,الزمر,10,20,اجرهم,أجرهم
4069,39,الزمر,11,2,اني,إني
4069,39,الزمر,11,3,امرت,أمرت
4069,39,الزمر,11,4,ان,أن
4069,39,الزمر,11,5,اعبد,أعبد
4070,39,الزمر,12,1,وامرت,وأمرت
4070,39,الزمر,12,2,لان,لأن
4070,39,الزمر,12,3,اكون,أكون
4070,39,الزمر,12,4,اول,أول
4071,39,الزمر,13,2,اني,إني
4071,39,الزمر,13,3,اخاف,أخاف
4071,39,الزمر,13,4,ان,إن
4072,39,الزمر,14,3,اعبد,أعبد
4073,39,الزمر,15,3,شيتم,شئتم
4073,39,الزمر,15,7,ان,إن
4073,39,الزمر,15,11,انفسهم,أنفسهم
4073,39,الزمر,15,12,واهليهم,وأهليهم
4073,39,الزمر,15,14,القيامه,القيامة
4073,39,الزمر,15,15,الا,ألا
4075,39,الزمر,17,4,ان,أن
4075,39,الزمر,17,6,وانابوا,وأنابوا
4075,39,الزمر,17,7,الي,إلى
4075,39,الزمر,17,10,البشري,البشرى
4076,39,الزمر,18,5,احسنه,أحسنه
4076,39,الزمر,18,6,اوليك,أولئك
4076,39,الزمر,18,10,واوليك,وأولئك
4076,39,الزمر,18,12,اولو,أولو
4076,39,الزمر,18,13,الالباب,الألباب
4077,39,الزمر,19,1,افمن,أفمن
4077,39,الزمر,19,4,كلمه,كلمة
4077,39,الزمر,19,6,افانت,أفأنت
4078,39,الزمر,20,10,مبنيه,مبنية
4078,39,الزمر,20,14,الانهار,الأنهار
4079,39,الزمر,21,1,الم,ألم
4079,39,الزمر,21,3,ان,أن
4079,39,الزمر,21,5,انزل,أنزل
4079,39,الزمر,21,12,الارض,الأرض
4079,39,الزمر,21,18,الوانه,ألوانه
4079,39,الزمر,21,26,ان,إن
4079,39,الزمر,21,29,لذكري,لذكرى
4079,39,الزمر,21,30,لاولي,لأولي
4079,39,الزمر,21,31,الالباب,الألباب
4080,39,الزمر,22,1,افمن,أفمن
4080,39,الزمر,22,5,للاسلام,للإسلام
4080,39,الزمر,22,7,علي,على
4080,39,الزمر,22,12,للقاسيه,للقاسية
4080,39,الزمر,22,17,اوليك,أولئك
4081,39,الزمر,23,3,احسن,أحسن
4081,39,الزمر,23,18,الي,إلى
4081,39,الزمر,23,22,هدي,هدى
4082,39,الزمر,24,1,افمن,أفمن
4082,39,الزمر,24,7,القيامه,القيامة
4083,39,الزمر,25,5,فاتاهم,فأتاهم
4084,39,الزمر,26,1,فاذاقهم,فأذاقهم
4084,39,الزمر,26,5,الحياه,الحياة
4084,39,الزمر,26,8,الاخره,الآخرة
4084,39,الزمر,26,9,اكبر,أكبر
4085,39,الزمر,27,6,القران,القرآن
4086,39,الزمر,28,1,قرانا,قرآنا
4087,39,الزمر,29,17,اكثرهم,أكثرهم
4088,39,الزمر,30,1,انك,إنك
4088,39,الزمر,30,3,وانهم,وإنهم
4089,39,الزمر,31,2,انكم,إنكم
4089,39,الزمر,31,4,القيامه,القيامة
4090,39,الزمر,32,2,اظلم,أظلم
4090,39,الزمر,32,5,علي,على
4090,39,الزمر,32,9,اذ,إذ
4090,39,الزمر,32,11,اليس,أليس
4090,39,الزمر,32,14,مثوي,مثوى
4091,39,الزمر,33,6,اوليك,أولئك
4093,39,الزمر,35,4,اسوا,أسوأ
4093,39,الزمر,35,8,اجرهم,أجرهم
4093,39,الزمر,35,9,باحسن,بأحسن
4094,39,الزمر,36,1,اليس,أليس
4095,39,الزمر,37,8,اليس,أليس
4096,39,الزمر,38,1,ولين,ولئن
4096,39,الزمر,38,2,سالتهم,سألتهم
4096,39,الزمر,38,6,والارض,والأرض
4096,39,الزمر,38,10,افرايتم,أفرأيتم
4096,39,الزمر,38,16,ان,إن
4096,39,الزمر,38,17,ارادني,أرادني
4096,39,الزمر,38,24,او,أو
4096,39,الزمر,38,25,ارادني,أرادني
4096,39,الزمر,38,26,برحمه,برحمة
4097,39,الزمر,39,5,علي,على
4097,39,الزمر,39,7,اني,إني
4098,39,الزمر,40,2,ياتيه,يأتيه
4099,39,الزمر,41,1,انا,إنا
4099,39,الزمر,41,2,انزلنا,أنزلنا
4099,39,الزمر,41,8,اهتدي,اهتدى
4099,39,الزمر,41,12,فانما,فإنما
4099,39,الزمر,41,16,انت,أنت
4100,39,الزمر,42,2,يتوفي,يتوفى
4100,39,الزمر,42,3,الانفس,الأنفس
4100,39,الزمر,42,13,قضي,قضى
4100,39,الزمر,42,17,الاخري,الأخرى
4100,39,الزمر,42,18,الي,إلى
4100,39,الزمر,42,19,اجل,أجل
4100,39,الزمر,42,20,مسمي,مسمى
4100,39,الزمر,42,21,ان,إن
4100,39,الزمر,42,24,لايات,لآيات
4101,39,الزمر,43,1,ام,أم
4101,39,الزمر,43,8,اولو,أولو
4101,39,الزمر,43,12,شييا,شيئا
4102,39,الزمر,44,3,الشفاعه,الشفاعة
4102,39,الزمر,44,8,والارض,والأرض
4102,39,الزمر,44,10,اليه,إليه
4103,39,الزمر,45,1,واذا,وإذا
4103,39,الزمر,45,5,اشمازت,اشمأزت
4103,39,الزمر,45,9,يومنون,يؤمنون
4103,39,الزمر,45,10,بالاخره,بالآخرة
4103,39,الزمر,45,11,واذا,وإذا
4103,39,الزمر,45,16,اذا,إذا
4104,39,الزمر,46,5,والارض,والأرض
4104,39,الزمر,46,8,والشهاده,والشهادة
4104,39,الزمر,46,9,انت,أنت
4105,39,الزمر,47,2,ان,أن
4105,39,الزمر,47,7,الارض,الأرض
4105,39,الزمر,47,17,القيامه,القيامة
4106,39,الزمر,48,3,سييات,سيئات
4106,39,الزمر,48,11,يستهزيون,يستهزئون
4107,39,الزمر,49,1,فاذا,فإذا
4107,39,الزمر,49,3,الانسان,الإنسان
4107,39,الزمر,49,7,اذا,إذا
4107,39,الزمر,49,9,نعمه,نعمة
4107,39,الزمر,49,12,انما,إنما
4107,39,الزمر,49,13,اوتيته,أوتيته
4107,39,الزمر,49,14,علي,على
4107,39,الزمر,49,18,فتنه,فتنة
4107,39,الزمر,49,20,اكثرهم,أكثرهم
4108,39,الزمر,50,7,اغني,أغنى
4109,39,الزمر,51,1,فاصابهم,فأصابهم
4109,39,الزمر,51,2,سييات,سيئات
4109,39,الزمر,51,8,هولاء,هؤلاء
4109,39,الزمر,51,10,سييات,سيئات
4110,39,الزمر,52,1,اولم,أولم
4110,39,الزمر,52,3,ان,أن
4110,39,الزمر,52,10,ان,إن
4110,39,الزمر,52,13,لايات,لآيات
4110,39,الزمر,52,15,يومنون,يؤمنون
4111,39,الزمر,53,5,اسرفوا,أسرفوا
4111,39,الزمر,53,6,علي,على
4111,39,الزمر,53,7,انفسهم,أنفسهم
4111,39,الزمر,53,11,رحمه,رحمة
4111,39,الزمر,53,13,ان,إن
4111,39,الزمر,53,18,انه,إنه
4112,39,الزمر,54,1,وانيبوا,وأنيبوا
4112,39,الزمر,54,2,الي,إلى
4112,39,الزمر,54,4,واسلموا,وأسلموا
4112,39,الزمر,54,8,ان,أن
4112,39,الزمر,54,9,ياتيكم,يأتيكم
4113,39,الزمر,55,2,احسن,أحسن
4113,39,الزمر,55,4,انزل,أنزل
4113,39,الزمر,55,5,اليكم,إليكم
4113,39,الزمر,55,10,ان,أن
4113,39,الزمر,55,11,ياتيكم,يأتيكم
4113,39,الزمر,55,13,بغته,بغتة
4113,39,الزمر,55,14,وانتم,وأنتم
4114,39,الزمر,56,1,ان,أن
4114,39,الزمر,56,5,حسرتي,حسرتى
4114,39,الزمر,56,6,علي,على
4114,39,الزمر,56,12,وان,وإن
4115,39,الزمر,57,1,او,أو
4115,39,الزمر,57,4,ان,أن
4116,39,الزمر,58,1,او,أو
4116,39,الزمر,58,4,تري,ترى
4116,39,الزمر,58,7,ان,أن
4116,39,الزمر,58,9,كره,كرة
4116,39,الزمر,58,10,فاكون,فأكون
4117,39,الزمر,59,1,بلي,بلى
4117,39,الزمر,59,4,اياتي,آياتي
4118,39,الزمر,60,2,القيامه,القيامة
4118,39,الزمر,60,3,تري,ترى
4118,39,الزمر,60,6,علي,على
4118,39,الزمر,60,9,مسوده,مسودة
4118,39,الزمر,60,10,اليس,أليس
4118,39,الزمر,60,13,مثوي,مثوى
4120,39,الزمر,62,6,علي,على
4121,39,الزمر,63,4,والارض,والأرض
4121,39,الزمر,63,7,بايات,بآيات
4121,39,الزمر,63,9,اوليك,أولئك
4122,39,الزمر,64,2,افغير,أفغير
4122,39,الزمر,64,4,تامروني,تأمروني
4122,39,الزمر,64,5,اعبد,أعبد
4122,39,الزمر,64,6,ايها,أيها
4123,39,الزمر,65,2,اوحي,أوحي
4123,39,الزمر,65,3,اليك,إليك
4123,39,الزمر,65,4,والي,وإلى
4123,39,الزمر,65,8,لين,لئن
4123,39,الزمر,65,9,اشركت,أشركت
4125,39,الزمر,67,6,والارض,والأرض
4125,39,الزمر,67,10,القيامه,القيامة
4125,39,الزمر,67,15,وتعالي,وتعالى
4126,39,الزمر,68,10,الارض,الأرض
4126,39,الزمر,68,11,الا,إلا
4126,39,الزمر,68,18,اخري,أخرى
4126,39,الزمر,68,19,فاذا,فإذا
4127,39,الزمر,69,1,واشرقت,وأشرقت
4127,39,الزمر,69,2,الارض,الأرض
4128,39,الزمر,70,7,اعلم,أعلم
4129,39,الزمر,71,4,الي,إلى
4129,39,الزمر,71,7,حتي,حتى
4129,39,الزمر,71,8,اذا,إذا
4129,39,الزمر,71,11,ابوابها,أبوابها
4129,39,الزمر,71,15,الم,ألم
4129,39,الزمر,71,16,ياتكم,يأتكم
4129,39,الزمر,71,21,ايات,آيات
4129,39,الزمر,71,28,بلي,بلى
4129,39,الزمر,71,31,كلمه,كلمة
4129,39,الزمر,71,33,علي,على
4130,39,الزمر,72,3,ابواب,أبواب
4130,39,الزمر,72,7,فبيس,فبئس
4130,39,الزمر,72,8,مثوي,مثوى
4131,39,الزمر,73,5,الي,إلى
4131,39,الزمر,73,6,الجنه,الجنة
4131,39,الزمر,73,8,حتي,حتى
4131,39,الزمر,73,9,اذا,إذا
4131,39,الزمر,73,12,ابوابها,أبوابها
4132,39,الزمر,74,7,واورثنا,وأورثنا
4132,39,الزمر,74,8,الارض,الأرض
4132,39,الزمر,74,9,نتبوا,نتبوأ
4132,39,الزمر,74,11,الجنه,الجنة
4132,39,الزمر,74,15,اجر,أجر
4133,39,الزمر,75,1,وتري,وترى
4133,39,الزمر,75,2,الملايكه,الملائكة
4136,40,غافر,3,10,اله,إله
4136,40,غافر,3,11,الا,إلا
4136,40,غافر,3,13,اليه,إليه
4137,40,غافر,4,4,ايات,آيات
4137,40,غافر,4,6,الا,إلا
4138,40,غافر,5,5,والاحزاب,والأحزاب
4138,40,غافر,5,10,امه,أمة
4138,40,غافر,5,12,لياخذوه,ليأخذوه
4138,40,غافر,5,18,فاخذتهم,فأخذتهم
4139,40,غافر,6,5,علي,على
4139,40,غافر,6,8,انهم,أنهم
4139,40,غافر,6,9,اصحاب,أصحاب
4140,40,غافر,7,9,ويومنون,ويؤمنون
4140,40,غافر,7,13,امنوا,آمنوا
4140,40,غافر,7,18,رحمه,رحمة
4141,40,غافر,8,2,وادخلهم,وأدخلهم
4141,40,غافر,8,10,ابايهم,آبائهم
4141,40,غافر,8,11,وازواجهم,وأزواجهم
4141,40,غافر,8,13,انك,إنك
4141,40,غافر,8,14,انت,أنت
4142,40,غافر,9,2,السييات,السيئات
4142,40,غافر,9,5,السييات,السيئات
4142,40,غافر,9,6,يوميذ,يومئذ
4143,40,غافر,10,1,ان,إن
4143,40,غافر,10,7,اكبر,أكبر
4143,40,غافر,10,10,انفسكم,أنفسكم
4143,40,غافر,10,11,اذ,إذ
4143,40,غافر,10,13,الي,إلى
4143,40,غافر,10,14,الايمان,الإيمان
4144,40,غافر,11,3,امتنا,أمتنا
4144,40,غافر,11,5,واحييتنا,وأحييتنا
4144,40,غافر,11,10,الي,إلى
4145,40,غافر,12,2,بانه,بأنه
4145,40,غافر,12,3,اذا,إذا
4145,40,غافر,12,8,وان,وإن
4145,40,غافر,12,11,تومنوا,تؤمنوا
4146,40,غافر,13,4,اياته,آياته
4146,40,غافر,13,12,الا,إلا
4148,40,غافر,15,8,امره,أمره
4148,40,غافر,15,9,علي,على
4149,40,غافر,16,5,يخفي,يخفى
4149,40,غافر,16,6,علي,على
4150,40,غافر,17,2,تجزي,تجزى
4150,40,غافر,17,10,ان,إن
4151,40,غافر,18,1,وانذرهم,وأنذرهم
4151,40,غافر,18,3,الازفه,الآزفة
4151,40,غافر,18,4,اذ,إذ
4151,40,غافر,18,6,لدي,لدى
4152,40,غافر,19,2,خاينه,خائنة
4152,40,غافر,19,3,الاعين,الأعين
4153,40,غافر,20,11,ان,إن
4154,40,غافر,21,1,اولم,أولم
4154,40,غافر,21,4,الارض,الأرض
4154,40,غافر,21,8,عاقبه,عاقبة
4154,40,غافر,21,15,اشد,أشد
4154,40,غافر,21,17,قوه,قوة
4154,40,غافر,21,18,واثارا,وآثارا
4154,40,غافر,21,20,الارض,الأرض
4154,40,غافر,21,21,فاخذهم,فأخذهم
4155,40,غافر,22,2,بانهم,بأنهم
4155,40,غافر,22,4,تاتيهم,تأتيهم
4155,40,غافر,22,8,فاخذهم,فأخذهم
4155,40,غافر,22,10,انه,إنه
4156,40,غافر,23,2,ارسلنا,أرسلنا
4156,40,غافر,23,3,موسي,موسى
4156,40,غافر,23,4,باياتنا,بآياتنا
4157,40,غافر,24,1,الي,إلى
4158,40,غافر,25,8,ابناء,أبناء
4158,40,غافر,25,10,امنوا,آمنوا
4158,40,غافر,25,17,الا,إلا
4159,40,غافر,26,4,اقتل,أقتل
4159,40,غافر,26,5,موسي,موسى
4159,40,غافر,26,8,اني,إني
4159,40,غافر,26,9,اخاف,أخاف
4159,40,غافر,26,10,ان,أن
4159,40,غافر,26,13,او,أو
4159,40,غافر,26,14,ان,أن
4159,40,غافر,26,17,الارض,الأرض
4160,40,غافر,27,2,موسي,موسى
4160,40,غافر,27,3,اني,إني
4160,40,غافر,27,11,يومن,يؤمن
4161,40,غافر,28,3,مومن,مؤمن
4161,40,غافر,28,5,ال,آل
4161,40,غافر,28,8,ايمانه,إيمانه
4161,40,غافر,28,9,اتقتلون,أتقتلون
4161,40,غافر,28,11,ان,أن
4161,40,غافر,28,20,وان,وإن
4161,40,غافر,28,25,وان,وإن
4161,40,غافر,28,32,ان,إن
4162,40,غافر,29,8,الارض,الأرض
4162,40,غافر,29,12,باس,بأس
4162,40,غافر,29,14,ان,إن
4162,40,غافر,29,19,اريكم,أريكم
4162,40,غافر,29,20,الا,إلا
4162,40,غافر,29,22,اري,أرى
4162,40,غافر,29,24,اهديكم,أهديكم
4162,40,غافر,29,25,الا,إلا
4163,40,غافر,30,3,امن,آمن
4163,40,غافر,30,6,اني,إني
4163,40,غافر,30,7,اخاف,أخاف
4163,40,غافر,30,11,الاحزاب,الأحزاب
4164,40,غافر,31,2,داب,دأب
4165,40,غافر,32,3,اني,إني
4165,40,غافر,32,4,اخاف,أخاف
4167,40,غافر,34,14,حتي,حتى
4167,40,غافر,34,15,اذا,إذا
4168,40,غافر,35,4,ايات,آيات
4168,40,غافر,35,8,اتاهم,أتاهم
4168,40,غافر,35,15,امنوا,آمنوا
4168,40,غافر,35,19,علي,على
4169,40,غافر,36,9,ابلغ,أبلغ
4169,40,غافر,36,10,الاسباب,الأسباب
4170,40,غافر,37,1,اسباب,أسباب
4170,40,غافر,37,3,فاطلع,فأطلع
4170,40,غافر,37,4,الي,إلى
4170,40,غافر,37,5,اله,إله
4170,40,غافر,37,6,موسي,موسى
4170,40,غافر,37,7,واني,وإني
4170,40,غافر,37,8,لاظنه,لأظنه
4170,40,غافر,37,21,الا,إلا
4171,40,غافر,38,3,امن,آمن
4171,40,غافر,38,7,اهدكم,أهدكم
4172,40,غافر,39,3,انما,إنما
4172,40,غافر,39,5,الحياه,الحياة
4172,40,غافر,39,8,وان,وإن
4172,40,غافر,39,9,الاخره,الآخرة
4173,40,غافر,40,3,سييه,سيئة
4173,40,غافر,40,5,يجزي,يجزى
4173,40,غافر,40,6,الا,إلا
4173,40,غافر,40,13,او,أو
4173,40,غافر,40,14,انثي,أنثى
4173,40,غافر,40,16,مومن,مؤمن
4173,40,غافر,40,17,فاوليك,فأولئك
4173,40,غافر,40,19,الجنه,الجنة
4174,40,غافر,41,5,ادعوكم,أدعوكم
4174,40,غافر,41,6,الي,إلى
4174,40,غافر,41,7,النجاه,النجاة
4174,40,غافر,41,9,الي,إلى
4175,40,غافر,42,2,لاكفر,لأكفر
4175,40,غافر,42,4,واشرك,وأشرك
4175,40,غافر,42,11,وانا,وأنا
4175,40,غافر,42,12,ادعوكم,أدعوكم
4175,40,غافر,42,13,الي,إلى
4176,40,غافر,43,3,انما,أنما
4176,40,غافر,43,5,اليه,إليه
4176,40,غافر,43,8,دعوه,دعوة
4176,40,غافر,43,13,الاخره,الآخرة
4176,40,غافر,43,14,وان,وأن
4176,40,غافر,43,16,الي,إلى
4176,40,غافر,43,18,وان,وأن
4176,40,غافر,43,21,اصحاب,أصحاب
4177,40,غافر,44,3,اقول,أقول
4177,40,غافر,44,5,وافوض,وأفوض
4177,40,غافر,44,6,امري,أمري
4177,40,غافر,44,7,الي,إلى
4177,40,غافر,44,9,ان,إن
4178,40,غافر,45,3,سييات,سيئات
4178,40,غافر,45,7,بال,بآل
4179,40,غافر,46,8,الساعه,الساعة
4179,40,غافر,46,9,ادخلوا,أدخلوا
4179,40,غافر,46,10,ال,آل
4179,40,غافر,46,12,اشد,أشد
4180,40,غافر,47,1,واذ,وإذ
4180,40,غافر,47,9,انا,إنا
4180,40,غافر,47,14,انتم,أنتم
4181,40,غافر,48,4,انا,إنا
4181,40,غافر,48,7,ان,إن
4182,40,غافر,49,5,لخزنه,لخزنة
4183,40,غافر,50,2,اولم,أولم
4183,40,غافر,50,4,تاتيكم,تأتيكم
4183,40,غافر,50,8,بلي,بلى
4183,40,غافر,50,14,الا,إلا
4184,40,غافر,51,1,انا,إنا
4184,40,غافر,51,5,امنوا,آمنوا
4184,40,غافر,51,7,الحياه,الحياة
4184,40,غافر,51,11,الاشهاد,الأشهاد
4185,40,غافر,52,7,اللعنه,اللعنة
4186,40,غافر,53,2,اتينا,آتينا
4186,40,غافر,53,3,موسي,موسى
4186,40,غافر,53,4,الهدي,الهدى
4186,40,غافر,53,5,واورثنا,وأورثنا
4186,40,غافر,53,7,اسراييل,إسرائيل
4187,40,غافر,54,1,هدي,هدى
4187,40,غافر,54,2,وذكري,وذكرى
4187,40,غافر,54,3,لاولي,لأولي
4187,40,غافر,54,4,الالباب,الألباب
4188,40,غافر,55,2,ان,إن
4188,40,غافر,55,12,والابكار,والإبكار
4189,40,غافر,56,1,ان,إن
4189,40,غافر,56,5,ايات,آيات
4189,40,غافر,56,9,اتاهم,أتاهم
4189,40,غافر,56,10,ان,إن
4189,40,غافر,56,13,الا,إلا
4189,40,غافر,56,20,انه,إنه
4190,40,غافر,57,3,والارض,والأرض
4190,40,غافر,57,4,اكبر,أكبر
4190,40,غافر,57,9,اكثر,أكثر
4191,40,غافر,58,3,الاعمي,الأعمى
4191,40,غافر,58,6,امنوا,آمنوا
4192,40,غافر,59,1,ان,إن
4192,40,غافر,59,2,الساعه,الساعة
4192,40,غافر,59,3,لاتيه,لآتية
4192,40,غافر,59,8,اكثر,أكثر
4192,40,غافر,59,11,يومنون,يؤمنون
4193,40,غافر,60,4,استجب,أستجب
4193,40,غافر,60,6,ان,إن
4194,40,غافر,61,10,ان,إن
4194,40,غافر,61,14,علي,على
4194,40,غافر,61,17,اكثر,أكثر
4195,40,غافر,62,8,اله,إله
4195,40,غافر,62,9,الا,إلا
4195,40,غافر,62,11,فاني,فأنى
4195,40,غافر,62,12,توفكون,تؤفكون
4196,40,غافر,63,2,يوفك,يؤفك
4196,40,غافر,63,5,بايات,بآيات
4197,40,غافر,64,5,الارض,الأرض
4197,40,غافر,64,10,فاحسن,فأحسن
4198,40,غافر,65,4,اله,إله
4198,40,غافر,65,5,الا,إلا
4199,40,غافر,66,2,اني,إني
4199,40,غافر,66,4,ان,أن
4199,40,غافر,66,5,اعبد,أعبد
4199,40,غافر,66,16,وامرت,وأمرت
4199,40,غافر,66,17,ان,أن
4199,40,غافر,66,18,اسلم,أسلم
4200,40,غافر,67,8,نطفه,نطفة
4200,40,غافر,67,11,علقه,علقة
4200,40,غافر,67,17,اشدكم,أشدكم
4200,40,غافر,67,23,يتوفي,يتوفى
4200,40,غافر,67,27,اجلا,أجلا
4200,40,غافر,67,28,مسمي,مسمى
4201,40,غافر,68,5,فاذا,فإذا
4201,40,غافر,68,6,قضي,قضى
4201,40,غافر,68,7,امرا,أمرا
4201,40,غافر,68,8,فانما,فإنما
4202,40,غافر,69,1,الم,ألم
4202,40,غافر,69,3,الي,إلى
4202,40,غافر,69,7,ايات,آيات
4202,40,غافر,69,9,اني,أنى
4203,40,غافر,70,5,ارسلنا,أرسلنا
4204,40,غافر,71,1,اذ,إذ
4204,40,غافر,71,2,الاغلال,الأغلال
4204,40,غافر,71,4,اعناقهم,أعناقهم
4206,40,غافر,73,4,اين,أين
4207,40,غافر,74,13,شييا,شيئا
4208,40,غافر,75,6,الارض,الأرض
4209,40,غافر,76,2,ابواب,أبواب
4209,40,غافر,76,6,فبيس,فبئس
4209,40,غافر,76,7,مثوي,مثوى
4210,40,غافر,77,2,ان,إن
4210,40,غافر,77,6,فاما,فإما
4210,40,غافر,77,11,او,أو
4210,40,غافر,77,13,فالينا,فإلينا
4211,40,غافر,78,2,ارسلنا,أرسلنا
4211,40,غافر,78,18,ان,أن
4211,40,غافر,78,19,ياتي,يأتي
4211,40,غافر,78,20,بايه,بآية
4211,40,غافر,78,21,الا,إلا
4211,40,غافر,78,22,باذن,بإذن
4211,40,غافر,78,24,فاذا,فإذا
4211,40,غافر,78,26,امر,أمر
4212,40,غافر,79,5,الانعام,الأنعام
4212,40,غافر,79,9,تاكلون,تأكلون
4213,40,غافر,80,6,حاجه,حاجة
4213,40,غافر,80,10,وعلي,وعلى
4214,40,غافر,81,2,اياته,آياته
4214,40,غافر,81,3,فاي,فأي
4214,40,غافر,81,4,ايات,آيات
4215,40,غافر,82,1,افلم,أفلم
4215,40,غافر,82,4,الارض,الأرض
4215,40,غافر,82,8,عاقبه,عاقبة
4215,40,غافر,82,13,اكثر,أكثر
4215,40,غافر,82,15,واشد,وأشد
4215,40,غافر,82,16,قوه,قوة
4215,40,غافر,82,17,واثارا,وآثارا
4215,40,غافر,82,19,الارض,الأرض
4215,40,غافر,82,21,اغني,أغنى
4216,40,غافر,83,15,يستهزيون,يستهزئون
4217,40,غافر,84,2,راوا,رأوا
4217,40,غافر,84,3,باسنا,بأسنا
4217,40,غافر,84,5,امنا,آمنا
4218,40,غافر,85,4,ايمانهم,إيمانهم
4218,40,غافر,85,6,راوا,رأوا
4218,40,غافر,85,7,باسنا,بأسنا
4221,41,فصلت,3,3,اياته,آياته
4221,41,فصلت,3,4,قرانا,قرآنا
4222,41,فصلت,4,3,فاعرض,فأعرض
4222,41,فصلت,4,4,اكثرهم,أكثرهم
4223,41,فصلت,5,4,اكنه,أكنة
4223,41,فصلت,5,7,اليه,إليه
4223,41,فصلت,5,9,اذاننا,آذاننا
4223,41,فصلت,5,16,اننا,إننا
4224,41,فصلت,6,2,انما,إنما
4224,41,فصلت,6,3,انا,أنا
4224,41,فصلت,6,6,يوحي,يوحى
4224,41,فصلت,6,7,الي,إلي
4224,41,فصلت,6,8,انما,أنما
4224,41,فصلت,6,9,الهكم,إلهكم
4224,41,فصلت,6,10,اله,إله
4224,41,فصلت,6,13,اليه,إليه
4225,41,فصلت,7,3,يوتون,يؤتون
4225,41,فصلت,7,4,الزكاه,الزكاة
4225,41,فصلت,7,6,بالاخره,بالآخرة
4226,41,فصلت,8,1,ان,إن
4226,41,فصلت,8,3,امنوا,آمنوا
4226,41,فصلت,8,7,اجر,أجر
4227,41,فصلت,9,2,اينكم,أئنكم
4227,41,فصلت,9,6,الارض,الأرض
4227,41,فصلت,9,11,اندادا,أندادا
4228,41,فصلت,10,10,اقواتها,أقواتها
4228,41,فصلت,10,12,اربعه,أربعة
4228,41,فصلت,10,13,ايام,أيام
4228,41,فصلت,10,15,للسايلين,للسائلين
4229,41,فصلت,11,2,استوي,استوى
4229,41,فصلت,11,3,الي,إلى
4229,41,فصلت,11,9,وللارض,وللأرض
4229,41,فصلت,11,10,ايتيا,ائتيا
4229,41,فصلت,11,12,او,أو
4229,41,فصلت,11,15,اتينا,أتينا
4229,41,فصلت,11,16,طايعين,طائعين
4230,41,فصلت,12,6,واوحي,وأوحى
4230,41,فصلت,12,10,امرها,أمرها
4231,41,فصلت,13,1,فان,فإن
4231,41,فصلت,13,2,اعرضوا,أعرضوا
4231,41,فصلت,13,4,انذرتكم,أنذرتكم
4231,41,فصلت,13,5,صاعقه,صاعقة
4231,41,فصلت,13,7,صاعقه,صاعقة
4232,41,فصلت,14,1,اذ,إذ
4232,41,فصلت,14,6,ايديهم,أيديهم
4232,41,فصلت,14,9,الا,ألا
4232,41,فصلت,14,11,الا,إلا
4232,41,فصلت,14,17,لانزل,لأنزل
4232,41,فصلت,14,18,ملايكه,ملائكة
4232,41,فصلت,14,19,فانا,فإنا
4232,41,فصلت,14,21,ارسلتم,أرسلتم
4233,41,فصلت,15,1,فاما,فأما
4233,41,فصلت,15,5,الارض,الأرض
4233,41,فصلت,15,10,اشد,أشد
4233,41,فصلت,15,12,قوه,قوة
4233,41,فصلت,15,13,اولم,أولم
4233,41,فصلت,15,15,ان,أن
4233,41,فصلت,15,20,اشد,أشد
4233,41,فصلت,15,22,قوه,قوة
4233,41,فصلت,15,24,باياتنا,بآياتنا
4234,41,فصلت,16,1,فارسلنا,فأرسلنا
4234,41,فصلت,16,6,ايام,أيام
4234,41,فصلت,16,12,الحياه,الحياة
4234,41,فصلت,16,15,الاخره,الآخرة
4234,41,فصلت,16,16,اخزي,أخزى
4235,41,فصلت,17,1,واما,وأما
4235,41,فصلت,17,5,العمي,العمى
4235,41,فصلت,17,6,علي,على
4235,41,فصلت,17,7,الهدي,الهدى
4235,41,فصلت,17,8,فاخذتهم,فأخذتهم
4235,41,فصلت,17,9,صاعقه,صاعقة
4236,41,فصلت,18,3,امنوا,آمنوا
4237,41,فصلت,19,3,اعداء,أعداء
4237,41,فصلت,19,5,الي,إلى
4238,41,فصلت,20,1,حتي,حتى
4238,41,فصلت,20,2,اذا,إذا
4238,41,فصلت,20,8,وابصارهم,وأبصارهم
4239,41,فصلت,21,7,انطقنا,أنطقنا
4239,41,فصلت,21,10,انطق,أنطق
4239,41,فصلت,21,15,اول,أول
4239,41,فصلت,21,16,مره,مرة
4239,41,فصلت,21,17,واليه,وإليه
4240,41,فصلت,22,4,ان,أن
4240,41,فصلت,22,9,ابصاركم,أبصاركم
4240,41,فصلت,22,14,ان,أن
4241,41,فصلت,23,6,ارداكم,أرداكم
4241,41,فصلت,23,7,فاصبحتم,فأصبحتم
4242,41,فصلت,24,1,فان,فإن
4242,41,فصلت,24,4,مثوي,مثوى
4242,41,فصلت,24,6,وان,وإن
4243,41,فصلت,25,8,ايديهم,أيديهم
4243,41,فصلت,25,15,امم,أمم
4243,41,فصلت,25,22,والانس,والإنس
4243,41,فصلت,25,23,انهم,إنهم
4244,41,فصلت,26,7,القران,القرآن
4245,41,فصلت,27,7,اسوا,أسوأ
4246,41,فصلت,28,3,اعداء,أعداء
4246,41,فصلت,28,13,باياتنا,بآياتنا
4247,41,فصلت,29,5,ارنا,أرنا
4247,41,فصلت,29,7,اضلانا,أضلانا
4247,41,فصلت,29,10,والانس,والإنس
4247,41,فصلت,29,13,اقدامنا,أقدامنا
4247,41,فصلت,29,16,الاسفلين,الأسفلين
4248,41,فصلت,30,1,ان,إن
4248,41,فصلت,30,10,الملايكه,الملائكة
4248,41,فصلت,30,11,الا,ألا
4248,41,فصلت,30,15,وابشروا,وأبشروا
4248,41,فصلت,30,16,بالجنه,بالجنة
4249,41,فصلت,31,2,اولياوكم,أولياؤكم
4249,41,فصلت,31,4,الحياه,الحياة
4249,41,فصلت,31,7,الاخره,الآخرة
4249,41,فصلت,31,12,انفسكم,أنفسكم
4251,41,فصلت,33,2,احسن,أحسن
4251,41,فصلت,33,6,الي,إلى
4251,41,فصلت,33,11,انني,إنني
4252,41,فصلت,34,3,الحسنه,الحسنة
4252,41,فصلت,34,5,السييه,السيئة
4252,41,فصلت,34,9,احسن,أحسن
4252,41,فصلت,34,10,فاذا,فإذا
4252,41,فصلت,34,14,عداوه,عداوة
4252,41,فصلت,34,15,كانه,كأنه
4253,41,فصلت,35,3,الا,إلا
4253,41,فصلت,35,8,الا,إلا
4254,41,فصلت,36,1,واما,وإما
4254,41,فصلت,36,8,انه,إنه
4255,41,فصلت,37,2,اياته,آياته
4255,41,فصلت,37,16,ان,إن
4255,41,فصلت,37,18,اياه,إياه
4256,41,فصلت,38,1,فان,فإن
4256,41,فصلت,38,12,يسامون,يسأمون
4257,41,فصلت,39,2,اياته,آياته
4257,41,فصلت,39,3,انك,أنك
4257,41,فصلت,39,4,تري,ترى
4257,41,فصلت,39,5,الارض,الأرض
4257,41,فصلت,39,6,خاشعه,خاشعة
4257,41,فصلت,39,7,فاذا,فإذا
4257,41,فصلت,39,8,انزلنا,أنزلنا
4257,41,فصلت,39,13,ان,إن
4257,41,فصلت,39,15,احياها,أحياها
4257,41,فصلت,39,17,الموتي,الموتى
4257,41,فصلت,39,18,انه,إنه
4257,41,فصلت,39,19,علي,على
4258,41,فصلت,40,1,ان,إن
4258,41,فصلت,40,5,اياتنا,آياتنا
4258,41,فصلت,40,9,افمن,أفمن
4258,41,فصلت,40,10,يلقي,يلقى
4258,41,فصلت,40,14,ام,أم
4258,41,فصلت,40,16,ياتي,يأتي
4258,41,فصلت,40,17,امنا,آمنا
4258,41,فصلت,40,19,القيامه,القيامة
4258,41,فصلت,40,22,شيتم,شئتم
4258,41,فصلت,40,23,انه,إنه
4259,41,فصلت,41,1,ان,إن
4259,41,فصلت,41,7,وانه,وإنه
4260,41,فصلت,42,2,ياتيه,يأتيه
4261,41,فصلت,43,4,الا,إلا
4261,41,فصلت,43,11,ان,إن
4261,41,فصلت,43,14,مغفره,مغفرة
4261,41,فصلت,43,17,اليم,أليم
4262,41,فصلت,44,3,قرانا,قرآنا
4262,41,فصلت,44,4,اعجميا,أعجميا
4262,41,فصلت,44,8,اياته,آياته
4262,41,فصلت,44,9,ااعجمي,أأعجمي
4262,41,فصلت,44,14,امنوا,آمنوا
4262,41,فصلت,44,15,هدي,هدى
4262,41,فصلت,44,19,يومنون,يؤمنون
4262,41,فصلت,44,21,اذانهم,آذانهم
4262,41,فصلت,44,25,عمي,عمى
4262,41,فصلت,44,26,اوليك,أولئك
4263,41,فصلت,45,2,اتينا,آتينا
4263,41,فصلت,45,3,موسي,موسى
4263,41,فصلت,45,8,كلمه,كلمة
4263,41,فصلت,45,14,وانهم,وإنهم
4264,41,فصلت,46,6,اساء,أساء
4265,41,فصلت,47,1,اليه,إليه
4265,41,فصلت,47,4,الساعه,الساعة
4265,41,فصلت,47,10,اكمامها,أكمامها
4265,41,فصلت,47,14,انثي,أنثى
4265,41,فصلت,47,17,الا,إلا
4265,41,فصلت,47,21,اين,أين
4265,41,فصلت,47,22,شركايي,شركائي
4265,41,فصلت,47,24,اذناك,آذناك
4267,41,فصلت,49,2,يسام,يسأم
4267,41,فصلت,49,3,الانسان,الإنسان
4267,41,فصلت,49,7,وان,وإن
4267,41,فصلت,49,10,فييوس,فيئوس
4268,41,فصلت,50,1,ولين,ولئن
4268,41,فصلت,50,2,اذقناه,أذقناه
4268,41,فصلت,50,3,رحمه,رحمة
4268,41,فصلت,50,13,اظن,أظن
4268,41,فصلت,50,14,الساعه,الساعة
4268,41,فصلت,50,15,قايمه,قائمة
4268,41,فصلت,50,16,ولين,ولئن
4268,41,فصلت,50,18,الي,إلى
4268,41,فصلت,50,20,ان,إن
4268,41,فصلت,50,23,للحسني,للحسنى
4268,41,فصلت,50,24,فلننبين,فلننبئن
4269,41,فصلت,51,1,واذا,وإذا
4269,41,فصلت,51,2,انعمنا,أنعمنا
4269,41,فصلت,51,3,علي,على
4269,41,فصلت,51,4,الانسان,الإنسان
4269,41,فصلت,51,5,اعرض,أعرض
4269,41,فصلت,51,6,وناي,ونأى
4269,41,فصلت,51,8,واذا,وإذا
4270,41,فصلت,52,2,ارايتم,أرأيتم
4270,41,فصلت,52,3,ان,إن
4270,41,فصلت,52,12,اضل,أضل
4271,41,فصلت,53,2,اياتنا,آياتنا
4271,41,فصلت,53,4,الافاق,الآفاق
4271,41,فصلت,53,6,انفسهم,أنفسهم
4271,41,فصلت,53,7,حتي,حتى
4271,41,فصلت,53,10,انه,أنه
4271,41,فصلت,53,12,اولم,أولم
4271,41,فصلت,53,15,انه,أنه
4271,41,فصلت,53,16,علي,على
4272,41,فصلت,54,1,الا,ألا
4272,41,فصلت,54,2,انهم,إنهم
4272,41,فصلت,54,4,مريه,مرية
4272,41,فصلت,54,8,الا,ألا
4272,41,فصلت,54,9,انه,إنه
4275,42,الشورى,3,3,اليك,إليك
4275,42,الشورى,3,4,والي,وإلى
4276,42,الشورى,4,7,الارض,الأرض
4277,42,الشورى,5,6,والملايكه,والملائكة
4277,42,الشورى,5,13,الارض,الأرض
4277,42,الشورى,5,14,الا,ألا
4277,42,الشورى,5,15,ان,إن
4278,42,الشورى,6,5,اولياء,أولياء
4278,42,الشورى,6,10,انت,أنت
4279,42,الشورى,7,2,اوحينا,أوحينا
4279,42,الشورى,7,3,اليك,إليك
4279,42,الشورى,7,4,قرانا,قرآنا
4279,42,الشورى,7,7,ام,أم
4279,42,الشورى,7,8,القري,القرى
4279,42,الشورى,7,19,الجنه,الجنة
4280,42,الشورى,8,5,امه,أمة
4280,42,الشورى,8,6,واحده,واحدة
4281,42,الشورى,9,1,ام,أم
4281,42,الشورى,9,5,اولياء,أولياء
4281,42,الشورى,9,11,الموتي,الموتى
4281,42,الشورى,9,13,علي,على
4282,42,الشورى,10,7,الي,إلى
4282,42,الشورى,10,14,واليه,وإليه
4282,42,الشورى,10,15,انيب,أنيب
4283,42,الشورى,11,3,والارض,والأرض
4283,42,الشورى,11,7,انفسكم,أنفسكم
4283,42,الشورى,11,8,ازواجا,أزواجا
4283,42,الشورى,11,10,الانعام,الأنعام
4283,42,الشورى,11,11,ازواجا,أزواجا
4283,42,الشورى,11,12,يذروكم,يذرؤكم
4284,42,الشورى,12,4,والارض,والأرض
4284,42,الشورى,12,10,انه,إنه
4285,42,الشورى,13,6,وصي,وصى
4285,42,الشورى,13,10,اوحينا,أوحينا
4285,42,الشورى,13,11,اليك,إليك
4285,42,الشورى,13,15,ابراهيم,إبراهيم
4285,42,الشورى,13,16,وموسي,وموسى
4285,42,الشورى,13,17,وعيسي,وعيسى
4285,42,الشورى,13,18,ان,أن
4285,42,الشورى,13,19,اقيموا,أقيموا
4285,42,الشورى,13,25,علي,على
4285,42,الشورى,13,29,اليه,إليه
4285,42,الشورى,13,32,اليه,إليه
4285,42,الشورى,13,36,اليه,إليه
4286,42,الشورى,14,3,الا,إلا
4286,42,الشورى,14,12,كلمه,كلمة
4286,42,الشورى,14,16,الي,إلى
4286,42,الشورى,14,17,اجل,أجل
4286,42,الشورى,14,18,مسمي,مسمى
4286,42,الشورى,14,21,وان,وإن
4286,42,الشورى,14,23,اورثوا,أورثوا
4287,42,الشورى,15,5,امرت,أمرت
4287,42,الشورى,15,8,اهواءهم,أهواءهم
4287,42,الشورى,15,10,امنت,آمنت
4287,42,الشورى,15,12,انزل,أنزل
4287,42,الشورى,15,16,وامرت,وأمرت
4287,42,الشورى,15,17,لاعدل,لأعدل
4287,42,الشورى,15,23,اعمالنا,أعمالنا
4287,42,الشورى,15,25,اعمالكم,أعمالكم
4287,42,الشورى,15,27,حجه,حجة
4287,42,الشورى,15,33,واليه,وإليه
4288,42,الشورى,16,11,داحضه,داحضة
4289,42,الشورى,17,3,انزل,أنزل
4289,42,الشورى,17,10,الساعه,الساعة
4290,42,الشورى,18,5,يومنون,يؤمنون
4290,42,الشورى,18,8,امنوا,آمنوا
4290,42,الشورى,18,12,انها,أنها
4290,42,الشورى,18,14,الا,ألا
4290,42,الشورى,18,15,ان,إن
4290,42,الشورى,18,19,الساعه,الساعة
4292,42,الشورى,20,5,الاخره,الآخرة
4292,42,الشورى,20,15,نوته,نؤته
4292,42,الشورى,20,20,الاخره,الآخرة
4293,42,الشورى,21,1,ام,أم
4293,42,الشورى,21,10,ياذن,يأذن
4293,42,الشورى,21,14,كلمه,كلمة
4293,42,الشورى,21,18,وان,وإن
4293,42,الشورى,21,22,اليم,أليم
4294,42,الشورى,22,1,تري,ترى
4294,42,الشورى,22,10,امنوا,آمنوا
4295,42,الشورى,23,7,امنوا,آمنوا
4295,42,الشورى,23,12,اسالكم,أسألكم
4295,42,الشورى,23,14,اجرا,أجرا
4295,42,الشورى,23,15,الا,إلا
4295,42,الشورى,23,16,الموده,المودة
4295,42,الشورى,23,18,القربي,القربى
4295,42,الشورى,23,21,حسنه,حسنة
4295,42,الشورى,23,26,ان,إن
4296,42,الشورى,24,1,ام,أم
4296,42,الشورى,24,3,افتري,افترى
4296,42,الشورى,24,4,علي,على
4296,42,الشورى,24,7,فان,فإن
4296,42,الشورى,24,8,يشا,يشإ
4296,42,الشورى,24,11,علي,على
4296,42,الشورى,24,19,انه,إنه
4297,42,الشورى,25,4,التوبه,التوبة
4297,42,الشورى,25,9,السييات,السيئات
4298,42,الشورى,26,3,امنوا,آمنوا
4299,42,الشورى,27,8,الارض,الأرض
4299,42,الشورى,27,14,انه,إنه
4301,42,الشورى,29,2,اياته,آياته
4301,42,الشورى,29,5,والارض,والأرض
4301,42,الشورى,29,10,دابه,دابة
4301,42,الشورى,29,12,علي,على
4301,42,الشورى,29,14,اذا,إذا
4302,42,الشورى,30,2,اصابكم,أصابكم
4302,42,الشورى,30,4,مصيبه,مصيبة
4302,42,الشورى,30,7,ايديكم,أيديكم
4303,42,الشورى,31,2,انتم,أنتم
4303,42,الشورى,31,5,الارض,الأرض
4304,42,الشورى,32,2,اياته,آياته
4304,42,الشورى,32,6,كالاعلام,كالأعلام
4305,42,الشورى,33,1,ان,إن
4305,42,الشورى,33,2,يشا,يشأ
4305,42,الشورى,33,7,علي,على
4305,42,الشورى,33,9,ان,إن
4305,42,الشورى,33,12,لايات,لآيات
4306,42,الشورى,34,1,او,أو
4307,42,الشورى,35,5,اياتنا,آياتنا
4308,42,الشورى,36,2,اوتيتم,أوتيتم
4308,42,الشورى,36,6,الحياه,الحياة
4308,42,الشورى,36,12,وابقي,وأبقى
4308,42,الشورى,36,14,امنوا,آمنوا
4308,42,الشورى,36,15,وعلي,وعلى
4309,42,الشورى,37,3,كباير,كبائر
4309,42,الشورى,37,4,الاثم,الإثم
4309,42,الشورى,37,6,واذا,وإذا
4310,42,الشورى,38,4,واقاموا,وأقاموا
4310,42,الشورى,38,5,الصلاه,الصلاة
4310,42,الشورى,38,6,وامرهم,وأمرهم
4310,42,الشورى,38,7,شوري,شورى
4311,42,الشورى,39,2,اذا,إذا
4311,42,الشورى,39,3,اصابهم,أصابهم
4312,42,الشورى,40,2,سييه,سيئة
4312,42,الشورى,40,3,سييه,سيئة
4312,42,الشورى,40,7,واصلح,وأصلح
4312,42,الشورى,40,8,فاجره,فأجره
4312,42,الشورى,40,9,علي,على
4312,42,الشورى,40,11,انه,إنه
4313,42,الشورى,41,5,فاوليك,فأولئك
4314,42,الشورى,42,1,انما,إنما
4314,42,الشورى,42,3,علي,على
4314,42,الشورى,42,9,الارض,الأرض
4314,42,الشورى,42,12,اوليك,أولئك
4314,42,الشورى,42,15,اليم,أليم
4315,42,الشورى,43,4,ان,إن
4315,42,الشورى,43,8,الامور,الأمور
4316,42,الشورى,44,10,وتري,وترى
4316,42,الشورى,44,13,راوا,رأوا
4316,42,الشورى,44,17,الي,إلى
4317,42,الشورى,45,13,امنوا,آمنوا
4317,42,الشورى,45,14,ان,إن
4317,42,الشورى,45,18,انفسهم,أنفسهم
4317,42,الشورى,45,19,واهليهم,وأهليهم
4317,42,الشورى,45,21,القيامه,القيامة
4317,42,الشورى,45,22,الا,ألا
4317,42,الشورى,45,23,ان,إن
4318,42,الشورى,46,5,اولياء,أولياء
4319,42,الشورى,47,5,ان,أن
4319,42,الشورى,47,6,ياتي,يأتي
4319,42,الشورى,47,16,ملجا,ملجإ
4319,42,الشورى,47,17,يوميذ,يومئذ
4320,42,الشورى,48,1,فان,فإن
4320,42,الشورى,48,2,اعرضوا,أعرضوا
4320,42,الشورى,48,4,ارسلناك,أرسلناك
4320,42,الشورى,48,7,ان,إن
4320,42,الشورى,48,9,الا,إلا
4320,42,الشورى,48,11,وانا,وإنا
4320,42,الشورى,48,12,اذا,إذا
4320,42,الشورى,48,13,اذقنا,أذقنا
4320,42,الشورى,48,14,الانسان,الإنسان
4320,42,الشورى,48,16,رحمه,رحمة
4320,42,الشورى,48,19,وان,وإن
4320,42,الشورى,48,21,سييه,سيئة
4320,42,الشورى,48,24,ايديهم,أيديهم
4320,42,الشورى,48,25,فان,فإن
4320,42,الشورى,48,26,الانسان,الإنسان
4321,42,الشورى,49,4,والارض,والأرض
4321,42,الشورى,49,11,اناثا,إناثا
4322,42,الشورى,50,1,او,أو
4322,42,الشورى,50,4,واناثا,وإناثا
4322,42,الشورى,50,9,انه,إنه
4323,42,الشورى,51,4,ان,أن
4323,42,الشورى,51,7,الا,إلا
4323,42,الشورى,51,9,او,أو
4323,42,الشورى,51,13,او,أو
4323,42,الشورى,51,17,باذنه,بإذنه
4323,42,الشورى,51,20,انه,إنه
4324,42,الشورى,52,2,اوحينا,أوحينا
4324,42,الشورى,52,3,اليك,إليك
4324,42,الشورى,52,6,امرنا,أمرنا
4324,42,الشورى,52,13,الايمان,الإيمان
4324,42,الشورى,52,23,وانك,وإنك
4324,42,الشورى,52,25,الي,إلى
4325,42,الشورى,53,10,الارض,الأرض
4325,42,الشورى,53,11,الا,ألا
4325,42,الشورى,53,12,الي,إلى
4325,42,الشورى,53,15,الامور,الأمور
4328,43,الزخرف,3,1,انا,إنا
4328,43,الزخرف,3,3,قرانا,قرآنا
4329,43,الزخرف,4,1,وانه,وإنه
4329,43,الزخرف,4,3,ام,أم
4330,43,الزخرف,5,1,افنضرب,أفنضرب
4330,43,الزخرف,5,5,ان,أن
4331,43,الزخرف,6,2,ارسلنا,أرسلنا
4331,43,الزخرف,6,6,الاولين,الأولين
4332,43,الزخرف,7,2,ياتيهم,يأتيهم
4332,43,الزخرف,7,5,الا,إلا
4332,43,الزخرف,7,8,يستهزيون,يستهزئون
4333,43,الزخرف,8,1,فاهلكنا,فأهلكنا
4333,43,الزخرف,8,2,اشد,أشد
4333,43,الزخرف,8,5,ومضي,ومضى
4333,43,الزخرف,8,7,الاولين,الأولين
4334,43,الزخرف,9,1,ولين,ولئن
4334,43,الزخرف,9,2,سالتهم,سألتهم
4334,43,الزخرف,9,6,والارض,والأرض
4335,43,الزخرف,10,4,الارض,الأرض
4336,43,الزخرف,11,7,فانشرنا,فأنشرنا
4336,43,الزخرف,11,9,بلده,بلدة
4337,43,الزخرف,12,3,الازواج,الأزواج
4337,43,الزخرف,12,9,والانعام,والأنعام
4338,43,الزخرف,13,2,علي,على
4338,43,الزخرف,13,6,نعمه,نعمة
4338,43,الزخرف,13,8,اذا,إذا
4339,43,الزخرف,14,1,وانا,وإنا
4339,43,الزخرف,14,2,الي,إلى
4340,43,الزخرف,15,6,ان,إن
4340,43,الزخرف,15,7,الانسان,الإنسان
4341,43,الزخرف,16,1,ام,أم
4341,43,الزخرف,16,6,واصفاكم,وأصفاكم
4342,43,الزخرف,17,1,واذا,وإذا
4342,43,الزخرف,17,3,احدهم,أحدهم
4343,43,الزخرف,18,1,اومن,أومن
4343,43,الزخرف,18,2,ينشا,ينشأ
4343,43,الزخرف,18,4,الحليه,الحلية
4344,43,الزخرف,19,2,الملايكه,الملائكة
4344,43,الزخرف,19,7,اناثا,إناثا
4344,43,الزخرف,19,8,اشهدوا,أشهدوا
4344,43,الزخرف,19,12,ويسالون,ويسألون
4345,43,الزخرف,20,12,ان,إن
4345,43,الزخرف,20,14,الا,إلا
4346,43,الزخرف,21,1,ام,أم
4346,43,الزخرف,21,2,اتيناهم,آتيناهم
4347,43,الزخرف,22,3,انا,إنا
4347,43,الزخرف,22,5,اباءنا,آباءنا
4347,43,الزخرف,22,6,علي,على
4347,43,الزخرف,22,7,امه,أمة
4347,43,الزخرف,22,8,وانا,وإنا
4347,43,الزخرف,22,9,علي,على
4347,43,الزخرف,22,10,اثارهم,آثارهم
4348,43,الزخرف,23,3,ارسلنا,أرسلنا
4348,43,الزخرف,23,7,قريه,قرية
4348,43,الزخرف,23,10,الا,إلا
4348,43,الزخرف,23,13,انا,إنا
4348,43,الزخرف,23,15,اباءنا,آباءنا
4348,43,الزخرف,23,16,علي,على
4348,43,الزخرف,23,17,امه,أمة
4348,43,الزخرف,23,18,وانا,وإنا
4348,43,الزخرف,23,19,علي,على
4348,43,الزخرف,23,20,اثارهم,آثارهم
4349,43,الزخرف,24,2,اولو,أولو
4349,43,الزخرف,24,3,جيتكم,جئتكم
4349,43,الزخرف,24,4,باهدي,بأهدى
4349,43,الزخرف,24,8,اباءكم,آباءكم
4349,43,الزخرف,24,10,انا,إنا
4349,43,الزخرف,24,12,ارسلتم,أرسلتم
4350,43,الزخرف,25,6,عاقبه,عاقبة
4351,43,الزخرف,26,1,واذ,وإذ
4351,43,الزخرف,26,3,ابراهيم,إبراهيم
4351,43,الزخرف,26,4,لابيه,لأبيه
4351,43,الزخرف,26,6,انني,إنني
4352,43,الزخرف,27,1,الا,إلا
4352,43,الزخرف,27,4,فانه,فإنه
4353,43,الزخرف,28,2,كلمه,كلمة
4353,43,الزخرف,28,3,باقيه,باقية
4354,43,الزخرف,29,3,هولاء,هؤلاء
4354,43,الزخرف,29,4,واباءهم,وآباءهم
4354,43,الزخرف,29,5,حتي,حتى
4355,43,الزخرف,30,7,وانا,وإنا
4356,43,الزخرف,31,5,القران,القرآن
4356,43,الزخرف,31,6,علي,على
4357,43,الزخرف,32,1,اهم,أهم
4357,43,الزخرف,32,10,الحياه,الحياة
4358,43,الزخرف,33,2,ان,أن
4358,43,الزخرف,33,5,امه,أمة
4358,43,الزخرف,33,6,واحده,واحدة
4358,43,الزخرف,33,14,فضه,فضة
4359,43,الزخرف,34,2,ابوابا,أبوابا
4359,43,الزخرف,34,5,يتكيون,يتكئون
4360,43,الزخرف,35,2,وان,وإن
4360,43,الزخرف,35,7,الحياه,الحياة
4360,43,الزخرف,35,9,والاخره,والآخرة
4362,43,الزخرف,37,1,وانهم,وإنهم
4362,43,الزخرف,37,6,انهم,أنهم
4363,43,الزخرف,38,1,حتي,حتى
4363,43,الزخرف,38,2,اذا,إذا
4363,43,الزخرف,38,11,فبيس,فبئس
4364,43,الزخرف,39,4,اذ,إذ
4364,43,الزخرف,39,6,انكم,أنكم
4365,43,الزخرف,40,1,افانت,أفأنت
4365,43,الزخرف,40,4,او,أو
4366,43,الزخرف,41,1,فاما,فإما
4366,43,الزخرف,41,4,فانا,فإنا
4367,43,الزخرف,42,1,او,أو
4367,43,الزخرف,42,5,فانا,فإنا
4368,43,الزخرف,43,3,اوحي,أوحي
4368,43,الزخرف,43,4,اليك,إليك
4368,43,الزخرف,43,5,انك,إنك
4368,43,الزخرف,43,6,علي,على
4369,43,الزخرف,44,1,وانه,وإنه
4369,43,الزخرف,44,6,تسالون,تسألون
4370,43,الزخرف,45,1,واسال,واسأل
4370,43,الزخرف,45,3,ارسلنا,أرسلنا
4370,43,الزخرف,45,8,اجعلنا,أجعلنا
4370,43,الزخرف,45,12,الهه,آلهة
4371,43,الزخرف,46,2,ارسلنا,أرسلنا
4371,43,الزخرف,46,3,موسي,موسى
4371,43,الزخرف,46,4,باياتنا,بآياتنا
4371,43,الزخرف,46,5,الي,إلى
4371,43,الزخرف,46,7,ومليه,وملئه
4371,43,الزخرف,46,9,اني,إني
4372,43,الزخرف,47,3,باياتنا,بآياتنا
4372,43,الزخرف,47,4,اذا,إذا
4373,43,الزخرف,48,4,ايه,آية
4373,43,الزخرف,48,5,الا,إلا
4373,43,الزخرف,48,7,اكبر,أكبر
4373,43,الزخرف,48,9,اختها,أختها
4373,43,الزخرف,48,10,واخذناهم,وأخذناهم
4374,43,الزخرف,49,3,ايه,أيه
4374,43,الزخرف,49,11,اننا,إننا
4375,43,الزخرف,50,5,اذا,إذا
4376,43,الزخرف,51,1,ونادي,ونادى
4376,43,الزخرف,51,8,اليس,أليس
4376,43,الزخرف,51,13,الانهار,الأنهار
4376,43,الزخرف,51,17,افلا,أفلا
4377,43,الزخرف,52,1,ام,أم
4377,43,الزخرف,52,2,انا,أنا
4378,43,الزخرف,53,2,القي,ألقي
4378,43,الزخرف,53,4,اسوره,أسورة
4378,43,الزخرف,53,7,او,أو
4378,43,الزخرف,53,10,الملايكه,الملائكة
4379,43,الزخرف,54,3,فاطاعوه,فأطاعوه
4379,43,الزخرف,54,4,انهم,إنهم
4380,43,الزخرف,55,2,اسفونا,آسفونا
4380,43,الزخرف,55,5,فاغرقناهم,فأغرقناهم
4380,43,الزخرف,55,6,اجمعين,أجمعين
4381,43,الزخرف,56,4,للاخرين,للآخرين
4382,43,الزخرف,57,6,اذا,إذا
4383,43,الزخرف,58,2,االهتنا,أآلهتنا
4383,43,الزخرف,58,4,ام,أم
4383,43,الزخرف,58,9,الا,إلا
4384,43,الزخرف,59,1,ان,إن
4384,43,الزخرف,59,3,الا,إلا
4384,43,الزخرف,59,5,انعمنا,أنعمنا
4384,43,الزخرف,59,10,اسراييل,إسرائيل
4385,43,الزخرف,60,5,ملايكه,ملائكة
4385,43,الزخرف,60,7,الارض,الأرض
4386,43,الزخرف,61,1,وانه,وإنه
4386,43,الزخرف,61,3,للساعه,للساعة
4387,43,الزخرف,62,4,انه,إنه
4388,43,الزخرف,63,3,عيسي,عيسى
4388,43,الزخرف,63,7,جيتكم,جئتكم
4388,43,الزخرف,63,8,بالحكمه,بالحكمة
4388,43,الزخرف,63,9,ولابين,ولأبين
4388,43,الزخرف,63,17,واطيعون,وأطيعون
4389,43,الزخرف,64,1,ان,إن
4390,43,الزخرف,65,2,الاحزاب,الأحزاب
4390,43,الزخرف,65,11,اليم,أليم
4391,43,الزخرف,66,3,الا,إلا
4391,43,الزخرف,66,4,الساعه,الساعة
4391,43,الزخرف,66,5,ان,أن
4391,43,الزخرف,66,6,تاتيهم,تأتيهم
4391,43,الزخرف,66,7,بغته,بغتة
4392,43,الزخرف,67,1,الاخلاء,الأخلاء
4392,43,الزخرف,67,2,يوميذ,يومئذ
4392,43,الزخرف,67,6,الا,إلا
4393,43,الزخرف,68,8,انتم,أنتم
4394,43,الزخرف,69,2,امنوا,آمنوا
4394,43,الزخرف,69,3,باياتنا,بآياتنا
4395,43,الزخرف,70,2,الجنه,الجنة
4395,43,الزخرف,70,3,انتم,أنتم
4395,43,الزخرف,70,4,وازواجكم,وأزواجكم
4396,43,الزخرف,71,6,واكواب,وأكواب
4396,43,الزخرف,71,10,الانفس,الأنفس
4396,43,الزخرف,71,12,الاعين,الأعين
4396,43,الزخرف,71,13,وانتم,وأنتم
4397,43,الزخرف,72,2,الجنه,الجنة
4397,43,الزخرف,72,4,اورثتموها,أورثتموها
4398,43,الزخرف,73,3,فاكهه,فاكهة
4398,43,الزخرف,73,4,كثيره,كثيرة
4398,43,الزخرف,73,6,تاكلون,تأكلون
4399,43,الزخرف,74,1,ان,إن
4402,43,الزخرف,77,8,انكم,إنكم
4403,43,الزخرف,78,2,جيناكم,جئناكم
4403,43,الزخرف,78,5,اكثركم,أكثركم
4404,43,الزخرف,79,1,ام,أم
4404,43,الزخرف,79,2,ابرموا,أبرموا
4404,43,الزخرف,79,3,امرا,أمرا
4404,43,الزخرف,79,4,فانا,فإنا
4405,43,الزخرف,80,1,ام,أم
4405,43,الزخرف,80,3,انا,أنا
4405,43,الزخرف,80,8,بلي,بلى
4406,43,الزخرف,81,2,ان,إن
4406,43,الزخرف,81,6,فانا,فأنا
4406,43,الزخرف,81,7,اول,أول
4407,43,الزخرف,82,4,والارض,والأرض
4408,43,الزخرف,83,4,حتي,حتى
4409,43,الزخرف,84,5,اله,إله
4409,43,الزخرف,84,7,الارض,الأرض
4409,43,الزخرف,84,8,اله,إله
4410,43,الزخرف,85,6,والارض,والأرض
4410,43,الزخرف,85,11,الساعه,الساعة
4410,43,الزخرف,85,12,واليه,وإليه
4411,43,الزخرف,86,7,الشفاعه,الشفاعة
4411,43,الزخرف,86,8,الا,إلا
4412,43,الزخرف,87,1,ولين,ولئن
4412,43,الزخرف,87,2,سالتهم,سألتهم
4412,43,الزخرف,87,7,فاني,فأنى
4412,43,الزخرف,87,8,يوفكون,يؤفكون
4413,43,الزخرف,88,4,ان,إن
4413,43,الزخرف,88,5,هولاء,هؤلاء
4413,43,الزخرف,88,8,يومنون,يؤمنون
4417,44,الدخان,3,1,انا,إنا
4417,44,الدخان,3,2,انزلناه,أنزلناه
4417,44,الدخان,3,4,ليله,ليلة
4417,44,الدخان,3,5,مباركه,مباركة
4417,44,الدخان,3,6,انا,إنا
4418,44,الدخان,4,4,امر,أمر
4419,44,الدخان,5,1,امرا,أمرا
4419,44,الدخان,5,4,انا,إنا
4420,44,الدخان,6,1,رحمه,رحمة
4420,44,الدخان,6,4,انه,إنه
4421,44,الدخان,7,3,والارض,والأرض
4421,44,الدخان,7,6,ان,إن
4422,44,الدخان,8,2,اله,إله
4422,44,الدخان,8,3,الا,إلا
4422,44,الدخان,8,9,ابايكم,آبائكم
4422,44,الدخان,8,10,الاولين,الأولين
4424,44,الدخان,10,3,تاتي,تأتي
4425,44,الدخان,11,1,يغشي,يغشى
4425,44,الدخان,11,5,اليم,أليم
4426,44,الدخان,12,5,انا,إنا
4426,44,الدخان,12,6,مومنون,مؤمنون
4427,44,الدخان,13,1,اني,أنى
4427,44,الدخان,13,3,الذكري,الذكرى
4429,44,الدخان,15,1,انا,إنا
4429,44,الدخان,15,5,انكم,إنكم
4429,44,الدخان,15,6,عايدون,عائدون
4430,44,الدخان,16,3,البطشه,البطشة
4430,44,الدخان,16,4,الكبري,الكبرى
4430,44,الدخان,16,5,انا,إنا
4432,44,الدخان,18,1,ان,أن
4432,44,الدخان,18,2,ادوا,أدوا
4432,44,الدخان,18,3,الي,إلي
4432,44,الدخان,18,6,اني,إني
4432,44,الدخان,18,9,امين,أمين
4433,44,الدخان,19,1,وان,وأن
4433,44,الدخان,19,4,علي,على
4433,44,الدخان,19,6,اني,إني
4433,44,الدخان,19,7,اتيكم,آتيكم
4434,44,الدخان,20,1,واني,وإني
4434,44,الدخان,20,5,ان,أن
4435,44,الدخان,21,1,وان,وإن
4435,44,الدخان,21,3,تومنوا,تؤمنوا
4436,44,الدخان,22,3,ان,أن
4436,44,الدخان,22,4,هولاء,هؤلاء
4437,44,الدخان,23,1,فاسر,فأسر
4437,44,الدخان,23,4,انكم,إنكم
4438,44,الدخان,24,4,انهم,إنهم
4441,44,الدخان,27,1,ونعمه,ونعمة
4442,44,الدخان,28,2,واورثناها,وأورثناها
4442,44,الدخان,28,4,اخرين,آخرين
4443,44,الدخان,29,5,والارض,والأرض
4444,44,الدخان,30,4,اسراييل,إسرائيل
4445,44,الدخان,31,3,انه,إنه
4446,44,الدخان,32,3,علي,على
4446,44,الدخان,32,5,علي,على
4447,44,الدخان,33,1,واتيناهم,وآتيناهم
4447,44,الدخان,33,3,الايات,الآيات
4448,44,الدخان,34,1,ان,إن
4448,44,الدخان,34,2,هولاء,هؤلاء
4449,44,الدخان,35,1,ان,إن
4449,44,الدخان,35,3,الا,إلا
4449,44,الدخان,35,5,الاولي,الأولى
4450,44,الدخان,36,1,فاتوا,فأتوا
4450,44,الدخان,36,2,باباينا,بآبائنا
4450,44,الدخان,36,3,ان,إن
4451,44,الدخان,37,1,اهم,أهم
4451,44,الدخان,37,3,ام,أم
4451,44,الدخان,37,9,اهلكناهم,أهلكناهم
4451,44,الدخان,37,10,انهم,إنهم
4452,44,الدخان,38,4,والارض,والأرض
4453,44,الدخان,39,3,الا,إلا
4453,44,الدخان,39,6,اكثرهم,أكثرهم
4454,44,الدخان,40,1,ان,إن
4454,44,الدخان,40,5,اجمعين,أجمعين
4455,44,الدخان,41,4,مولي,مولى
4455,44,الدخان,41,6,مولي,مولى
4455,44,الدخان,41,7,شييا,شيئا
4456,44,الدخان,42,1,الا,إلا
4456,44,الدخان,42,5,انه,إنه
4457,44,الدخان,43,1,ان,إن
4458,44,الدخان,44,2,الاثيم,الأثيم
4461,44,الدخان,47,3,الي,إلى
4462,44,الدخان,48,4,راسه,رأسه
4463,44,الدخان,49,2,انك,إنك
4463,44,الدخان,49,3,انت,أنت
4464,44,الدخان,50,1,ان,إن
4465,44,الدخان,51,1,ان,إن
4465,44,الدخان,51,5,امين,أمين
4467,44,الدخان,53,4,واستبرق,وإستبرق
4469,44,الدخان,55,4,فاكهه,فاكهة
4469,44,الدخان,55,5,امنين,آمنين
4470,44,الدخان,56,5,الا,إلا
4470,44,الدخان,56,6,الموته,الموتة
4470,44,الدخان,56,7,الاولي,الأولى
4472,44,الدخان,58,1,فانما,فإنما
4473,44,الدخان,59,2,انهم,إنهم
4476,45,الجاثية,3,1,ان,إن
4476,45,الجاثية,3,4,والارض,والأرض
4476,45,الجاثية,3,5,لايات,لآيات
4476,45,الجاثية,3,6,للمومنين,للمؤمنين
4477,45,الجاثية,4,6,دابه,دابة
4477,45,الجاثية,4,7,ايات,آيات
4478,45,الجاثية,5,5,انزل,أنزل
4478,45,الجاثية,5,11,فاحيا,فأحيا
4478,45,الجاثية,5,13,الارض,الأرض
4478,45,الجاثية,5,18,ايات,آيات
4479,45,الجاثية,6,2,ايات,آيات
4479,45,الجاثية,6,7,فباي,فبأي
4479,45,الجاثية,6,11,واياته,وآياته
4479,45,الجاثية,6,12,يومنون,يؤمنون
4480,45,الجاثية,7,3,افاك,أفاك
4480,45,الجاثية,7,4,اثيم,أثيم
4481,45,الجاثية,8,2,ايات,آيات
4481,45,الجاثية,8,4,تتلي,تتلى
4481,45,الجاثية,8,9,كان,كأن
4481,45,الجاثية,8,14,اليم,أليم
4482,45,الجاثية,9,1,واذا,وإذا
4482,45,الجاثية,9,4,اياتنا,آياتنا
4482,45,الجاثية,9,5,شييا,شيئا
4482,45,الجاثية,9,8,اوليك,أولئك
4483,45,الجاثية,10,2,ورايهم,ورائهم
4483,45,الجاثية,10,9,شييا,شيئا
4483,45,الجاثية,10,16,اولياء,أولياء
4484,45,الجاثية,11,2,هدي,هدى
4484,45,الجاثية,11,5,بايات,بآيات
4484,45,الجاثية,11,11,اليم,أليم
4485,45,الجاثية,12,9,بامره,بأمره
4486,45,الجاثية,13,8,الارض,الأرض
4486,45,الجاثية,13,11,ان,إن
4486,45,الجاثية,13,14,لايات,لآيات
4487,45,الجاثية,14,3,امنوا,آمنوا
4487,45,الجاثية,14,8,ايام,أيام
4488,45,الجاثية,15,6,اساء,أساء
4488,45,الجاثية,15,9,الي,إلى
4489,45,الجاثية,16,2,اتينا,آتينا
4489,45,الجاثية,16,4,اسراييل,إسرائيل
4489,45,الجاثية,16,7,والنبوه,والنبوة
4489,45,الجاثية,16,12,علي,على
4490,45,الجاثية,17,1,واتيناهم,وآتيناهم
4490,45,الجاثية,17,4,الامر,الأمر
4490,45,الجاثية,17,7,الا,إلا
4490,45,الجاثية,17,15,ان,إن
4490,45,الجاثية,17,20,القيامه,القيامة
4491,45,الجاثية,18,3,علي,على
4491,45,الجاثية,18,4,شريعه,شريعة
4491,45,الجاثية,18,6,الامر,الأمر
4491,45,الجاثية,18,10,اهواء,أهواء
4492,45,الجاثية,19,1,انهم,إنهم
4492,45,الجاثية,19,7,شييا,شيئا
4492,45,الجاثية,19,8,وان,وإن
4492,45,الجاثية,19,11,اولياء,أولياء
4493,45,الجاثية,20,2,بصاير,بصائر
4493,45,الجاثية,20,4,وهدي,وهدى
4493,45,الجاثية,20,5,ورحمه,ورحمة
4494,45,الجاثية,21,1,ام,أم
4494,45,الجاثية,21,5,السييات,السيئات
4494,45,الجاثية,21,6,ان,أن
4494,45,الجاثية,21,9,امنوا,آمنوا
4495,45,الجاثية,22,4,والارض,والأرض
4495,45,الجاثية,22,6,ولتجزي,ولتجزى
4496,45,الجاثية,23,1,افرايت,أفرأيت
4496,45,الجاثية,23,4,الهه,إلهه
4496,45,الجاثية,23,6,واضله,وأضله
4496,45,الجاثية,23,8,علي,على
4496,45,الجاثية,23,11,علي,على
4496,45,الجاثية,23,15,علي,على
4496,45,الجاثية,23,17,غشاوه,غشاوة
4496,45,الجاثية,23,23,افلا,أفلا
4497,45,الجاثية,24,4,الا,إلا
4497,45,الجاثية,24,11,الا,إلا
4497,45,الجاثية,24,18,ان,إن
4497,45,الجاثية,24,20,الا,إلا
4498,45,الجاثية,25,1,واذا,وإذا
4498,45,الجاثية,25,2,تتلي,تتلى
4498,45,الجاثية,25,4,اياتنا,آياتنا
4498,45,الجاثية,25,9,الا,إلا
4498,45,الجاثية,25,10,ان,أن
4498,45,الجاثية,25,12,ايتوا,ائتوا
4498,45,الجاثية,25,13,باباينا,بآبائنا
4498,45,الجاثية,25,14,ان,إن
4499,45,الجاثية,26,8,الي,إلى
4499,45,الجاثية,26,10,القيامه,القيامة
4499,45,الجاثية,26,15,اكثر,أكثر
4500,45,الجاثية,27,4,والارض,والأرض
4500,45,الجاثية,27,7,الساعه,الساعة
4500,45,الجاثية,27,8,يوميذ,يومئذ
4501,45,الجاثية,28,1,وتري,وترى
4501,45,الجاثية,28,3,امه,أمة
4501,45,الجاثية,28,4,جاثيه,جاثية
4501,45,الجاثية,28,6,امه,أمة
4501,45,الجاثية,28,7,تدعي,تدعى
4501,45,الجاثية,28,8,الي,إلى
4502,45,الجاثية,29,6,انا,إنا
4503,45,الجاثية,30,1,فاما,فأما
4503,45,الجاثية,30,3,امنوا,آمنوا
4504,45,الجاثية,31,1,واما,وأما
4504,45,الجاثية,31,4,افلم,أفلم
4504,45,الجاثية,31,6,اياتي,آياتي
4504,45,الجاثية,31,7,تتلي,تتلى
4505,45,الجاثية,32,1,واذا,وإذا
4505,45,الجاثية,32,3,ان,إن
4505,45,الجاثية,32,7,والساعه,والساعة
4505,45,الجاثية,32,15,الساعه,الساعة
4505,45,الجاثية,32,16,ان,إن
4505,45,الجاثية,32,18,الا,إلا
4506,45,الجاثية,33,3,سييات,سيئات
4506,45,الجاثية,33,11,يستهزيون,يستهزئون
4507,45,الجاثية,34,9,وماواكم,ومأواكم
4508,45,الجاثية,35,2,بانكم,بأنكم
4508,45,الجاثية,35,4,ايات,آيات
4508,45,الجاثية,35,8,الحياه,الحياة
4509,45,الجاثية,36,6,الارض,الأرض
4510,45,الجاثية,37,5,والارض,والأرض
4513,46,الأحقاف,3,4,والارض,والأرض
4513,46,الأحقاف,3,7,الا,إلا
4513,46,الأحقاف,3,9,واجل,وأجل
4513,46,الأحقاف,3,10,مسمي,مسمى
4513,46,الأحقاف,3,14,انذروا,أنذروا
4514,46,الأحقاف,4,2,ارايتم,أرأيتم
4514,46,الأحقاف,4,8,اروني,أروني
4514,46,الأحقاف,4,12,الارض,الأرض
4514,46,الأحقاف,4,13,ام,أم
4514,46,الأحقاف,4,18,ايتوني,ائتوني
4514,46,الأحقاف,4,23,او,أو
4514,46,الأحقاف,4,24,اثاره,أثارة
4514,46,الأحقاف,4,27,ان,إن
4515,46,الأحقاف,5,2,اضل,أضل
4515,46,الأحقاف,5,12,الي,إلى
4515,46,الأحقاف,5,14,القيامه,القيامة
4515,46,الأحقاف,5,17,دعايهم,دعائهم
4516,46,الأحقاف,6,1,واذا,وإذا
4516,46,الأحقاف,6,6,اعداء,أعداء
4517,46,الأحقاف,7,1,واذا,وإذا
4517,46,الأحقاف,7,2,تتلي,تتلى
4517,46,الأحقاف,7,4,اياتنا,آياتنا
4518,46,الأحقاف,8,1,ام,أم
4518,46,الأحقاف,8,5,ان,إن
4518,46,الأحقاف,8,12,شييا,شيئا
4518,46,الأحقاف,8,14,اعلم,أعلم
4518,46,الأحقاف,8,18,كفي,كفى
4519,46,الأحقاف,9,8,ادري,أدري
4519,46,الأحقاف,9,14,ان,إن
4519,46,الأحقاف,9,15,اتبع,أتبع
4519,46,الأحقاف,9,16,الا,إلا
4519,46,الأحقاف,9,18,يوحي,يوحى
4519,46,الأحقاف,9,19,الي,إلي
4519,46,الأحقاف,9,21,انا,أنا
4519,46,الأحقاف,9,22,الا,إلا
4520,46,الأحقاف,10,2,ارايتم,أرأيتم
4520,46,الأحقاف,10,3,ان,إن
4520,46,الأحقاف,10,14,اسراييل,إسرائيل
4520,46,الأحقاف,10,15,علي,على
4520,46,الأحقاف,10,17,فامن,فآمن
4520,46,الأحقاف,10,19,ان,إن
4521,46,الأحقاف,11,5,امنوا,آمنوا
4521,46,الأحقاف,11,11,اليه,إليه
4521,46,الأحقاف,11,12,واذ,وإذ
4521,46,الأحقاف,11,18,افك,إفك
4522,46,الأحقاف,12,4,موسي,موسى
4522,46,الأحقاف,12,5,اماما,إماما
4522,46,الأحقاف,12,6,ورحمه,ورحمة
4522,46,الأحقاف,12,15,وبشري,وبشرى
4523,46,الأحقاف,13,1,ان,إن
4524,46,الأحقاف,14,1,اوليك,أولئك
4524,46,الأحقاف,14,2,اصحاب,أصحاب
4524,46,الأحقاف,14,3,الجنه,الجنة
4525,46,الأحقاف,15,2,الانسان,الإنسان
4525,46,الأحقاف,15,4,احسانا,إحسانا
4525,46,الأحقاف,15,6,امه,أمه
4525,46,الأحقاف,15,14,حتي,حتى
4525,46,الأحقاف,15,15,اذا,إذا
4525,46,الأحقاف,15,17,اشده,أشده
4525,46,الأحقاف,15,19,اربعين,أربعين
4525,46,الأحقاف,15,20,سنه,سنة
4525,46,الأحقاف,15,23,اوزعني,أوزعني
4525,46,الأحقاف,15,24,ان,أن
4525,46,الأحقاف,15,25,اشكر,أشكر
4525,46,الأحقاف,15,28,انعمت,أنعمت
4525,46,الأحقاف,15,30,وعلي,وعلى
4525,46,الأحقاف,15,32,وان,وأن
4525,46,الأحقاف,15,33,اعمل,أعمل
4525,46,الأحقاف,15,36,واصلح,وأصلح
4525,46,الأحقاف,15,40,اني,إني
4525,46,الأحقاف,15,42,اليك,إليك
4525,46,الأحقاف,15,43,واني,وإني
4526,46,الأحقاف,16,1,اوليك,أولئك
4526,46,الأحقاف,16,5,احسن,أحسن
4526,46,الأحقاف,16,10,سيياتهم,سيئاتهم
4526,46,الأحقاف,16,12,اصحاب,أصحاب
4526,46,الأحقاف,16,13,الجنه,الجنة
4527,46,الأحقاف,17,4,اف,أف
4527,46,الأحقاف,17,6,اتعدانني,أتعدانني
4527,46,الأحقاف,17,7,ان,أن
4527,46,الأحقاف,17,8,اخرج,أخرج
4527,46,الأحقاف,17,18,امن,آمن
4527,46,الأحقاف,17,19,ان,إن
4527,46,الأحقاف,17,26,الا,إلا
4527,46,الأحقاف,17,27,اساطير,أساطير
4527,46,الأحقاف,17,28,الاولين,الأولين
4528,46,الأحقاف,18,1,اوليك,أولئك
4528,46,الأحقاف,18,7,امم,أمم
4528,46,الأحقاف,18,14,والانس,والإنس
4528,46,الأحقاف,18,15,انهم,إنهم
4529,46,الأحقاف,19,6,اعمالهم,أعمالهم
4530,46,الأحقاف,20,5,علي,على
4530,46,الأحقاف,20,7,اذهبتم,أذهبتم
4530,46,الأحقاف,20,22,الارض,الأرض
4531,46,الأحقاف,21,2,اخا,أخا
4531,46,الأحقاف,21,4,اذ,إذ
4531,46,الأحقاف,21,5,انذر,أنذر
4531,46,الأحقاف,21,7,بالاحقاف,بالأحقاف
4531,46,الأحقاف,21,16,الا,ألا
4531,46,الأحقاف,21,18,الا,إلا
4531,46,الأحقاف,21,20,اني,إني
4531,46,الأحقاف,21,21,اخاف,أخاف
4532,46,الأحقاف,22,2,اجيتنا,أجئتنا
4532,46,الأحقاف,22,3,لتافكنا,لتأفكنا
4532,46,الأحقاف,22,5,الهتنا,آلهتنا
4532,46,الأحقاف,22,6,فاتنا,فأتنا
4532,46,الأحقاف,22,9,ان,إن
4533,46,الأحقاف,23,2,انما,إنما
4533,46,الأحقاف,23,6,وابلغكم,وأبلغكم
4533,46,الأحقاف,23,8,ارسلت,أرسلت
4533,46,الأحقاف,23,11,اراكم,أراكم
4534,46,الأحقاف,24,2,راوه,رأوه
4534,46,الأحقاف,24,5,اوديتهم,أوديتهم
4534,46,الأحقاف,24,18,اليم,أليم
4535,46,الأحقاف,25,4,بامر,بأمر
4535,46,الأحقاف,25,6,فاصبحوا,فأصبحوا
4535,46,الأحقاف,25,8,يري,يرى
4535,46,الأحقاف,25,9,الا,إلا
4536,46,الأحقاف,26,4,ان,إن
4536,46,الأحقاف,26,10,وابصارا,وأبصارا
4536,46,الأحقاف,26,11,وافيده,وأفئدة
4536,46,الأحقاف,26,13,اغني,أغنى
4536,46,الأحقاف,26,17,ابصارهم,أبصارهم
4536,46,الأحقاف,26,19,افيدتهم,أفئدتهم
4536,46,الأحقاف,26,22,اذ,إذ
4536,46,الأحقاف,26,25,بايات,بآيات
4536,46,الأحقاف,26,32,يستهزيون,يستهزئون
4537,46,الأحقاف,27,2,اهلكنا,أهلكنا
4537,46,الأحقاف,27,6,القري,القرى
4537,46,الأحقاف,27,8,الايات,الآيات
4538,46,الأحقاف,28,9,الهه,آلهة
4538,46,الأحقاف,28,14,افكهم,إفكهم
4539,46,الأحقاف,29,1,واذ,وإذ
4539,46,الأحقاف,29,3,اليك,إليك
4539,46,الأحقاف,29,8,القران,القرآن
4539,46,الأحقاف,29,12,انصتوا,أنصتوا
4539,46,الأحقاف,29,16,الي,إلى
4540,46,الأحقاف,30,4,انا,إنا
4540,46,الأحقاف,30,7,انزل,أنزل
4540,46,الأحقاف,30,10,موسي,موسى
4540,46,الأحقاف,30,16,الي,إلى
4540,46,الأحقاف,30,18,والي,وإلى
4541,46,الأحقاف,31,3,اجيبوا,أجيبوا
4541,46,الأحقاف,31,6,وامنوا,وآمنوا
4541,46,الأحقاف,31,15,اليم,أليم
4542,46,الأحقاف,32,9,الارض,الأرض
4542,46,الأحقاف,32,14,اولياء,أولياء
4542,46,الأحقاف,32,15,اوليك,أولئك
4543,46,الأحقاف,33,1,اولم,أولم
4543,46,الأحقاف,33,3,ان,أن
4543,46,الأحقاف,33,8,والارض,والأرض
4543,46,الأحقاف,33,13,علي,على
4543,46,الأحقاف,33,14,ان,أن
4543,46,الأحقاف,33,16,الموتي,الموتى
4543,46,الأحقاف,33,17,بلي,بلى
4543,46,الأحقاف,33,18,انه,إنه
4543,46,الأحقاف,33,19,علي,على
4544,46,الأحقاف,34,5,علي,على
4544,46,الأحقاف,34,7,اليس,أليس
4544,46,الأحقاف,34,11,بلي,بلى
4545,46,الأحقاف,35,4,اولو,أولو
4545,46,الأحقاف,35,11,كانهم,كأنهم
4545,46,الأحقاف,35,18,الا,إلا
4545,46,الأحقاف,35,19,ساعه,ساعة
4545,46,الأحقاف,35,25,الا,إلا
4546,47,محمد,1,11,اضل,أضل
4546,47,محمد,1,12,اعمالهم,أعمالهم
4547,47,محمد,2,2,امنوا,آمنوا
4547,47,محمد,2,5,وامنوا,وآمنوا
4547,47,محمد,2,8,علي,على
4547,47,محمد,2,16,سيياتهم,سيئاتهم
4547,47,محمد,2,17,واصلح,وأصلح
4548,47,محمد,3,2,بان,بأن
4548,47,محمد,3,7,وان,وأن
4548,47,محمد,3,9,امنوا,آمنوا
4548,47,محمد,3,18,امثالهم,أمثالهم
4549,47,محمد,4,1,فاذا,فإذا
4549,47,محمد,4,7,حتي,حتى
4549,47,محمد,4,8,اذا,إذا
4549,47,محمد,4,9,اثخنتموهم,أثخنتموهم
4549,47,محمد,4,12,فاما,فإما
4549,47,محمد,4,15,واما,وإما
4549,47,محمد,4,17,حتي,حتى
4549,47,محمد,4,20,اوزارها,أوزارها
4549,47,محمد,4,38,اعمالهم,أعمالهم
4551,47,محمد,6,2,الجنه,الجنة
4552,47,محمد,7,2,ايها,أيها
4552,47,محمد,7,4,امنوا,آمنوا
4552,47,محمد,7,5,ان,إن
4552,47,محمد,7,10,اقدامكم,أقدامكم
4553,47,محمد,8,5,واضل,وأضل
4553,47,محمد,8,6,اعمالهم,أعمالهم
4554,47,محمد,9,2,بانهم,بأنهم
4554,47,محمد,9,5,انزل,أنزل
4554,47,محمد,9,7,فاحبط,فأحبط
4554,47,محمد,9,8,اعمالهم,أعمالهم
4555,47,محمد,10,1,افلم,أفلم
4555,47,محمد,10,4,الارض,الأرض
4555,47,محمد,10,8,عاقبه,عاقبة
4555,47,محمد,10,16,امثالها,أمثالها
4556,47,محمد,11,2,بان,بأن
4556,47,محمد,11,4,مولي,مولى
4556,47,محمد,11,6,امنوا,آمنوا
4556,47,محمد,11,7,وان,وأن
4556,47,محمد,11,10,مولي,مولى
4557,47,محمد,12,1,ان,إن
4557,47,محمد,12,5,امنوا,آمنوا
4557,47,محمد,12,12,الانهار,الأنهار
4557,47,محمد,12,16,وياكلون,ويأكلون
4557,47,محمد,12,18,تاكل,تأكل
4557,47,محمد,12,19,الانعام,الأنعام
4557,47,محمد,12,21,مثوي,مثوى
4558,47,محمد,13,1,وكاين,وكأين
4558,47,محمد,13,3,قريه,قرية
4558,47,محمد,13,5,اشد,أشد
4558,47,محمد,13,6,قوه,قوة
4558,47,محمد,13,10,اخرجتك,أخرجتك
4558,47,محمد,13,11,اهلكناهم,أهلكناهم
4559,47,محمد,14,1,افمن,أفمن
4559,47,محمد,14,3,علي,على
4559,47,محمد,14,4,بينه,بينة
4559,47,محمد,14,13,اهواءهم,أهواءهم
4560,47,محمد,15,2,الجنه,الجنة
4560,47,محمد,15,7,انهار,أنهار
4560,47,محمد,15,11,اسن,آسن
4560,47,محمد,15,12,وانهار,وأنهار
4560,47,محمد,15,18,وانهار,وأنهار
4560,47,محمد,15,21,لذه,لذة
4560,47,محمد,15,23,وانهار,وأنهار
4560,47,محمد,15,26,مصفي,مصفى
4560,47,محمد,15,32,ومغفره,ومغفرة
4560,47,محمد,15,44,امعاءهم,أمعاءهم
4561,47,محمد,16,4,اليك,إليك
4561,47,محمد,16,5,حتي,حتى
4561,47,محمد,16,6,اذا,إذا
4561,47,محمد,16,12,اوتوا,أوتوا
4561,47,محمد,16,16,انفا,آنفا
4561,47,محمد,16,17,اوليك,أولئك
4561,47,محمد,16,21,علي,على
4561,47,محمد,16,24,اهواءهم,أهواءهم
4562,47,محمد,17,4,هدي,هدى
4562,47,محمد,17,5,واتاهم,وآتاهم
4563,47,محمد,18,3,الا,إلا
4563,47,محمد,18,4,الساعه,الساعة
4563,47,محمد,18,5,ان,أن
4563,47,محمد,18,6,تاتيهم,تأتيهم
4563,47,محمد,18,7,بغته,بغتة
4563,47,محمد,18,10,اشراطها,أشراطها
4563,47,محمد,18,11,فاني,فأنى
4563,47,محمد,18,13,اذا,إذا
4564,47,محمد,19,2,انه,أنه
4564,47,محمد,19,4,اله,إله
4564,47,محمد,19,5,الا,إلا
4564,47,محمد,19,9,وللمومنين,وللمؤمنين
4564,47,محمد,19,10,والمومنات,والمؤمنات
4565,47,محمد,20,3,امنوا,آمنوا
4565,47,محمد,20,6,سوره,سورة
4565,47,محمد,20,7,فاذا,فإذا
4565,47,محمد,20,8,انزلت,أنزلت
4565,47,محمد,20,9,سوره,سورة
4565,47,محمد,20,10,محكمه,محكمة
4565,47,محمد,20,14,رايت,رأيت
4565,47,محمد,20,20,اليك,إليك
4565,47,محمد,20,26,فاولي,فأولى
4566,47,محمد,21,1,طاعه,طاعة
4566,47,محمد,21,4,فاذا,فإذا
4566,47,محمد,21,6,الامر,الأمر
4567,47,محمد,22,3,ان,إن
4567,47,محمد,22,5,ان,أن
4567,47,محمد,22,8,الارض,الأرض
4567,47,محمد,22,10,ارحامكم,أرحامكم
4568,47,محمد,23,1,اوليك,أولئك
4568,47,محمد,23,5,فاصمهم,فأصمهم
4568,47,محمد,23,6,واعمي,وأعمى
4568,47,محمد,23,7,ابصارهم,أبصارهم
4569,47,محمد,24,1,افلا,أفلا
4569,47,محمد,24,3,القران,القرآن
4569,47,محمد,24,4,ام,أم
4569,47,محمد,24,5,علي,على
4569,47,محمد,24,7,اقفالها,أقفالها
4570,47,محمد,25,1,ان,إن
4570,47,محمد,25,4,علي,على
4570,47,محمد,25,5,ادبارهم,أدبارهم
4570,47,محمد,25,11,الهدي,الهدى
4570,47,محمد,25,15,واملي,وأملى
4571,47,محمد,26,2,بانهم,بأنهم
4571,47,محمد,26,12,الامر,الأمر
4571,47,محمد,26,15,اسرارهم,إسرارهم
4572,47,محمد,27,2,اذا,إذا
4572,47,محمد,27,4,الملايكه,الملائكة
4572,47,محمد,27,7,وادبارهم,وأدبارهم
4573,47,محمد,28,2,بانهم,بأنهم
4573,47,محمد,28,5,اسخط,أسخط
4573,47,محمد,28,9,فاحبط,فأحبط
4573,47,محمد,28,10,اعمالهم,أعمالهم
4574,47,محمد,29,1,ام,أم
4574,47,محمد,29,7,ان,أن
4574,47,محمد,29,11,اضغانهم,أضغانهم
4575,47,محمد,30,3,لاريناكهم,لأريناكهم
4575,47,محمد,30,12,اعمالكم,أعمالكم
4576,47,محمد,31,2,حتي,حتى
4576,47,محمد,31,8,اخباركم,أخباركم
4577,47,محمد,32,1,ان,إن
4577,47,محمد,32,15,الهدي,الهدى
4577,47,محمد,32,19,شييا,شيئا
4577,47,محمد,32,21,اعمالهم,أعمالهم
4578,47,محمد,33,2,ايها,أيها
4578,47,محمد,33,4,امنوا,آمنوا
4578,47,محمد,33,5,اطيعوا,أطيعوا
4578,47,محمد,33,7,واطيعوا,وأطيعوا
4578,47,محمد,33,11,اعمالكم,أعمالكم
4579,47,محمد,34,1,ان,إن
4580,47,محمد,35,4,الي,إلى
4580,47,محمد,35,6,وانتم,وأنتم
4580,47,محمد,35,7,الاعلون,الأعلون
4580,47,محمد,35,12,اعمالكم,أعمالكم
4581,47,محمد,36,1,انما,إنما
4581,47,محمد,36,2,الحياه,الحياة
4581,47,محمد,36,6,وان,وإن
4581,47,محمد,36,7,تومنوا,تؤمنوا
4581,47,محمد,36,9,يوتكم,يؤتكم
4581,47,محمد,36,10,اجوركم,أجوركم
4581,47,محمد,36,12,يسالكم,يسألكم
4581,47,محمد,36,13,اموالكم,أموالكم
4582,47,محمد,37,1,ان,إن
4582,47,محمد,37,2,يسالكموها,يسألكموها
4582,47,محمد,37,6,اضغانكم,أضغانكم
4583,47,محمد,38,2,انتم,أنتم
4583,47,محمد,38,3,هولاء,هؤلاء
4583,47,محمد,38,14,فانما,فإنما
4583,47,محمد,38,20,وانتم,وأنتم
4583,47,محمد,38,22,وان,وإن
4583,47,محمد,38,30,امثالكم,أمثالكم
4584,48,الفتح,1,5,انا,إنا
4585,48,الفتح,2,9,تاخر,تأخر
4587,48,الفتح,4,3,انزل,أنزل
4587,48,الفتح,4,4,السكينه,السكينة
4587,48,الفتح,4,7,المومنين,المؤمنين
4587,48,الفتح,4,9,ايمانا,إيمانا
4587,48,الفتح,4,11,ايمانهم,إيمانهم
4587,48,الفتح,4,15,والارض,والأرض
4588,48,الفتح,5,2,المومنين,المؤمنين
4588,48,الفتح,5,3,والمومنات,والمؤمنات
4588,48,الفتح,5,8,الانهار,الأنهار
4588,48,الفتح,5,13,سيياتهم,سيئاتهم
4589,48,الفتح,6,11,دايره,دائرة
4589,48,الفتح,6,17,واعد,وأعد
4590,48,الفتح,7,4,والارض,والأرض
4591,48,الفتح,8,1,انا,إنا
4591,48,الفتح,8,2,ارسلناك,أرسلناك
4592,48,الفتح,9,1,لتومنوا,لتؤمنوا
4592,48,الفتح,9,7,بكره,بكرة
4592,48,الفتح,9,8,واصيلا,وأصيلا
4593,48,الفتح,10,1,ان,إن
4593,48,الفتح,10,4,انما,إنما
4593,48,الفتح,10,10,ايديهم,أيديهم
4593,48,الفتح,10,13,فانما,فإنما
4593,48,الفتح,10,15,علي,على
4593,48,الفتح,10,18,اوفي,أوفى
4593,48,الفتح,10,23,فسيوتيه,فسيؤتيه
4593,48,الفتح,10,24,اجرا,أجرا
4594,48,الفتح,11,5,الاعراب,الأعراب
4594,48,الفتح,11,7,اموالنا,أموالنا
4594,48,الفتح,11,8,واهلونا,وأهلونا
4594,48,الفتح,11,12,بالسنتهم,بألسنتهم
4594,48,الفتح,11,23,شييا,شيئا
4594,48,الفتح,11,24,ان,إن
4594,48,الفتح,11,25,اراد,أراد
4594,48,الفتح,11,28,او,أو
4594,48,الفتح,11,29,اراد,أراد
4595,48,الفتح,12,3,ان,أن
4595,48,الفتح,12,7,والمومنون,والمؤمنون
4595,48,الفتح,12,8,الي,إلى
4595,48,الفتح,12,9,اهليهم,أهليهم
4595,48,الفتح,12,10,ابدا,أبدا
4596,48,الفتح,13,3,يومن,يؤمن
4596,48,الفتح,13,6,فانا,فإنا
4596,48,الفتح,13,7,اعتدنا,أعتدنا
4597,48,الفتح,14,4,والارض,والأرض
4598,48,الفتح,15,3,اذا,إذا
4598,48,الفتح,15,5,الي,إلى
4598,48,الفتح,15,7,لتاخذوها,لتأخذوها
4598,48,الفتح,15,11,ان,أن
4598,48,الفتح,15,30,الا,إلا
4599,48,الفتح,16,4,الاعراب,الأعراب
4599,48,الفتح,16,6,الي,إلى
4599,48,الفتح,16,8,اولي,أولي
4599,48,الفتح,16,9,باس,بأس
4599,48,الفتح,16,12,او,أو
4599,48,الفتح,16,14,فان,فإن
4599,48,الفتح,16,16,يوتكم,يؤتكم
4599,48,الفتح,16,18,اجرا,أجرا
4599,48,الفتح,16,20,وان,وإن
4599,48,الفتح,16,28,اليما,أليما
4600,48,الفتح,17,2,علي,على
4600,48,الفتح,17,3,الاعمي,الأعمى
4600,48,الفتح,17,6,علي,على
4600,48,الفتح,17,7,الاعرج,الأعرج
4600,48,الفتح,17,10,علي,على
4600,48,الفتح,17,22,الانهار,الأنهار
4600,48,الفتح,17,27,اليما,أليما
4601,48,الفتح,18,5,المومنين,المؤمنين
4601,48,الفتح,18,6,اذ,إذ
4601,48,الفتح,18,9,الشجره,الشجرة
4601,48,الفتح,18,14,فانزل,فأنزل
4601,48,الفتح,18,15,السكينه,السكينة
4601,48,الفتح,18,17,واثابهم,وأثابهم
4602,48,الفتح,19,2,كثيره,كثيرة
4602,48,الفتح,19,3,ياخذونها,يأخذونها
4603,48,الفتح,20,4,كثيره,كثيرة
4603,48,الفتح,20,5,تاخذونها,تأخذونها
4603,48,الفتح,20,10,ايدي,أيدي
4603,48,الفتح,20,14,ايه,آية
4603,48,الفتح,20,15,للمومنين,للمؤمنين
4604,48,الفتح,21,1,واخري,وأخرى
4604,48,الفتح,21,6,احاط,أحاط
4604,48,الفتح,21,11,علي,على
4605,48,الفتح,22,6,الادبار,الأدبار
4606,48,الفتح,23,1,سنه,سنة
4606,48,الفتح,23,10,لسنه,لسنة
4607,48,الفتح,24,4,ايديهم,أيديهم
4607,48,الفتح,24,6,وايديكم,وأيديكم
4607,48,الفتح,24,9,مكه,مكة
4607,48,الفتح,24,12,ان,أن
4607,48,الفتح,24,13,اظفركم,أظفركم
4608,48,الفتح,25,10,ان,أن
4608,48,الفتح,25,15,مومنون,مؤمنون
4608,48,الفتح,25,17,مومنات,مؤمنات
4608,48,الفتح,25,20,ان,أن
4608,48,الفتح,25,21,تطيوهم,تطئوهم
4608,48,الفتح,25,24,معره,معرة
4608,48,الفتح,25,40,اليما,أليما
4609,48,الفتح,26,1,اذ,إذ
4609,48,الفتح,26,7,الحميه,الحمية
4609,48,الفتح,26,8,حميه,حمية
4609,48,الفتح,26,9,الجاهليه,الجاهلية
4609,48,الفتح,26,10,فانزل,فأنزل
4609,48,الفتح,26,13,علي,على
4609,48,الفتح,26,15,وعلي,وعلى
4609,48,الفتح,26,16,المومنين,المؤمنين
4609,48,الفتح,26,17,والزمهم,وألزمهم
4609,48,الفتح,26,18,كلمه,كلمة
4609,48,الفتح,26,19,التقوي,التقوى
4609,48,الفتح,26,21,احق,أحق
4609,48,الفتح,26,23,واهلها,وأهلها
4610,48,الفتح,27,5,الرويا,الرؤيا
4610,48,الفتح,27,10,ان,إن
4610,48,الفتح,27,13,امنين,آمنين
4611,48,الفتح,28,3,ارسل,أرسل
4611,48,الفتح,28,5,بالهدي,بالهدى
4611,48,الفتح,28,9,علي,على
4611,48,الفتح,28,12,وكفي,وكفى
4612,48,الفتح,29,6,اشداء,أشداء
4612,48,الفتح,29,7,علي,على
4612,48,الفتح,29,23,اثر,أثر
4612,48,الفتح,29,28,التوراه,التوراة
4612,48,الفتح,29,31,الانجيل,الإنجيل
4612,48,الفتح,29,33,اخرج,أخرج
4612,48,الفتح,29,34,شطاه,شطأه
4612,48,الفتح,29,35,فازره,فآزره
4612,48,الفتح,29,37,فاستوي,فاستوى
4612,48,الفتح,29,38,علي,على
4612,48,الفتح,29,48,امنوا,آمنوا
4612,48,الفتح,29,52,مغفره,مغفرة
4612,48,الفتح,29,53,واجرا,وأجرا
4613,49,الحجرات,1,6,ايها,أيها
4613,49,الحجرات,1,8,امنوا,آمنوا
4613,49,الحجرات,1,17,ان,إن
4614,49,الحجرات,2,2,ايها,أيها
4614,49,الحجرات,2,4,امنوا,آمنوا
4614,49,الحجرات,2,7,اصواتكم,أصواتكم
4614,49,الحجرات,2,18,ان,أن
4614,49,الحجرات,2,20,اعمالكم,أعمالكم
4614,49,الحجرات,2,21,وانتم,وأنتم
4615,49,الحجرات,3,1,ان,إن
4615,49,الحجرات,3,4,اصواتهم,أصواتهم
4615,49,الحجرات,3,8,اوليك,أولئك
4615,49,الحجرات,3,13,للتقوي,للتقوى
4615,49,الحجرات,3,15,مغفره,مغفرة
4615,49,الحجرات,3,16,واجر,وأجر
4616,49,الحجرات,4,1,ان,إن
4616,49,الحجرات,4,7,اكثرهم,أكثرهم
4617,49,الحجرات,5,2,انهم,أنهم
4617,49,الحجرات,5,4,حتي,حتى
4617,49,الحجرات,5,6,اليهم,إليهم
4618,49,الحجرات,6,2,ايها,أيها
4618,49,الحجرات,6,4,امنوا,آمنوا
4618,49,الحجرات,6,5,ان,إن
4618,49,الحجرات,6,8,بنبا,بنبإ
4618,49,الحجرات,6,10,ان,أن
4618,49,الحجرات,6,13,بجهاله,بجهالة
4618,49,الحجرات,6,15,علي,على
4619,49,الحجرات,7,2,ان,أن
4619,49,الحجرات,7,11,الامر,الأمر
4619,49,الحجرات,7,16,اليكم,إليكم
4619,49,الحجرات,7,17,الايمان,الإيمان
4619,49,الحجرات,7,22,اليكم,إليكم
4619,49,الحجرات,7,26,اوليك,أولئك
4620,49,الحجرات,8,4,ونعمه,ونعمة
4621,49,الحجرات,9,1,وان,وإن
4621,49,الحجرات,9,2,طايفتان,طائفتان
4621,49,الحجرات,9,4,المومنين,المؤمنين
4621,49,الحجرات,9,6,فاصلحوا,فأصلحوا
4621,49,الحجرات,9,8,فان,فإن
4621,49,الحجرات,9,10,احداهما,إحداهما
4621,49,الحجرات,9,11,علي,على
4621,49,الحجرات,9,12,الاخري,الأخرى
4621,49,الحجرات,9,16,حتي,حتى
4621,49,الحجرات,9,18,الي,إلى
4621,49,الحجرات,9,19,امر,أمر
4621,49,الحجرات,9,21,فان,فإن
4621,49,الحجرات,9,23,فاصلحوا,فأصلحوا
4621,49,الحجرات,9,26,واقسطوا,وأقسطوا
4621,49,الحجرات,9,27,ان,إن
4622,49,الحجرات,10,1,انما,إنما
4622,49,الحجرات,10,2,المومنون,المؤمنون
4622,49,الحجرات,10,3,اخوه,إخوة
4622,49,الحجرات,10,4,فاصلحوا,فأصلحوا
4622,49,الحجرات,10,6,اخويكم,أخويكم
4623,49,الحجرات,11,2,ايها,أيها
4623,49,الحجرات,11,4,امنوا,آمنوا
4623,49,الحجرات,11,10,عسي,عسى
4623,49,الحجرات,11,11,ان,أن
4623,49,الحجرات,11,19,عسي,عسى
4623,49,الحجرات,11,20,ان,أن
4623,49,الحجرات,11,26,انفسكم,أنفسكم
4623,49,الحجرات,11,29,بالالقاب,بالألقاب
4623,49,الحجرات,11,30,بيس,بئس
4623,49,الحجرات,11,34,الايمان,الإيمان
4623,49,الحجرات,11,38,فاوليك,فأولئك
4624,49,الحجرات,12,2,ايها,أيها
4624,49,الحجرات,12,4,امنوا,آمنوا
4624,49,الحجرات,12,9,ان,إن
4624,49,الحجرات,12,12,اثم,إثم
4624,49,الحجرات,12,19,ايحب,أيحب
4624,49,الحجرات,12,20,احدكم,أحدكم
4624,49,الحجرات,12,21,ان,أن
4624,49,الحجرات,12,22,ياكل,يأكل
4624,49,الحجرات,12,24,اخيه,أخيه
4624,49,الحجرات,12,29,ان,إن
4625,49,الحجرات,13,2,ايها,أيها
4625,49,الحجرات,13,4,انا,إنا
4625,49,الحجرات,13,8,وانثي,وأنثى
4625,49,الحجرات,13,11,وقبايل,وقبائل
4625,49,الحجرات,13,13,ان,إن
4625,49,الحجرات,13,14,اكرمكم,أكرمكم
4625,49,الحجرات,13,17,اتقاكم,أتقاكم
4625,49,الحجرات,13,18,ان,إن
4626,49,الحجرات,14,2,الاعراب,الأعراب
4626,49,الحجرات,14,3,امنا,آمنا
4626,49,الحجرات,14,6,تومنوا,تؤمنوا
4626,49,الحجرات,14,9,اسلمنا,أسلمنا
4626,49,الحجرات,14,12,الايمان,الإيمان
4626,49,الحجرات,14,15,وان,وإن
4626,49,الحجرات,14,22,اعمالكم,أعمالكم
4626,49,الحجرات,14,23,شييا,شيئا
4626,49,الحجرات,14,24,ان,إن
4627,49,الحجرات,15,1,انما,إنما
4627,49,الحجرات,15,2,المومنون,المؤمنون
4627,49,الحجرات,15,4,امنوا,آمنوا
4627,49,الحجرات,15,11,باموالهم,بأموالهم
4627,49,الحجرات,15,12,وانفسهم,وأنفسهم
4627,49,الحجرات,15,16,اوليك,أولئك
4628,49,الحجرات,16,2,اتعلمون,أتعلمون
4628,49,الحجرات,16,12,الارض,الأرض
4629,49,الحجرات,17,3,ان,أن
4629,49,الحجرات,17,4,اسلموا,أسلموا
4629,49,الحجرات,17,9,اسلامكم,إسلامكم
4629,49,الحجرات,17,14,ان,أن
4629,49,الحجرات,17,16,للايمان,للإيمان
4629,49,الحجرات,17,17,ان,إن
4630,49,الحجرات,18,1,ان,إن
4630,49,الحجرات,18,6,والارض,والأرض
4631,50,ق,1,6,والقران,والقرآن
4632,50,ق,2,3,ان,أن
4633,50,ق,3,1,ااذا,أإذا
4634,50,ق,4,5,الارض,الأرض
4635,50,ق,5,8,امر,أمر
4636,50,ق,6,1,افلم,أفلم
4636,50,ق,6,3,الي,إلى
4637,50,ق,7,1,والارض,والأرض
4637,50,ق,7,3,والقينا,وألقينا
4637,50,ق,7,6,وانبتنا,وأنبتنا
4638,50,ق,8,1,تبصره,تبصرة
4638,50,ق,8,2,وذكري,وذكرى
4639,50,ق,9,6,فانبتنا,فأنبتنا
4641,50,ق,11,3,واحيينا,وأحيينا
4641,50,ق,11,5,بلده,بلدة
4642,50,ق,12,5,واصحاب,وأصحاب
4643,50,ق,13,3,واخوان,وإخوان
4644,50,ق,14,1,واصحاب,وأصحاب
4644,50,ق,14,2,الايكه,الأيكة
4645,50,ق,15,1,افعيينا,أفعيينا
4645,50,ق,15,3,الاول,الأول
4646,50,ق,16,3,الانسان,الإنسان
4646,50,ق,16,10,اقرب,أقرب
4646,50,ق,16,11,اليه,إليه
4647,50,ق,17,1,اذ,إذ
4647,50,ق,17,2,يتلقي,يتلقى
4648,50,ق,18,5,الا,إلا
4649,50,ق,19,2,سكره,سكرة
4651,50,ق,21,5,سايق,سائق
4652,50,ق,22,4,غفله,غفلة
4654,50,ق,24,1,القيا,ألقيا
4656,50,ق,26,5,الها,إلها
4656,50,ق,26,6,اخر,آخر
4656,50,ق,26,7,فالقياه,فألقياه
4657,50,ق,27,5,اطغيته,أطغيته
4658,50,ق,28,7,اليكم,إليكم
4659,50,ق,29,6,انا,أنا
4660,50,ق,30,5,امتلات,امتلأت
4661,50,ق,31,1,وازلفت,وأزلفت
4661,50,ق,31,2,الجنه,الجنة
4662,50,ق,32,5,اواب,أواب
4666,50,ق,36,2,اهلكنا,أهلكنا
4666,50,ق,36,7,اشد,أشد
4667,50,ق,37,1,ان,إن
4667,50,ق,37,4,لذكري,لذكرى
4667,50,ق,37,9,او,أو
4667,50,ق,37,10,القي,ألقى
4668,50,ق,38,4,والارض,والأرض
4668,50,ق,38,8,سته,ستة
4668,50,ق,38,9,ايام,أيام
4669,50,ق,39,2,علي,على
4670,50,ق,40,4,وادبار,وأدبار
4672,50,ق,42,3,الصيحه,الصيحة
4673,50,ق,43,1,انا,إنا
4673,50,ق,43,5,والينا,وإلينا
4674,50,ق,44,3,الارض,الأرض
4675,50,ق,45,2,اعلم,أعلم
4675,50,ق,45,6,انت,أنت
4675,50,ق,45,10,بالقران,بالقرآن
4679,51,الذاريات,4,2,امرا,أمرا
4680,51,الذاريات,5,1,انما,إنما
4681,51,الذاريات,6,1,وان,وإن
4683,51,الذاريات,8,1,انكم,إنكم
4684,51,الذاريات,9,1,يوفك,يؤفك
4684,51,الذاريات,9,4,افك,أفك
4686,51,الذاريات,11,4,غمره,غمرة
4687,51,الذاريات,12,1,يسالون,يسألون
4687,51,الذاريات,12,2,ايان,أيان
4688,51,الذاريات,13,3,علي,على
4690,51,الذاريات,15,1,ان,إن
4691,51,الذاريات,16,1,اخذين,آخذين
4691,51,الذاريات,16,3,اتاهم,آتاهم
4691,51,الذاريات,16,5,انهم,إنهم
4693,51,الذاريات,18,1,وبالاسحار,وبالأسحار
4694,51,الذاريات,19,2,اموالهم,أموالهم
4694,51,الذاريات,19,4,للسايل,للسائل
4695,51,الذاريات,20,2,الارض,الأرض
4695,51,الذاريات,20,3,ايات,آيات
4696,51,الذاريات,21,2,انفسكم,أنفسكم
4696,51,الذاريات,21,3,افلا,أفلا
4698,51,الذاريات,23,3,والارض,والأرض
4698,51,الذاريات,23,4,انه,إنه
4698,51,الذاريات,23,8,انكم,أنكم
4699,51,الذاريات,24,2,اتاك,أتاك
4699,51,الذاريات,24,5,ابراهيم,إبراهيم
4700,51,الذاريات,25,1,اذ,إذ
4701,51,الذاريات,26,2,الي,إلى
4701,51,الذاريات,26,3,اهله,أهله
4702,51,الذاريات,27,2,اليهم,إليهم
4702,51,الذاريات,27,4,الا,ألا
4702,51,الذاريات,27,5,تاكلون,تأكلون
4703,51,الذاريات,28,1,فاوجس,فأوجس
4703,51,الذاريات,28,3,خيفه,خيفة
4704,51,الذاريات,29,1,فاقبلت,فأقبلت
4704,51,الذاريات,29,2,امراته,امرأته
4704,51,الذاريات,29,4,صره,صرة
4705,51,الذاريات,30,5,انه,إنه
4706,51,الذاريات,31,4,ايها,أيها
4707,51,الذاريات,32,2,انا,إنا
4707,51,الذاريات,32,3,ارسلنا,أرسلنا
4707,51,الذاريات,32,4,الي,إلى
4708,51,الذاريات,33,3,حجاره,حجارة
4709,51,الذاريات,34,1,مسومه,مسومة
4710,51,الذاريات,35,1,فاخرجنا,فأخرجنا
4710,51,الذاريات,35,6,المومنين,المؤمنين
4712,51,الذاريات,37,3,ايه,آية
4712,51,الذاريات,37,7,الاليم,الأليم
4713,51,الذاريات,38,2,موسي,موسى
4713,51,الذاريات,38,3,اذ,إذ
4713,51,الذاريات,38,4,ارسلناه,أرسلناه
4713,51,الذاريات,38,5,الي,إلى
4714,51,الذاريات,39,1,فتولي,فتولى
4714,51,الذاريات,39,5,او,أو
4715,51,الذاريات,40,1,فاخذناه,فأخذناه
4716,51,الذاريات,41,3,اذ,إذ
4716,51,الذاريات,41,4,ارسلنا,أرسلنا
4717,51,الذاريات,42,5,اتت,أتت
4717,51,الذاريات,42,7,الا,إلا
4718,51,الذاريات,43,3,اذ,إذ
4718,51,الذاريات,43,7,حتي,حتى
4719,51,الذاريات,44,3,امر,أمر
4719,51,الذاريات,44,5,فاخذتهم,فأخذتهم
4719,51,الذاريات,44,6,الصاعقه,الصاعقة
4721,51,الذاريات,46,5,انهم,إنهم
4722,51,الذاريات,47,3,بايد,بأيد
4722,51,الذاريات,47,4,وانا,وإنا
4723,51,الذاريات,48,1,والارض,والأرض
4725,51,الذاريات,50,2,الي,إلى
4725,51,الذاريات,50,4,اني,إني
4726,51,الذاريات,51,5,الها,إلها
4726,51,الذاريات,51,6,اخر,آخر
4726,51,الذاريات,51,7,اني,إني
4727,51,الذاريات,52,3,اتي,أتى
4727,51,الذاريات,52,9,الا,إلا
4727,51,الذاريات,52,12,او,أو
4728,51,الذاريات,53,1,اتواصوا,أتواصوا
4729,51,الذاريات,54,4,انت,أنت
4730,51,الذاريات,55,2,فان,فإن
4730,51,الذاريات,55,3,الذكري,الذكرى
4730,51,الذاريات,55,5,المومنين,المؤمنين
4731,51,الذاريات,56,4,والانس,والإنس
4731,51,الذاريات,56,5,الا,إلا
4732,51,الذاريات,57,2,اريد,أريد
4732,51,الذاريات,57,7,اريد,أريد
4732,51,الذاريات,57,8,ان,أن
4733,51,الذاريات,58,1,ان,إن
4733,51,الذاريات,58,6,القوه,القوة
4734,51,الذاريات,59,1,فان,فإن
4734,51,الذاريات,59,7,اصحابهم,أصحابهم
4742,52,الطور,7,1,ان,إن
4746,52,الطور,11,2,يوميذ,يومئذ
4748,52,الطور,13,3,الي,إلى
4750,52,الطور,15,1,افسحر,أفسحر
4750,52,الطور,15,3,ام,أم
4750,52,الطور,15,4,انتم,أنتم
4751,52,الطور,16,3,او,أو
4751,52,الطور,16,8,انما,إنما
4752,52,الطور,17,1,ان,إن
4753,52,الطور,18,3,اتاهم,آتاهم
4754,52,الطور,19,3,هنييا,هنيئا
4755,52,الطور,20,1,متكيين,متكئين
4755,52,الطور,20,2,علي,على
4755,52,الطور,20,4,مصفوفه,مصفوفة
4756,52,الطور,21,2,امنوا,آمنوا
4756,52,الطور,21,5,بايمان,بإيمان
4756,52,الطور,21,6,الحقنا,ألحقنا
4756,52,الطور,21,10,التناهم,ألتناهم
4756,52,الطور,21,16,امري,امرئ
4757,52,الطور,22,1,وامددناهم,وأمددناهم
4757,52,الطور,22,2,بفاكهه,بفاكهة
4758,52,الطور,23,3,كاسا,كأسا
4758,52,الطور,23,8,تاثيم,تأثيم
4759,52,الطور,24,5,كانهم,كأنهم
4759,52,الطور,24,6,لولو,لؤلؤ
4760,52,الطور,25,1,واقبل,وأقبل
4760,52,الطور,25,3,علي,على
4761,52,الطور,26,2,انا,إنا
4761,52,الطور,26,6,اهلنا,أهلنا
4763,52,الطور,28,1,انا,إنا
4763,52,الطور,28,6,انه,إنه
4764,52,الطور,29,3,انت,أنت
4765,52,الطور,30,1,ام,أم
4766,52,الطور,31,3,فاني,فإني
4767,52,الطور,32,1,ام,أم
4767,52,الطور,32,2,تامرهم,تأمرهم
4767,52,الطور,32,3,احلامهم,أحلامهم
4767,52,الطور,32,5,ام,أم
4768,52,الطور,33,1,ام,أم
4768,52,الطور,33,6,يومنون,يؤمنون
4769,52,الطور,34,1,فلياتوا,فليأتوا
4769,52,الطور,34,4,ان,إن
4770,52,الطور,35,1,ام,أم
4770,52,الطور,35,6,ام,أم
4771,52,الطور,36,1,ام,أم
4771,52,الطور,36,4,والارض,والأرض
4772,52,الطور,37,1,ام,أم
4772,52,الطور,37,3,خزاين,خزائن
4772,52,الطور,37,5,ام,أم
4773,52,الطور,38,1,ام,أم
4773,52,الطور,38,6,فليات,فليأت
4774,52,الطور,39,1,ام,أم
4775,52,الطور,40,1,ام,أم
4775,52,الطور,40,2,تسالهم,تسألهم
4775,52,الطور,40,3,اجرا,أجرا
4776,52,الطور,41,1,ام,أم
4777,52,الطور,42,1,ام,أم
4778,52,الطور,43,1,ام,أم
4778,52,الطور,43,3,اله,إله
4779,52,الطور,44,1,وان,وإن
4780,52,الطور,45,2,حتي,حتى
4781,52,الطور,46,6,شييا,شيئا
4782,52,الطور,47,1,وان,وإن
4782,52,الطور,47,8,اكثرهم,أكثرهم
4783,52,الطور,48,4,فانك,فإنك
4783,52,الطور,48,5,باعيننا,بأعيننا
4784,52,الطور,49,4,وادبار,وإدبار
4785,53,النجم,1,6,اذا,إذا
4785,53,النجم,1,7,هوي,هوى
4786,53,النجم,2,5,غوي,غوى
4787,53,النجم,3,4,الهوي,الهوى
4788,53,النجم,4,1,ان,إن
4788,53,النجم,4,3,الا,إلا
4788,53,النجم,4,5,يوحي,يوحى
4789,53,النجم,5,3,القوي,القوى
4790,53,النجم,6,2,مره,مرة
4790,53,النجم,6,3,فاستوي,فاستوى
4791,53,النجم,7,2,بالافق,بالأفق
4791,53,النجم,7,3,الاعلي,الأعلى
4792,53,النجم,8,3,فتدلي,فتدلى
4793,53,النجم,9,4,او,أو
4793,53,النجم,9,5,ادني,أدنى
4794,53,النجم,10,1,فاوحي,فأوحى
4794,53,النجم,10,2,الي,إلى
4794,53,النجم,10,5,اوحي,أوحى
4795,53,النجم,11,3,الفواد,الفؤاد
4795,53,النجم,11,5,راي,رأى
4796,53,النجم,12,1,افتمارونه,أفتمارونه
4796,53,النجم,12,2,علي,على
4796,53,النجم,12,4,يري,يرى
4797,53,النجم,13,2,راه,رآه
4797,53,النجم,13,3,نزله,نزلة
4797,53,النجم,13,4,اخري,أخرى
4798,53,النجم,14,2,سدره,سدرة
4798,53,النجم,14,3,المنتهي,المنتهى
4799,53,النجم,15,2,جنه,جنة
4799,53,النجم,15,3,الماوي,المأوى
4800,53,النجم,16,1,اذ,إذ
4800,53,النجم,16,2,يغشي,يغشى
4800,53,النجم,16,3,السدره,السدرة
4800,53,النجم,16,5,يغشي,يغشى
4801,53,النجم,17,5,طغي,طغى
4802,53,النجم,18,2,راي,رأى
4802,53,النجم,18,4,ايات,آيات
4802,53,النجم,18,6,الكبري,الكبرى
4803,53,النجم,19,1,افرايتم,أفرأيتم
4803,53,النجم,19,3,والعزي,والعزى
4804,53,النجم,20,1,ومناه,ومناة
4804,53,النجم,20,2,الثالثه,الثالثة
4804,53,النجم,20,3,الاخري,الأخرى
4805,53,النجم,21,1,الكم,ألكم
4805,53,النجم,21,4,الانثي,الأنثى
4806,53,النجم,22,2,اذا,إذا
4806,53,النجم,22,3,قسمه,قسمة
4806,53,النجم,22,4,ضيزي,ضيزى
4807,53,النجم,23,1,ان,إن
4807,53,النجم,23,3,الا,إلا
4807,53,النجم,23,4,اسماء,أسماء
4807,53,النجم,23,6,انتم,أنتم
4807,53,النجم,23,7,واباوكم,وآباؤكم
4807,53,النجم,23,9,انزل,أنزل
4807,53,النجم,23,14,ان,إن
4807,53,النجم,23,16,الا,إلا
4807,53,النجم,23,19,تهوي,تهوى
4807,53,النجم,23,20,الانفس,الأنفس
4807,53,النجم,23,25,الهدي,الهدى
4808,53,النجم,24,1,ام,أم
4808,53,النجم,24,2,للانسان,للإنسان
4808,53,النجم,24,4,تمني,تمنى
4809,53,النجم,25,2,الاخره,الآخرة
4809,53,النجم,25,3,والاولي,والأولى
4810,53,النجم,26,9,شييا,شيئا
4810,53,النجم,26,10,الا,إلا
4810,53,النجم,26,13,ان,أن
4810,53,النجم,26,14,ياذن,يأذن
4810,53,النجم,26,18,ويرضي,ويرضى
4811,53,النجم,27,1,ان,إن
4811,53,النجم,27,4,يومنون,يؤمنون
4811,53,النجم,27,5,بالاخره,بالآخرة
4811,53,النجم,27,7,الملايكه,الملائكة
4811,53,النجم,27,8,تسميه,تسمية
4811,53,النجم,27,9,الانثي,الأنثى
4812,53,النجم,28,6,ان,إن
4812,53,النجم,28,8,الا,إلا
4812,53,النجم,28,10,وان,وإن
4812,53,النجم,28,16,شييا,شيئا
4813,53,النجم,29,1,فاعرض,فأعرض
4813,53,النجم,29,4,تولي,تولى
4813,53,النجم,29,9,الا,إلا
4813,53,النجم,29,10,الحياه,الحياة
4814,53,النجم,30,5,ان,إن
4814,53,النجم,30,8,اعلم,أعلم
4814,53,النجم,30,14,اعلم,أعلم
4814,53,النجم,30,16,اهتدي,اهتدى
4815,53,النجم,31,7,الارض,الأرض
4815,53,النجم,31,10,اساءوا,أساءوا
4815,53,النجم,31,15,احسنوا,أحسنوا
4815,53,النجم,31,16,بالحسني,بالحسنى
4816,53,النجم,32,3,كباير,كبائر
4816,53,النجم,32,4,الاثم,الإثم
4816,53,النجم,32,6,الا,إلا
4816,53,النجم,32,8,ان,إن
4816,53,النجم,32,11,المغفره,المغفرة
4816,53,النجم,32,13,اعلم,أعلم
4816,53,النجم,32,15,اذ,إذ
4816,53,النجم,32,16,انشاكم,أنشأكم
4816,53,النجم,32,18,الارض,الأرض
4816,53,النجم,32,19,واذ,وإذ
4816,53,النجم,32,20,انتم,أنتم
4816,53,النجم,32,21,اجنه,أجنة
4816,53,النجم,32,24,امهاتكم,أمهاتكم
4816,53,النجم,32,27,انفسكم,أنفسكم
4816,53,النجم,32,29,اعلم,أعلم
4816,53,النجم,32,31,اتقي,اتقى
4817,53,النجم,33,1,افرايت,أفرأيت
4817,53,النجم,33,3,تولي,تولى
4818,53,النجم,34,1,واعطي,وأعطى
4818,53,النجم,34,3,واكدي,وأكدى
4819,53,النجم,35,1,اعنده,أعنده
4819,53,النجم,35,5,يري,يرى
4820,53,النجم,36,1,ام,أم
4820,53,النجم,36,3,ينبا,ينبأ
4820,53,النجم,36,7,موسي,موسى
4821,53,النجم,37,1,وابراهيم,وإبراهيم
4821,53,النجم,37,3,وفي,وفى
4822,53,النجم,38,1,الا,ألا
4822,53,النجم,38,3,وازره,وازرة
4822,53,النجم,38,5,اخري,أخرى
4823,53,النجم,39,1,وان,وأن
4823,53,النجم,39,3,للانسان,للإنسان
4823,53,النجم,39,4,الا,إلا
4823,53,النجم,39,6,سعي,سعى
4824,53,النجم,40,1,وان,وأن
4824,53,النجم,40,4,يري,يرى
4825,53,النجم,41,4,الاوفي,الأوفى
4826,53,النجم,42,1,وان,وأن
4826,53,النجم,42,2,الي,إلى
4826,53,النجم,42,4,المنتهي,المنتهى
4827,53,النجم,43,1,وانه,وأنه
4827,53,النجم,43,3,اضحك,أضحك
4827,53,النجم,43,4,وابكي,وأبكى
4828,53,النجم,44,1,وانه,وأنه
4828,53,النجم,44,3,امات,أمات
4828,53,النجم,44,4,واحيا,وأحيا
4829,53,النجم,45,1,وانه,وأنه
4829,53,النجم,45,5,والانثي,والأنثى
4830,53,النجم,46,2,نطفه,نطفة
4830,53,النجم,46,3,اذا,إذا
4830,53,النجم,46,4,تمني,تمنى
4831,53,النجم,47,1,وان,وأن
4831,53,النجم,47,3,النشاه,النشأة
4831,53,النجم,47,4,الاخري,الأخرى
4832,53,النجم,48,1,وانه,وأنه
4832,53,النجم,48,3,اغني,أغنى
4832,53,النجم,48,4,واقني,وأقنى
4833,53,النجم,49,1,وانه,وأنه
4833,53,النجم,49,4,الشعري,الشعرى
4834,53,النجم,50,1,وانه,وأنه
4834,53,النجم,50,2,اهلك,أهلك
4834,53,النجم,50,4,الاولي,الأولى
4835,53,النجم,51,3,ابقي,أبقى
4836,53,النجم,52,5,انهم,إنهم
4836,53,النجم,52,8,اظلم,أظلم
4836,53,النجم,52,9,واطغي,وأطغى
4837,53,النجم,53,1,والموتفكه,والمؤتفكة
4837,53,النجم,53,2,اهوي,أهوى
4838,53,النجم,54,3,غشي,غشى
4839,53,النجم,55,1,فباي,فبأي
4839,53,النجم,55,2,الاء,آلاء
4839,53,النجم,55,4,تتماري,تتمارى
4840,53,النجم,56,5,الاولي,الأولى
4841,53,النجم,57,1,ازفت,أزفت
4841,53,النجم,57,2,الازفه,الآزفة
4842,53,النجم,58,6,كاشفه,كاشفة
4843,53,النجم,59,1,افمن,أفمن
4845,53,النجم,61,1,وانتم,وأنتم
4847,54,القمر,1,6,الساعه,الساعة
4848,54,القمر,2,1,وان,وإن
4848,54,القمر,2,3,ايه,آية
4849,54,القمر,3,3,اهواءهم,أهواءهم
4849,54,القمر,3,5,امر,أمر
4850,54,القمر,4,4,الانباء,الأنباء
4851,54,القمر,5,1,حكمه,حكمة
4851,54,القمر,5,2,بالغه,بالغة
4852,54,القمر,6,6,الي,إلى
4853,54,القمر,7,2,ابصارهم,أبصارهم
4853,54,القمر,7,5,الاجداث,الأجداث
4853,54,القمر,7,6,كانهم,كأنهم
4854,54,القمر,8,2,الي,إلى
4856,54,القمر,10,3,اني,أني
4857,54,القمر,11,2,ابواب,أبواب
4858,54,القمر,12,2,الارض,الأرض
4858,54,القمر,12,4,فالتقي,فالتقى
4858,54,القمر,12,6,علي,على
4858,54,القمر,12,7,امر,أمر
4859,54,القمر,13,2,علي,على
4859,54,القمر,13,4,الواح,ألواح
4860,54,القمر,14,2,باعيننا,بأعيننا
4861,54,القمر,15,3,ايه,آية
4863,54,القمر,17,3,القران,القرآن
4865,54,القمر,19,1,انا,إنا
4865,54,القمر,19,2,ارسلنا,أرسلنا
4866,54,القمر,20,3,كانهم,كأنهم
4866,54,القمر,20,4,اعجاز,أعجاز
4868,54,القمر,22,3,القران,القرآن
4870,54,القمر,24,2,ابشرا,أبشرا
4870,54,القمر,24,6,انا,إنا
4870,54,القمر,24,7,اذا,إذا
4871,54,القمر,25,1,االقي,أألقي
4871,54,القمر,25,9,اشر,أشر
4872,54,القمر,26,5,الاشر,الأشر
4873,54,القمر,27,1,انا,إنا
4873,54,القمر,27,3,الناقه,الناقة
4873,54,القمر,27,4,فتنه,فتنة
4874,54,القمر,28,1,ونبيهم,ونبئهم
4874,54,القمر,28,2,ان,أن
4874,54,القمر,28,4,قسمه,قسمة
4875,54,القمر,29,3,فتعاطي,فتعاطى
4877,54,القمر,31,1,انا,إنا
4877,54,القمر,31,2,ارسلنا,أرسلنا
4877,54,القمر,31,4,صيحه,صيحة
4877,54,القمر,31,5,واحده,واحدة
4878,54,القمر,32,3,القران,القرآن
4880,54,القمر,34,1,انا,إنا
4880,54,القمر,34,2,ارسلنا,أرسلنا
4880,54,القمر,34,5,الا,إلا
4880,54,القمر,34,6,ال,آل
4881,54,القمر,35,1,نعمه,نعمة
4882,54,القمر,36,2,انذرهم,أنذرهم
4883,54,القمر,37,6,اعينهم,أعينهم
4884,54,القمر,38,3,بكره,بكرة
4886,54,القمر,40,3,القران,القرآن
4887,54,القمر,41,3,ال,آل
4888,54,القمر,42,2,باياتنا,بآياتنا
4888,54,القمر,42,4,فاخذناهم,فأخذناهم
4888,54,القمر,42,5,اخذ,أخذ
4889,54,القمر,43,1,اكفاركم,أكفاركم
4889,54,القمر,43,4,اوليكم,أولئكم
4889,54,القمر,43,5,ام,أم
4889,54,القمر,43,7,براءه,براءة
4890,54,القمر,44,1,ام,أم
4892,54,القمر,46,2,الساعه,الساعة
4892,54,القمر,46,4,والساعه,والساعة
4892,54,القمر,46,5,ادهي,أدهى
4892,54,القمر,46,6,وامر,وأمر
4893,54,القمر,47,1,ان,إن
4894,54,القمر,48,5,علي,على
4895,54,القمر,49,1,انا,إنا
4896,54,القمر,50,2,امرنا,أمرنا
4896,54,القمر,50,3,الا,إلا
4896,54,القمر,50,4,واحده,واحدة
4897,54,القمر,51,2,اهلكنا,أهلكنا
4897,54,القمر,51,3,اشياعكم,أشياعكم
4900,54,القمر,54,1,ان,إن
4903,55,الرحمن,2,2,القران,القرآن
4904,55,الرحمن,3,2,الانسان,الإنسان
4909,55,الرحمن,8,1,الا,ألا
4910,55,الرحمن,9,1,واقيموا,وأقيموا
4911,55,الرحمن,10,1,والارض,والأرض
4911,55,الرحمن,10,3,للانام,للأنام
4912,55,الرحمن,11,2,فاكهه,فاكهة
4912,55,الرحمن,11,5,الاكمام,الأكمام
4914,55,الرحمن,13,1,فباي,فبأي
4914,55,الرحمن,13,2,الاء,آلاء
4915,55,الرحمن,14,2,الانسان,الإنسان
4917,55,الرحمن,16,1,فباي,فبأي
4917,55,الرحمن,16,2,الاء,آلاء
4919,55,الرحمن,18,1,فباي,فبأي
4919,55,الرحمن,18,2,الاء,آلاء
4922,55,الرحمن,21,1,فباي,فبأي
4922,55,الرحمن,21,2,الاء,آلاء
4923,55,الرحمن,22,3,اللولو,اللؤلؤ
4924,55,الرحمن,23,1,فباي,فبأي
4924,55,الرحمن,23,2,الاء,آلاء
4925,55,الرحمن,24,3,المنشات,المنشآت
4925,55,الرحمن,24,6,كالاعلام,كالأعلام
4926,55,الرحمن,25,1,فباي,فبأي
4926,55,الرحمن,25,2,الاء,آلاء
4928,55,الرحمن,27,1,ويبقي,ويبقى
4928,55,الرحمن,27,6,والاكرام,والإكرام
4929,55,الرحمن,28,1,فباي,فبأي
4929,55,الرحمن,28,2,الاء,آلاء
4930,55,الرحمن,29,1,يساله,يسأله
4930,55,الرحمن,29,5,والارض,والأرض
4930,55,الرحمن,29,10,شان,شأن
4931,55,الرحمن,30,1,فباي,فبأي
4931,55,الرحمن,30,2,الاء,آلاء
4932,55,الرحمن,31,3,ايه,أيه
4933,55,الرحمن,32,1,فباي,فبأي
4933,55,الرحمن,32,2,الاء,آلاء
4934,55,الرحمن,33,4,والانس,والإنس
4934,55,الرحمن,33,5,ان,إن
4934,55,الرحمن,33,7,ان,أن
4934,55,الرحمن,33,10,اقطار,أقطار
4934,55,الرحمن,33,12,والارض,والأرض
4934,55,الرحمن,33,16,الا,إلا
4935,55,الرحمن,34,1,فباي,فبأي
4935,55,الرحمن,34,2,الاء,آلاء
4937,55,الرحمن,36,1,فباي,فبأي
4937,55,الرحمن,36,2,الاء,آلاء
4938,55,الرحمن,37,1,فاذا,فإذا
4938,55,الرحمن,37,5,ورده,وردة
4939,55,الرحمن,38,1,فباي,فبأي
4939,55,الرحمن,38,2,الاء,آلاء
4940,55,الرحمن,39,1,فيوميذ,فيومئذ
4940,55,الرحمن,39,3,يسال,يسأل
4940,55,الرحمن,39,6,انس,إنس
4941,55,الرحمن,40,1,فباي,فبأي
4941,55,الرحمن,40,2,الاء,آلاء
4942,55,الرحمن,41,4,فيوخذ,فيؤخذ
4942,55,الرحمن,41,6,والاقدام,والأقدام
4943,55,الرحمن,42,1,فباي,فبأي
4943,55,الرحمن,42,2,الاء,آلاء
4945,55,الرحمن,44,5,ان,آن
4946,55,الرحمن,45,1,فباي,فبأي
4946,55,الرحمن,45,2,الاء,آلاء
4948,55,الرحمن,47,1,فباي,فبأي
4948,55,الرحمن,47,2,الاء,آلاء
4949,55,الرحمن,48,2,افنان,أفنان
4950,55,الرحمن,49,1,فباي,فبأي
4950,55,الرحمن,49,2,الاء,آلاء
4952,55,الرحمن,51,1,فباي,فبأي
4952,55,الرحمن,51,2,الاء,آلاء
4953,55,الرحمن,52,4,فاكهه,فاكهة
4954,55,الرحمن,53,1,فباي,فبأي
4954,55,الرحمن,53,2,الاء,آلاء
4955,55,الرحمن,54,1,متكيين,متكئين
4955,55,الرحمن,54,2,علي,على
4955,55,الرحمن,54,4,بطاينها,بطائنها
4955,55,الرحمن,54,6,استبرق,إستبرق
4955,55,الرحمن,54,7,وجني,وجنى
4956,55,الرحمن,55,1,فباي,فبأي
4956,55,الرحمن,55,2,الاء,آلاء
4957,55,الرحمن,56,6,انس,إنس
4958,55,الرحمن,57,1,فباي,فبأي
4958,55,الرحمن,57,2,الاء,آلاء
4959,55,الرحمن,58,1,كانهن,كأنهن
4960,55,الرحمن,59,1,فباي,فبأي
4960,55,الرحمن,59,2,الاء,آلاء
4961,55,الرحمن,60,3,الاحسان,الإحسان
4961,55,الرحمن,60,4,الا,إلا
4961,55,الرحمن,60,5,الاحسان,الإحسان
4962,55,الرحمن,61,1,فباي,فبأي
4962,55,الرحمن,61,2,الاء,آلاء
4964,55,الرحمن,63,1,فباي,فبأي
4964,55,الرحمن,63,2,الاء,آلاء
4966,55,الرحمن,65,1,فباي,فبأي
4966,55,الرحمن,65,2,الاء,آلاء
4968,55,الرحمن,67,1,فباي,فبأي
4968,55,الرحمن,67,2,الاء,آلاء
4969,55,الرحمن,68,2,فاكهه,فاكهة
4970,55,الرحمن,69,1,فباي,فبأي
4970,55,الرحمن,69,2,الاء,آلاء
4972,55,الرحمن,71,1,فباي,فبأي
4972,55,الرحمن,71,2,الاء,آلاء
4974,55,الرحمن,73,1,فباي,فبأي
4974,55,الرحمن,73,2,الاء,آلاء
4975,55,الرحمن,74,3,انس,إنس
4976,55,الرحمن,75,1,فباي,فبأي
4976,55,الرحمن,75,2,الاء,آلاء
4977,55,الرحمن,76,1,متكيين,متكئين
4977,55,الرحمن,76,2,علي,على
4978,55,الرحمن,77,1,فباي,فبأي
4978,55,الرحمن,77,2,الاء,آلاء
4979,55,الرحمن,78,6,والاكرام,والإكرام
4980,56,الواقعة,1,5,اذا,إذا
4980,56,الواقعة,1,7,الواقعه,الواقعة
4981,56,الواقعة,2,3,كاذبه,كاذبة
4982,56,الواقعة,3,1,خافضه,خافضة
4982,56,الواقعة,3,2,رافعه,رافعة
4983,56,الواقعة,4,1,اذا,إذا
4983,56,الواقعة,4,3,الارض,الأرض
4986,56,الواقعة,7,2,ازواجا,أزواجا
4986,56,الواقعة,7,3,ثلاثه,ثلاثة
4987,56,الواقعة,8,1,فاصحاب,فأصحاب
4987,56,الواقعة,8,2,الميمنه,الميمنة
4987,56,الواقعة,8,4,اصحاب,أصحاب
4987,56,الواقعة,8,5,الميمنه,الميمنة
4988,56,الواقعة,9,1,واصحاب,وأصحاب
4988,56,الواقعة,9,2,المشامه,المشأمة
4988,56,الواقعة,9,4,اصحاب,أصحاب
4988,56,الواقعة,9,5,المشامه,المشأمة
4990,56,الواقعة,11,1,اوليك,أولئك
4992,56,الواقعة,13,1,ثله,ثلة
4992,56,الواقعة,13,3,الاولين,الأولين
4993,56,الواقعة,14,3,الاخرين,الآخرين
4994,56,الواقعة,15,1,علي,على
4994,56,الواقعة,15,3,موضونه,موضونة
4995,56,الواقعة,16,1,متكيين,متكئين
4997,56,الواقعة,18,1,باكواب,بأكواب
4997,56,الواقعة,18,2,واباريق,وأباريق
4997,56,الواقعة,18,3,وكاس,وكأس
4999,56,الواقعة,20,1,وفاكهه,وفاكهة
5002,56,الواقعة,23,1,كامثال,كأمثال
5002,56,الواقعة,23,2,اللولو,اللؤلؤ
5004,56,الواقعة,25,6,تاثيما,تأثيما
5005,56,الواقعة,26,1,الا,إلا
5006,56,الواقعة,27,1,واصحاب,وأصحاب
5006,56,الواقعة,27,4,اصحاب,أصحاب
5011,56,الواقعة,32,1,وفاكهه,وفاكهة
5011,56,الواقعة,32,2,كثيره,كثيرة
5012,56,الواقعة,33,2,مقطوعه,مقطوعة
5012,56,الواقعة,33,4,ممنوعه,ممنوعة
5013,56,الواقعة,34,2,مرفوعه,مرفوعة
5014,56,الواقعة,35,1,انا,إنا
5014,56,الواقعة,35,2,انشاناهن,أنشأناهن
5014,56,الواقعة,35,3,انشاء,إنشاء
5015,56,الواقعة,36,2,ابكارا,أبكارا
5016,56,الواقعة,37,2,اترابا,أترابا
5017,56,الواقعة,38,1,لاصحاب,لأصحاب
5018,56,الواقعة,39,1,ثله,ثلة
5018,56,الواقعة,39,3,الاولين,الأولين
5019,56,الواقعة,40,1,وثله,وثلة
5019,56,الواقعة,40,3,الاخرين,الآخرين
5020,56,الواقعة,41,1,واصحاب,وأصحاب
5020,56,الواقعة,41,4,اصحاب,أصحاب
5024,56,الواقعة,45,1,انهم,إنهم
5025,56,الواقعة,46,3,علي,على
5026,56,الواقعة,47,3,ايذا,أئذا
5026,56,الواقعة,47,8,اانا,أإنا
5027,56,الواقعة,48,1,اواباونا,أوآباؤنا
5027,56,الواقعة,48,2,الاولون,الأولون
5028,56,الواقعة,49,2,ان,إن
5028,56,الواقعة,49,3,الاولين,الأولين
5028,56,الواقعة,49,4,والاخرين,والآخرين
5029,56,الواقعة,50,2,الي,إلى
5030,56,الواقعة,51,2,انكم,إنكم
5030,56,الواقعة,51,3,ايها,أيها
5031,56,الواقعة,52,1,لاكلون,لآكلون
5032,56,الواقعة,53,1,فماليون,فمالئون
5037,56,الواقعة,58,1,افرايتم,أفرأيتم
5038,56,الواقعة,59,1,اانتم,أأنتم
5038,56,الواقعة,59,3,ام,أم
5040,56,الواقعة,61,1,علي,على
5040,56,الواقعة,61,2,ان,أن
5040,56,الواقعة,61,4,امثالكم,أمثالكم
5040,56,الواقعة,61,5,وننشيكم,وننشئكم
5041,56,الواقعة,62,3,النشاه,النشأة
5041,56,الواقعة,62,4,الاولي,الأولى
5042,56,الواقعة,63,1,افرايتم,أفرأيتم
5043,56,الواقعة,64,1,اانتم,أأنتم
5043,56,الواقعة,64,3,ام,أم
5045,56,الواقعة,66,1,انا,إنا
5047,56,الواقعة,68,1,افرايتم,أفرأيتم
5048,56,الواقعة,69,1,اانتم,أأنتم
5048,56,الواقعة,69,2,انزلتموه,أنزلتموه
5048,56,الواقعة,69,5,ام,أم
5049,56,الواقعة,70,4,اجاجا,أجاجا
5050,56,الواقعة,71,1,افرايتم,أفرأيتم
5051,56,الواقعة,72,1,اانتم,أأنتم
5051,56,الواقعة,72,2,انشاتم,أنشأتم
5051,56,الواقعة,72,4,ام,أم
5051,56,الواقعة,72,6,المنشيون,المنشئون
5052,56,الواقعة,73,3,تذكره,تذكرة
5054,56,الواقعة,75,2,اقسم,أقسم
5055,56,الواقعة,76,1,وانه,وإنه
5056,56,الواقعة,77,1,انه,إنه
5056,56,الواقعة,77,2,لقران,لقرآن
5058,56,الواقعة,79,3,الا,إلا
5060,56,الواقعة,81,1,افبهذا,أفبهذا
5060,56,الواقعة,81,3,انتم,أنتم
5061,56,الواقعة,82,3,انكم,أنكم
5062,56,الواقعة,83,2,اذا,إذا
5063,56,الواقعة,84,1,وانتم,وأنتم
5063,56,الواقعة,84,2,حينيذ,حينئذ
5064,56,الواقعة,85,2,اقرب,أقرب
5064,56,الواقعة,85,3,اليه,إليه
5065,56,الواقعة,86,2,ان,إن
5066,56,الواقعة,87,2,ان,إن
5067,56,الواقعة,88,1,فاما,فأما
5067,56,الواقعة,88,2,ان,إن
5069,56,الواقعة,90,1,واما,وأما
5069,56,الواقعة,90,2,ان,إن
5069,56,الواقعة,90,5,اصحاب,أصحاب
5070,56,الواقعة,91,4,اصحاب,أصحاب
5071,56,الواقعة,92,1,واما,وأما
5071,56,الواقعة,92,2,ان,إن
5073,56,الواقعة,94,1,وتصليه,وتصلية
5074,56,الواقعة,95,1,ان,إن
5076,57,الحديد,1,10,والارض,والأرض
5077,57,الحديد,2,4,والارض,والأرض
5077,57,الحديد,2,8,علي,على
5078,57,الحديد,3,2,الاول,الأول
5078,57,الحديد,3,3,والاخر,والآخر
5079,57,الحديد,4,5,والارض,والأرض
5079,57,الحديد,4,7,سته,ستة
5079,57,الحديد,4,8,ايام,أيام
5079,57,الحديد,4,10,استوي,استوى
5079,57,الحديد,4,11,علي,على
5079,57,الحديد,4,17,الارض,الأرض
5079,57,الحديد,4,30,اين,أين
5080,57,الحديد,5,4,والارض,والأرض
5080,57,الحديد,5,5,والي,وإلى
5080,57,الحديد,5,8,الامور,الأمور
5082,57,الحديد,7,1,امنوا,آمنوا
5082,57,الحديد,7,4,وانفقوا,وأنفقوا
5082,57,الحديد,7,10,امنوا,آمنوا
5082,57,الحديد,7,12,وانفقوا,وأنفقوا
5082,57,الحديد,7,14,اجر,أجر
5083,57,الحديد,8,4,تومنون,تؤمنون
5083,57,الحديد,8,8,لتومنوا,لتؤمنوا
5083,57,الحديد,8,11,اخذ,أخذ
5083,57,الحديد,8,13,ان,إن
5083,57,الحديد,8,15,مومنين,مؤمنين
5084,57,الحديد,9,4,علي,على
5084,57,الحديد,9,6,ايات,آيات
5084,57,الحديد,9,11,الي,إلى
5084,57,الحديد,9,13,وان,وإن
5085,57,الحديد,10,3,الا,ألا
5085,57,الحديد,10,11,والارض,والأرض
5085,57,الحديد,10,16,انفق,أنفق
5085,57,الحديد,10,21,اوليك,أولئك
5085,57,الحديد,10,22,اعظم,أعظم
5085,57,الحديد,10,23,درجه,درجة
5085,57,الحديد,10,26,انفقوا,أنفقوا
5085,57,الحديد,10,33,الحسني,الحسنى
5086,57,الحديد,11,11,اجر,أجر
5087,57,الحديد,12,2,تري,ترى
5087,57,الحديد,12,3,المومنين,المؤمنين
5087,57,الحديد,12,4,والمومنات,والمؤمنات
5087,57,الحديد,12,5,يسعي,يسعى
5087,57,الحديد,12,8,ايديهم,أيديهم
5087,57,الحديد,12,9,وبايمانهم,وبأيمانهم
5087,57,الحديد,12,16,الانهار,الأنهار
5088,57,الحديد,13,6,امنوا,آمنوا
5088,57,الحديد,13,23,الرحمه,الرحمة
5089,57,الحديد,14,2,الم,ألم
5089,57,الحديد,14,6,بلي,بلى
5089,57,الحديد,14,9,انفسكم,أنفسكم
5089,57,الحديد,14,13,الاماني,الأماني
5089,57,الحديد,14,14,حتي,حتى
5089,57,الحديد,14,16,امر,أمر
5090,57,الحديد,15,3,يوخذ,يؤخذ
5090,57,الحديد,15,5,فديه,فدية
5090,57,الحديد,15,10,ماواكم,مأواكم
5090,57,الحديد,15,14,وبيس,وبئس
5091,57,الحديد,16,1,الم,ألم
5091,57,الحديد,16,2,يان,يأن
5091,57,الحديد,16,4,امنوا,آمنوا
5091,57,الحديد,16,5,ان,أن
5091,57,الحديد,16,17,اوتوا,أوتوا
5091,57,الحديد,16,23,الامد,الأمد
5092,57,الحديد,17,2,ان,أن
5092,57,الحديد,17,5,الارض,الأرض
5092,57,الحديد,17,11,الايات,الآيات
5093,57,الحديد,18,1,ان,إن
5093,57,الحديد,18,4,واقرضوا,وأقرضوا
5093,57,الحديد,18,11,اجر,أجر
5094,57,الحديد,19,2,امنوا,آمنوا
5094,57,الحديد,19,5,اوليك,أولئك
5094,57,الحديد,19,12,اجرهم,أجرهم
5094,57,الحديد,19,17,باياتنا,بآياتنا
5094,57,الحديد,19,18,اوليك,أولئك
5094,57,الحديد,19,19,اصحاب,أصحاب
5095,57,الحديد,20,2,انما,أنما
5095,57,الحديد,20,3,الحياه,الحياة
5095,57,الحديد,20,7,وزينه,وزينة
5095,57,الحديد,20,12,الاموال,الأموال
5095,57,الحديد,20,13,والاولاد,والأولاد
5095,57,الحديد,20,16,اعجب,أعجب
5095,57,الحديد,20,27,الاخره,الآخرة
5095,57,الحديد,20,30,ومغفره,ومغفرة
5095,57,الحديد,20,35,الحياه,الحياة
5095,57,الحديد,20,37,الا,إلا
5096,57,الحديد,21,2,الي,إلى
5096,57,الحديد,21,3,مغفره,مغفرة
5096,57,الحديد,21,6,وجنه,وجنة
5096,57,الحديد,21,10,والارض,والأرض
5096,57,الحديد,21,11,اعدت,أعدت
5096,57,الحديد,21,13,امنوا,آمنوا
5096,57,الحديد,21,19,يوتيه,يؤتيه
5097,57,الحديد,22,2,اصاب,أصاب
5097,57,الحديد,22,4,مصيبه,مصيبة
5097,57,الحديد,22,6,الارض,الأرض
5097,57,الحديد,22,9,انفسكم,أنفسكم
5097,57,الحديد,22,10,الا,إلا
5097,57,الحديد,22,15,ان,أن
5097,57,الحديد,22,16,نبراها,نبرأها
5097,57,الحديد,22,17,ان,إن
5097,57,الحديد,22,19,علي,على
5098,57,الحديد,23,2,تاسوا,تأسوا
5098,57,الحديد,23,3,علي,على
5098,57,الحديد,23,9,اتاكم,آتاكم
5099,57,الحديد,24,3,ويامرون,ويأمرون
5099,57,الحديد,24,8,فان,فإن
5100,57,الحديد,25,2,ارسلنا,أرسلنا
5100,57,الحديد,25,5,وانزلنا,وأنزلنا
5100,57,الحديد,25,12,وانزلنا,وأنزلنا
5100,57,الحديد,25,15,باس,بأس
5100,57,الحديد,25,25,ان,إن
5101,57,الحديد,26,2,ارسلنا,أرسلنا
5101,57,الحديد,26,4,وابراهيم,وإبراهيم
5101,57,الحديد,26,8,النبوه,النبوة
5102,57,الحديد,27,3,علي,على
5102,57,الحديد,27,4,اثارهم,آثارهم
5102,57,الحديد,27,7,بعيسي,بعيسى
5102,57,الحديد,27,10,واتيناه,وآتيناه
5102,57,الحديد,27,11,الانجيل,الإنجيل
5102,57,الحديد,27,17,رافه,رأفة
5102,57,الحديد,27,18,ورحمه,ورحمة
5102,57,الحديد,27,19,ورهبانيه,ورهبانية
5102,57,الحديد,27,24,الا,إلا
5102,57,الحديد,27,32,فاتينا,فآتينا
5102,57,الحديد,27,34,امنوا,آمنوا
5102,57,الحديد,27,36,اجرهم,أجرهم
5103,57,الحديد,28,2,ايها,أيها
5103,57,الحديد,28,4,امنوا,آمنوا
5103,57,الحديد,28,7,وامنوا,وآمنوا
5103,57,الحديد,28,9,يوتكم,يؤتكم
5104,57,الحديد,29,1,ليلا,لئلا
5104,57,الحديد,29,3,اهل,أهل
5104,57,الحديد,29,5,الا,ألا
5104,57,الحديد,29,7,علي,على
5104,57,الحديد,29,12,وان,وأن
5104,57,الحديد,29,16,يوتيه,يؤتيه
5105,58,المجادلة,1,14,الي,إلى
5105,58,المجادلة,1,19,ان,إن
5106,58,المجادلة,2,5,نسايهم,نسائهم
5106,58,المجادلة,2,8,امهاتهم,أمهاتهم
5106,58,المجادلة,2,9,ان,إن
5106,58,المجادلة,2,10,امهاتهم,أمهاتهم
5106,58,المجادلة,2,11,الا,إلا
5106,58,المجادلة,2,12,اللايي,اللائي
5106,58,المجادلة,2,14,وانهم,وإنهم
5106,58,المجادلة,2,20,وان,وإن
5107,58,المجادلة,3,4,نسايهم,نسائهم
5107,58,المجادلة,3,10,رقبه,رقبة
5107,58,المجادلة,3,13,ان,أن
5108,58,المجادلة,4,9,ان,أن
5108,58,المجادلة,4,14,فاطعام,فإطعام
5108,58,المجادلة,4,18,لتومنوا,لتؤمنوا
5108,58,المجادلة,4,26,اليم,أليم
5109,58,المجادلة,5,1,ان,إن
5109,58,المجادلة,5,13,انزلنا,أنزلنا
5109,58,المجادلة,5,14,ايات,آيات
5110,58,المجادلة,6,5,فينبيهم,فينبئهم
5110,58,المجادلة,6,8,احصاه,أحصاه
5110,58,المجادلة,6,12,علي,على
5111,58,المجادلة,7,1,الم,ألم
5111,58,المجادلة,7,3,ان,أن
5111,58,المجادلة,7,11,الارض,الأرض
5111,58,المجادلة,7,15,نجوي,نجوى
5111,58,المجادلة,7,16,ثلاثه,ثلاثة
5111,58,المجادلة,7,17,الا,إلا
5111,58,المجادلة,7,21,خمسه,خمسة
5111,58,المجادلة,7,22,الا,إلا
5111,58,المجادلة,7,26,ادني,أدنى
5111,58,المجادلة,7,30,اكثر,أكثر
5111,58,المجادلة,7,31,الا,إلا
5111,58,المجادلة,7,34,اين,أين
5111,58,المجادلة,7,38,ينبيهم,ينبئهم
5111,58,المجادلة,7,42,القيامه,القيامة
5111,58,المجادلة,7,43,ان,إن
5112,58,المجادلة,8,1,الم,ألم
5112,58,المجادلة,8,3,الي,إلى
5112,58,المجادلة,8,7,النجوي,النجوى
5112,58,المجادلة,8,14,بالاثم,بالإثم
5112,58,المجادلة,8,18,واذا,وإذا
5112,58,المجادلة,8,28,انفسهم,أنفسهم
5112,58,المجادلة,8,37,فبيس,فبئس
5113,58,المجادلة,9,2,ايها,أيها
5113,58,المجادلة,9,4,امنوا,آمنوا
5113,58,المجادلة,9,5,اذا,إذا
5113,58,المجادلة,9,9,بالاثم,بالإثم
5113,58,المجادلة,9,15,والتقوي,والتقوى
5113,58,المجادلة,9,19,اليه,إليه
5114,58,المجادلة,10,1,انما,إنما
5114,58,المجادلة,10,2,النجوي,النجوى
5114,58,المجادلة,10,7,امنوا,آمنوا
5114,58,المجادلة,10,10,شييا,شيئا
5114,58,المجادلة,10,11,الا,إلا
5114,58,المجادلة,10,12,باذن,بإذن
5114,58,المجادلة,10,14,وعلي,وعلى
5114,58,المجادلة,10,17,المومنون,المؤمنون
5115,58,المجادلة,11,2,ايها,أيها
5115,58,المجادلة,11,4,امنوا,آمنوا
5115,58,المجادلة,11,5,اذا,إذا
5115,58,المجادلة,11,15,واذا,وإذا
5115,58,المجادلة,11,22,امنوا,آمنوا
5115,58,المجادلة,11,25,اوتوا,أوتوا
5116,58,المجادلة,12,2,ايها,أيها
5116,58,المجادلة,12,4,امنوا,آمنوا
5116,58,المجادلة,12,5,اذا,إذا
5116,58,المجادلة,12,12,صدقه,صدقة
5116,58,المجادلة,12,16,واطهر,وأطهر
5116,58,المجادلة,12,17,فان,فإن
5116,58,المجادلة,12,20,فان,فإن
5117,58,المجادلة,13,1,ااشفقتم,أأشفقتم
5117,58,المجادلة,13,2,ان,أن
5117,58,المجادلة,13,8,فاذ,فإذ
5117,58,المجادلة,13,14,فاقيموا,فأقيموا
5117,58,المجادلة,13,15,الصلاه,الصلاة
5117,58,المجادلة,13,16,واتوا,وآتوا
5117,58,المجادلة,13,17,الزكاه,الزكاة
5117,58,المجادلة,13,18,واطيعوا,وأطيعوا
5118,58,المجادلة,14,1,الم,ألم
5118,58,المجادلة,14,3,الي,إلى
5118,58,المجادلة,14,16,علي,على
5119,58,المجادلة,15,1,اعد,أعد
5119,58,المجادلة,15,6,انهم,إنهم
5120,58,المجادلة,16,2,ايمانهم,أيمانهم
5120,58,المجادلة,16,3,جنه,جنة
5121,58,المجادلة,17,4,اموالهم,أموالهم
5121,58,المجادلة,17,6,اولادهم,أولادهم
5121,58,المجادلة,17,9,شييا,شيئا
5121,58,المجادلة,17,10,اوليك,أولئك
5121,58,المجادلة,17,11,اصحاب,أصحاب
5122,58,المجادلة,18,11,انهم,أنهم
5122,58,المجادلة,18,12,علي,على
5122,58,المجادلة,18,14,الا,ألا
5122,58,المجادلة,18,15,انهم,إنهم
5123,58,المجادلة,19,4,فانساهم,فأنساهم
5123,58,المجادلة,19,7,اوليك,أولئك
5123,58,المجادلة,19,10,الا,ألا
5123,58,المجادلة,19,11,ان,إن
5124,58,المجادلة,20,1,ان,إن
5124,58,المجادلة,20,6,اوليك,أولئك
5124,58,المجادلة,20,8,الاذلين,الأذلين
5125,58,المجادلة,21,3,لاغلبن,لأغلبن
5125,58,المجادلة,21,4,انا,أنا
5125,58,المجادلة,21,6,ان,إن
5126,58,المجادلة,22,4,يومنون,يؤمنون
5126,58,المجادلة,22,7,الاخر,الآخر
5126,58,المجادلة,22,15,اباءهم,آباءهم
5126,58,المجادلة,22,16,او,أو
5126,58,المجادلة,22,17,ابناءهم,أبناءهم
5126,58,المجادلة,22,18,او,أو
5126,58,المجادلة,22,19,اخوانهم,إخوانهم
5126,58,المجادلة,22,20,او,أو
5126,58,المجادلة,22,22,اوليك,أولئك
5126,58,المجادلة,22,26,الايمان,الإيمان
5126,58,المجادلة,22,27,وايدهم,وأيدهم
5126,58,المجادلة,22,35,الانهار,الأنهار
5126,58,المجادلة,22,43,اوليك,أولئك
5126,58,المجادلة,22,46,الا,ألا
5126,58,المجادلة,22,47,ان,إن
5127,59,الحشر,1,12,الارض,الأرض
5128,59,الحشر,2,3,اخرج,أخرج
5128,59,الحشر,2,7,اهل,أهل
5128,59,الحشر,2,11,لاول,لأول
5128,59,الحشر,2,15,ان,أن
5128,59,الحشر,2,18,انهم,أنهم
5128,59,الحشر,2,23,فاتاهم,فأتاهم
5128,59,الحشر,2,35,بايديهم,بأيديهم
5128,59,الحشر,2,36,وايدي,وأيدي
5128,59,الحشر,2,37,المومنين,المؤمنين
5128,59,الحشر,2,40,اولي,أولي
5128,59,الحشر,2,41,الابصار,الأبصار
5129,59,الحشر,3,2,ان,أن
5129,59,الحشر,3,12,الاخره,الآخرة
5130,59,الحشر,4,2,بانهم,بأنهم
5130,59,الحشر,4,9,فان,فإن
5131,59,الحشر,5,4,لينه,لينة
5131,59,الحشر,5,5,او,أو
5131,59,الحشر,5,7,قايمه,قائمة
5131,59,الحشر,5,8,علي,على
5131,59,الحشر,5,9,اصولها,أصولها
5131,59,الحشر,5,10,فباذن,فبإذن
5132,59,الحشر,6,2,افاء,أفاء
5132,59,الحشر,6,4,علي,على
5132,59,الحشر,6,8,اوجفتم,أوجفتم
5132,59,الحشر,6,18,علي,على
5132,59,الحشر,6,22,علي,على
5133,59,الحشر,7,2,افاء,أفاء
5133,59,الحشر,7,4,علي,على
5133,59,الحشر,7,7,اهل,أهل
5133,59,الحشر,7,8,القري,القرى
5133,59,الحشر,7,12,القربي,القربى
5133,59,الحشر,7,13,واليتامي,واليتامى
5133,59,الحشر,7,20,دوله,دولة
5133,59,الحشر,7,22,الاغنياء,الأغنياء
5133,59,الحشر,7,25,اتاكم,آتاكم
5133,59,الحشر,7,34,ان,إن
5134,59,الحشر,8,4,اخرجوا,أخرجوا
5134,59,الحشر,8,7,واموالهم,وأموالهم
5134,59,الحشر,8,16,اوليك,أولئك
5135,59,الحشر,9,4,والايمان,والإيمان
5135,59,الحشر,9,10,اليهم,إليهم
5135,59,الحشر,9,15,حاجه,حاجة
5135,59,الحشر,9,17,اوتوا,أوتوا
5135,59,الحشر,9,18,ويوثرون,ويؤثرون
5135,59,الحشر,9,19,علي,على
5135,59,الحشر,9,20,انفسهم,أنفسهم
5135,59,الحشر,9,24,خصاصه,خصاصة
5135,59,الحشر,9,29,فاوليك,فأولئك
5136,59,الحشر,10,9,ولاخواننا,ولإخواننا
5136,59,الحشر,10,12,بالايمان,بالإيمان
5136,59,الحشر,10,19,امنوا,آمنوا
5136,59,الحشر,10,21,انك,إنك
5137,59,الحشر,11,1,الم,ألم
5137,59,الحشر,11,3,الي,إلى
5137,59,الحشر,11,7,لاخوانهم,لإخوانهم
5137,59,الحشر,11,11,اهل,أهل
5137,59,الحشر,11,13,لين,لئن
5137,59,الحشر,11,14,اخرجتم,أخرجتم
5137,59,الحشر,11,20,احدا,أحدا
5137,59,الحشر,11,21,ابدا,أبدا
5137,59,الحشر,11,22,وان,وإن
5137,59,الحشر,11,27,انهم,إنهم
5138,59,الحشر,12,1,لين,لئن
5138,59,الحشر,12,2,اخرجوا,أخرجوا
5138,59,الحشر,12,6,ولين,ولئن
5138,59,الحشر,12,10,ولين,ولئن
5138,59,الحشر,12,13,الادبار,الأدبار
5139,59,الحشر,13,1,لانتم,لأنتم
5139,59,الحشر,13,2,اشد,أشد
5139,59,الحشر,13,3,رهبه,رهبة
5139,59,الحشر,13,9,بانهم,بأنهم
5140,59,الحشر,14,4,الا,إلا
5140,59,الحشر,14,6,قري,قرى
5140,59,الحشر,14,7,محصنه,محصنة
5140,59,الحشر,14,8,او,أو
5140,59,الحشر,14,12,باسهم,بأسهم
5140,59,الحشر,14,18,شتي,شتى
5140,59,الحشر,14,20,بانهم,بأنهم
5141,59,الحشر,15,8,امرهم,أمرهم
5141,59,الحشر,15,11,اليم,أليم
5142,59,الحشر,16,3,اذ,إذ
5142,59,الحشر,16,5,للانسان,للإنسان
5142,59,الحشر,16,10,اني,إني
5142,59,الحشر,16,13,اني,إني
5142,59,الحشر,16,14,اخاف,أخاف
5143,59,الحشر,17,3,انهما,أنهما
5144,59,الحشر,18,2,ايها,أيها
5144,59,الحشر,18,4,امنوا,آمنوا
5144,59,الحشر,18,14,ان,إن
5145,59,الحشر,19,6,فانساهم,فأنساهم
5145,59,الحشر,19,7,انفسهم,أنفسهم
5145,59,الحشر,19,8,اوليك,أولئك
5146,59,الحشر,20,3,اصحاب,أصحاب
5146,59,الحشر,20,5,واصحاب,وأصحاب
5146,59,الحشر,20,6,الجنه,الجنة
5146,59,الحشر,20,7,اصحاب,أصحاب
5146,59,الحشر,20,8,الجنه,الجنة
5146,59,الحشر,20,10,الفايزون,الفائزون
5147,59,الحشر,21,2,انزلنا,أنزلنا
5147,59,الحشر,21,4,القران,القرآن
5147,59,الحشر,21,5,علي,على
5147,59,الحشر,21,7,لرايته,لرأيته
5147,59,الحشر,21,11,خشيه,خشية
5147,59,الحشر,21,14,الامثال,الأمثال
5148,59,الحشر,22,5,اله,إله
5148,59,الحشر,22,6,الا,إلا
5148,59,الحشر,22,10,والشهاده,والشهادة
5149,59,الحشر,23,5,اله,إله
5149,59,الحشر,23,6,الا,إلا
5149,59,الحشر,23,11,المومن,المؤمن
5150,59,الحشر,24,4,الباري,البارئ
5150,59,الحشر,24,7,الاسماء,الأسماء
5150,59,الحشر,24,8,الحسني,الحسنى
5150,59,الحشر,24,14,والارض,والأرض
5151,60,الممتحنة,1,6,ايها,أيها
5151,60,الممتحنة,1,8,امنوا,آمنوا
5151,60,الممتحنة,1,13,اولياء,أولياء
5151,60,الممتحنة,1,15,اليهم,إليهم
5151,60,الممتحنة,1,16,بالموده,بالمودة
5151,60,الممتحنة,1,25,واياكم,وإياكم
5151,60,الممتحنة,1,26,ان,أن
5151,60,الممتحنة,1,27,تومنوا,تؤمنوا
5151,60,الممتحنة,1,30,ان,إن
5151,60,الممتحنة,1,39,اليهم,إليهم
5151,60,الممتحنة,1,40,بالموده,بالمودة
5151,60,الممتحنة,1,41,وانا,وأنا
5151,60,الممتحنة,1,42,اعلم,أعلم
5151,60,الممتحنة,1,44,اخفيتم,أخفيتم
5151,60,الممتحنة,1,46,اعلنتم,أعلنتم
5152,60,الممتحنة,2,1,ان,إن
5152,60,الممتحنة,2,5,اعداء,أعداء
5152,60,الممتحنة,2,7,اليكم,إليكم
5152,60,الممتحنة,2,8,ايديهم,أيديهم
5152,60,الممتحنة,2,9,والسنتهم,وألسنتهم
5153,60,الممتحنة,3,3,ارحامكم,أرحامكم
5153,60,الممتحنة,3,5,اولادكم,أولادكم
5153,60,الممتحنة,3,7,القيامه,القيامة
5154,60,الممتحنة,4,4,اسوه,أسوة
5154,60,الممتحنة,4,5,حسنه,حسنة
5154,60,الممتحنة,4,7,ابراهيم,إبراهيم
5154,60,الممتحنة,4,10,اذ,إذ
5154,60,الممتحنة,4,13,انا,إنا
5154,60,الممتحنة,4,14,براء,برآء
5154,60,الممتحنة,4,26,العداوه,العداوة
5154,60,الممتحنة,4,28,ابدا,أبدا
5154,60,الممتحنة,4,29,حتي,حتى
5154,60,الممتحنة,4,30,تومنوا,تؤمنوا
5154,60,الممتحنة,4,33,الا,إلا
5154,60,الممتحنة,4,35,ابراهيم,إبراهيم
5154,60,الممتحنة,4,36,لابيه,لأبيه
5154,60,الممتحنة,4,37,لاستغفرن,لأستغفرن
5154,60,الممتحنة,4,40,املك,أملك
5154,60,الممتحنة,4,49,واليك,وإليك
5154,60,الممتحنة,4,50,انبنا,أنبنا
5154,60,الممتحنة,4,51,واليك,وإليك
5155,60,الممتحنة,5,4,فتنه,فتنة
5155,60,الممتحنة,5,10,انك,إنك
5155,60,الممتحنة,5,11,انت,أنت
5156,60,الممتحنة,6,5,اسوه,أسوة
5156,60,الممتحنة,6,6,حسنه,حسنة
5156,60,الممتحنة,6,12,الاخر,الآخر
5156,60,الممتحنة,6,15,فان,فإن
5157,60,الممتحنة,7,1,عسي,عسى
5157,60,الممتحنة,7,3,ان,أن
5157,60,الممتحنة,7,10,موده,مودة
5158,60,الممتحنة,8,14,ان,أن
5158,60,الممتحنة,8,17,اليهم,إليهم
5158,60,الممتحنة,8,18,ان,إن
5159,60,الممتحنة,9,1,انما,إنما
5159,60,الممتحنة,9,9,واخرجوكم,وأخرجوكم
5159,60,الممتحنة,9,13,علي,على
5159,60,الممتحنة,9,14,اخراجكم,إخراجكم
5159,60,الممتحنة,9,15,ان,أن
5159,60,الممتحنة,9,19,فاوليك,فأولئك
5160,60,الممتحنة,10,2,ايها,أيها
5160,60,الممتحنة,10,4,امنوا,آمنوا
5160,60,الممتحنة,10,5,اذا,إذا
5160,60,الممتحنة,10,7,المومنات,المؤمنات
5160,60,الممتحنة,10,11,اعلم,أعلم
5160,60,الممتحنة,10,12,بايمانهن,بإيمانهن
5160,60,الممتحنة,10,13,فان,فإن
5160,60,الممتحنة,10,15,مومنات,مؤمنات
5160,60,الممتحنة,10,18,الي,إلى
5160,60,الممتحنة,10,28,واتوهم,وآتوهم
5160,60,الممتحنة,10,30,انفقوا,أنفقوا
5160,60,الممتحنة,10,34,ان,أن
5160,60,الممتحنة,10,36,اذا,إذا
5160,60,الممتحنة,10,37,اتيتموهن,آتيتموهن
5160,60,الممتحنة,10,38,اجورهن,أجورهن
5160,60,الممتحنة,10,43,واسالوا,واسألوا
5160,60,الممتحنة,10,45,انفقتم,أنفقتم
5160,60,الممتحنة,10,46,وليسالوا,وليسألوا
5160,60,الممتحنة,10,48,انفقوا,أنفقوا
5161,60,الممتحنة,11,1,وان,وإن
5161,60,الممتحنة,11,5,ازواجكم,أزواجكم
5161,60,الممتحنة,11,6,الي,إلى
5161,60,الممتحنة,11,9,فاتوا,فآتوا
5161,60,الممتحنة,11,12,ازواجهم,أزواجهم
5161,60,الممتحنة,11,15,انفقوا,أنفقوا
5161,60,الممتحنة,11,19,انتم,أنتم
5161,60,الممتحنة,11,21,مومنون,مؤمنون
5162,60,الممتحنة,12,2,ايها,أيها
5162,60,الممتحنة,12,4,اذا,إذا
5162,60,الممتحنة,12,6,المومنات,المؤمنات
5162,60,الممتحنة,12,8,علي,على
5162,60,الممتحنة,12,9,ان,أن
5162,60,الممتحنة,12,13,شييا,شيئا
5162,60,الممتحنة,12,20,اولادهن,أولادهن
5162,60,الممتحنة,12,22,ياتين,يأتين
5162,60,الممتحنة,12,26,ايديهن,أيديهن
5162,60,الممتحنة,12,27,وارجلهن,وأرجلهن
5162,60,الممتحنة,12,36,ان,إن
5163,60,الممتحنة,13,2,ايها,أيها
5163,60,الممتحنة,13,4,امنوا,آمنوا
5163,60,الممتحنة,13,12,ييسوا,يئسوا
5163,60,الممتحنة,13,14,الاخره,الآخرة
5163,60,الممتحنة,13,16,ييس,يئس
5163,60,الممتحنة,13,19,اصحاب,أصحاب
5164,61,الصف,1,12,الارض,الأرض
5165,61,الصف,2,2,ايها,أيها
5165,61,الصف,2,4,امنوا,آمنوا
5166,61,الصف,3,5,ان,أن
5167,61,الصف,4,1,ان,إن
5167,61,الصف,4,9,كانهم,كأنهم
5168,61,الصف,5,1,واذ,وإذ
5168,61,الصف,5,3,موسي,موسى
5168,61,الصف,5,8,توذونني,تؤذونني
5168,61,الصف,5,11,اني,أني
5168,61,الصف,5,14,اليكم,إليكم
5168,61,الصف,5,17,ازاغ,أزاغ
5169,61,الصف,6,1,واذ,وإذ
5169,61,الصف,6,3,عيسي,عيسى
5169,61,الصف,6,8,اسراييل,إسرائيل
5169,61,الصف,6,9,اني,إني
5169,61,الصف,6,12,اليكم,إليكم
5169,61,الصف,6,18,التوراه,التوراة
5169,61,الصف,6,21,ياتي,يأتي
5169,61,الصف,6,25,احمد,أحمد
5170,61,الصف,7,2,اظلم,أظلم
5170,61,الصف,7,4,افتري,افترى
5170,61,الصف,7,5,علي,على
5170,61,الصف,7,9,يدعي,يدعى
5170,61,الصف,7,10,الي,إلى
5170,61,الصف,7,11,الاسلام,الإسلام
5171,61,الصف,8,2,ليطفيوا,ليطفئوا
5171,61,الصف,8,5,بافواههم,بأفواههم
5172,61,الصف,9,3,ارسل,أرسل
5172,61,الصف,9,5,بالهدي,بالهدى
5172,61,الصف,9,9,علي,على
5173,61,الصف,10,2,ايها,أيها
5173,61,الصف,10,4,امنوا,آمنوا
5173,61,الصف,10,6,ادلكم,أدلكم
5173,61,الصف,10,7,علي,على
5173,61,الصف,10,8,تجاره,تجارة
5173,61,الصف,10,12,اليم,أليم
5174,61,الصف,11,1,تومنون,تؤمنون
5174,61,الصف,11,8,باموالكم,بأموالكم
5174,61,الصف,11,9,وانفسكم,وأنفسكم
5174,61,الصف,11,13,ان,إن
5175,61,الصف,12,9,الانهار,الأنهار
5175,61,الصف,12,11,طيبه,طيبة
5176,61,الصف,13,1,واخري,وأخرى
5176,61,الصف,13,9,المومنين,المؤمنين
5177,61,الصف,14,2,ايها,أيها
5177,61,الصف,14,4,امنوا,آمنوا
5177,61,الصف,14,6,انصار,أنصار
5177,61,الصف,14,10,عيسي,عيسى
5177,61,الصف,14,15,انصاري,أنصاري
5177,61,الصف,14,16,الي,إلى
5177,61,الصف,14,21,انصار,أنصار
5177,61,الصف,14,23,فامنت,فآمنت
5177,61,الصف,14,24,طايفه,طائفة
5177,61,الصف,14,27,اسراييل,إسرائيل
5177,61,الصف,14,29,طايفه,طائفة
5177,61,الصف,14,30,فايدنا,فأيدنا
5177,61,الصف,14,32,امنوا,آمنوا
5177,61,الصف,14,33,علي,على
5177,61,الصف,14,35,فاصبحوا,فأصبحوا
5178,62,الجمعة,1,12,الارض,الأرض
5179,62,الجمعة,2,5,الاميين,الأميين
5179,62,الجمعة,2,10,اياته,آياته
5179,62,الجمعة,2,14,والحكمه,والحكمة
5179,62,الجمعة,2,15,وان,وإن
5180,62,الجمعة,3,1,واخرين,وآخرين
5181,62,الجمعة,4,4,يوتيه,يؤتيه
5182,62,الجمعة,5,4,التوراه,التوراة
5182,62,الجمعة,5,11,اسفارا,أسفارا
5182,62,الجمعة,5,12,بيس,بئس
5182,62,الجمعة,5,17,بايات,بآيات
5183,62,الجمعة,6,3,ايها,أيها
5183,62,الجمعة,6,6,ان,إن
5183,62,الجمعة,6,8,انكم,أنكم
5183,62,الجمعة,6,9,اولياء,أولياء
5183,62,الجمعة,6,16,ان,إن
5184,62,الجمعة,7,3,ابدا,أبدا
5184,62,الجمعة,7,6,ايديهم,أيديهم
5185,62,الجمعة,8,2,ان,إن
5185,62,الجمعة,8,7,فانه,فإنه
5185,62,الجمعة,8,11,الي,إلى
5185,62,الجمعة,8,14,والشهاده,والشهادة
5185,62,الجمعة,8,15,فينبيكم,فينبئكم
5186,62,الجمعة,9,2,ايها,أيها
5186,62,الجمعة,9,4,امنوا,آمنوا
5186,62,الجمعة,9,5,اذا,إذا
5186,62,الجمعة,9,7,للصلاه,للصلاة
5186,62,الجمعة,9,10,الجمعه,الجمعة
5186,62,الجمعة,9,12,الي,إلى
5186,62,الجمعة,9,20,ان,إن
5187,62,الجمعة,10,1,فاذا,فإذا
5187,62,الجمعة,10,3,الصلاه,الصلاة
5187,62,الجمعة,10,6,الارض,الأرض
5188,62,الجمعة,11,1,واذا,وإذا
5188,62,الجمعة,11,2,راوا,رأوا
5188,62,الجمعة,11,3,تجاره,تجارة
5188,62,الجمعة,11,4,او,أو
5188,62,الجمعة,11,7,اليها,إليها
5188,62,الجمعة,11,9,قايما,قائما
5188,62,الجمعة,11,18,التجاره,التجارة
5189,63,المنافقون,1,5,اذا,إذا
5189,63,المنافقون,1,10,انك,إنك
5189,63,المنافقون,1,15,انك,إنك
5189,63,المنافقون,1,19,ان,إن
5190,63,المنافقون,2,2,ايمانهم,أيمانهم
5190,63,المنافقون,2,3,جنه,جنة
5190,63,المنافقون,2,8,انهم,إنهم
5191,63,المنافقون,3,2,بانهم,بأنهم
5191,63,المنافقون,3,3,امنوا,آمنوا
5191,63,المنافقون,3,7,علي,على
5192,63,المنافقون,4,1,واذا,وإذا
5192,63,المنافقون,4,2,رايتهم,رأيتهم
5192,63,المنافقون,4,4,اجسامهم,أجسامهم
5192,63,المنافقون,4,5,وان,وإن
5192,63,المنافقون,4,9,كانهم,كأنهم
5192,63,المنافقون,4,11,مسنده,مسندة
5192,63,المنافقون,4,14,صيحه,صيحة
5192,63,المنافقون,4,21,اني,أنى
5192,63,المنافقون,4,22,يوفكون,يؤفكون
5193,63,المنافقون,5,1,واذا,وإذا
5193,63,المنافقون,5,11,ورايتهم,ورأيتهم
5194,63,المنافقون,6,3,استغفرت,أستغفرت
5194,63,المنافقون,6,5,ام,أم
5194,63,المنافقون,6,13,ان,إن
5195,63,المنافقون,7,6,علي,على
5195,63,المنافقون,7,11,حتي,حتى
5195,63,المنافقون,7,14,خزاين,خزائن
5195,63,المنافقون,7,16,والارض,والأرض
5196,63,المنافقون,8,2,لين,لئن
5196,63,المنافقون,8,4,الي,إلى
5196,63,المنافقون,8,5,المدينه,المدينة
5196,63,المنافقون,8,7,الاعز,الأعز
5196,63,المنافقون,8,9,الاذل,الأذل
5196,63,المنافقون,8,11,العزه,العزة
5196,63,المنافقون,8,13,وللمومنين,وللمؤمنين
5197,63,المنافقون,9,2,ايها,أيها
5197,63,المنافقون,9,4,امنوا,آمنوا
5197,63,المنافقون,9,7,اموالكم,أموالكم
5197,63,المنافقون,9,9,اولادكم,أولادكم
5197,63,المنافقون,9,16,فاوليك,فأولئك
5198,63,المنافقون,10,1,وانفقوا,وأنفقوا
5198,63,المنافقون,10,7,ان,أن
5198,63,المنافقون,10,8,ياتي,يأتي
5198,63,المنافقون,10,9,احدكم,أحدكم
5198,63,المنافقون,10,14,اخرتني,أخرتني
5198,63,المنافقون,10,15,الي,إلى
5198,63,المنافقون,10,16,اجل,أجل
5198,63,المنافقون,10,18,فاصدق,فأصدق
5198,63,المنافقون,10,19,واكن,وأكن
5199,63,المنافقون,11,2,يوخر,يؤخر
5199,63,المنافقون,11,5,اذا,إذا
5199,63,المنافقون,11,7,اجلها,أجلها
5200,64,التغابن,1,12,الارض,الأرض
5200,64,التغابن,1,18,علي,على
5201,64,التغابن,2,7,مومن,مؤمن
5202,64,التغابن,3,3,والارض,والأرض
5202,64,التغابن,3,6,فاحسن,فأحسن
5202,64,التغابن,3,8,واليه,وإليه
5203,64,التغابن,4,5,والارض,والأرض
5204,64,التغابن,5,1,الم,ألم
5204,64,التغابن,5,2,ياتكم,يأتكم
5204,64,التغابن,5,3,نبا,نبأ
5204,64,التغابن,5,10,امرهم,أمرهم
5204,64,التغابن,5,13,اليم,أليم
5205,64,التغابن,6,2,بانه,بأنه
5205,64,التغابن,6,4,تاتيهم,تأتيهم
5205,64,التغابن,6,8,ابشر,أبشر
5205,64,التغابن,6,12,واستغني,واستغنى
5206,64,التغابن,7,4,ان,أن
5206,64,التغابن,7,8,بلي,بلى
5206,64,التغابن,7,12,لتنبون,لتنبؤن
5206,64,التغابن,7,16,علي,على
5207,64,التغابن,8,1,فامنوا,فآمنوا
5207,64,التغابن,8,6,انزلنا,أنزلنا
5208,64,التغابن,9,9,يومن,يؤمن
5208,64,التغابن,9,15,سيياته,سيئاته
5208,64,التغابن,9,21,الانهار,الأنهار
5208,64,التغابن,9,24,ابدا,أبدا
5209,64,التغابن,10,4,باياتنا,بآياتنا
5209,64,التغابن,10,5,اوليك,أولئك
5209,64,التغابن,10,6,اصحاب,أصحاب
5209,64,التغابن,10,10,وبيس,وبئس
5210,64,التغابن,11,2,اصاب,أصاب
5210,64,التغابن,11,4,مصيبه,مصيبة
5210,64,التغابن,11,5,الا,إلا
5210,64,التغابن,11,6,باذن,بإذن
5210,64,التغابن,11,9,يومن,يؤمن
5211,64,التغابن,12,1,واطيعوا,وأطيعوا
5211,64,التغابن,12,3,واطيعوا,وأطيعوا
5211,64,التغابن,12,5,فان,فإن
5211,64,التغابن,12,7,فانما,فإنما
5211,64,التغابن,12,8,علي,على
5212,64,التغابن,13,3,اله,إله
5212,64,التغابن,13,4,الا,إلا
5212,64,التغابن,13,6,وعلي,وعلى
5212,64,التغابن,13,9,المومنون,المؤمنون
5213,64,التغابن,14,2,ايها,أيها
5213,64,التغابن,14,4,امنوا,آمنوا
5213,64,التغابن,14,5,ان,إن
5213,64,التغابن,14,7,ازواجكم,أزواجكم
5213,64,التغابن,14,8,واولادكم,وأولادكم
5213,64,التغابن,14,12,وان,وإن
5213,64,التغابن,14,16,فان,فإن
5214,64,التغابن,15,1,انما,إنما
5214,64,التغابن,15,2,اموالكم,أموالكم
5214,64,التغابن,15,3,واولادكم,وأولادكم
5214,64,التغابن,15,4,فتنه,فتنة
5214,64,التغابن,15,7,اجر,أجر
5215,64,التغابن,16,6,واطيعوا,وأطيعوا
5215,64,التغابن,16,7,وانفقوا,وأنفقوا
5215,64,التغابن,16,9,لانفسكم,لأنفسكم
5215,64,التغابن,16,14,فاوليك,فأولئك
5216,64,التغابن,17,1,ان,إن
5217,64,التغابن,18,3,والشهاده,والشهادة
5218,65,الطلاق,1,6,ايها,أيها
5218,65,الطلاق,1,8,اذا,إذا
5218,65,الطلاق,1,13,واحصوا,وأحصوا
5218,65,الطلاق,1,14,العده,العدة
5218,65,الطلاق,1,24,الا,إلا
5218,65,الطلاق,1,25,ان,أن
5218,65,الطلاق,1,26,ياتين,يأتين
5218,65,الطلاق,1,27,بفاحشه,بفاحشة
5218,65,الطلاق,1,28,مبينه,مبينة
5218,65,الطلاق,1,46,امرا,أمرا
5219,65,الطلاق,2,1,فاذا,فإذا
5219,65,الطلاق,2,3,اجلهن,أجلهن
5219,65,الطلاق,2,4,فامسكوهن,فأمسكوهن
5219,65,الطلاق,2,6,او,أو
5219,65,الطلاق,2,9,واشهدوا,وأشهدوا
5219,65,الطلاق,2,13,واقيموا,وأقيموا
5219,65,الطلاق,2,14,الشهاده,الشهادة
5219,65,الطلاق,2,21,يومن,يؤمن
5219,65,الطلاق,2,24,الاخر,الآخر
5220,65,الطلاق,3,8,علي,على
5220,65,الطلاق,3,12,ان,إن
5220,65,الطلاق,3,15,امره,أمره
5221,65,الطلاق,4,1,واللايي,واللائي
5221,65,الطلاق,4,2,ييسن,يئسن
5221,65,الطلاق,4,6,نسايكم,نسائكم
5221,65,الطلاق,4,7,ان,إن
5221,65,الطلاق,4,10,ثلاثه,ثلاثة
5221,65,الطلاق,4,11,اشهر,أشهر
5221,65,الطلاق,4,12,واللايي,واللائي
5221,65,الطلاق,4,15,واولات,وأولات
5221,65,الطلاق,4,16,الاحمال,الأحمال
5221,65,الطلاق,4,17,اجلهن,أجلهن
5221,65,الطلاق,4,18,ان,أن
5221,65,الطلاق,4,27,امره,أمره
5222,65,الطلاق,5,2,امر,أمر
5222,65,الطلاق,5,4,انزله,أنزله
5222,65,الطلاق,5,5,اليكم,إليكم
5222,65,الطلاق,5,11,سيياته,سيئاته
5222,65,الطلاق,5,14,اجرا,أجرا
5223,65,الطلاق,6,1,اسكنوهن,أسكنوهن
5223,65,الطلاق,6,11,وان,وإن
5223,65,الطلاق,6,13,اولات,أولات
5223,65,الطلاق,6,15,فانفقوا,فأنفقوا
5223,65,الطلاق,6,17,حتي,حتى
5223,65,الطلاق,6,20,فان,فإن
5223,65,الطلاق,6,21,ارضعن,أرضعن
5223,65,الطلاق,6,23,فاتوهن,فآتوهن
5223,65,الطلاق,6,24,اجورهن,أجورهن
5223,65,الطلاق,6,25,واتمروا,وأتمروا
5223,65,الطلاق,6,28,وان,وإن
5223,65,الطلاق,6,32,اخري,أخرى
5224,65,الطلاق,7,3,سعه,سعة
5224,65,الطلاق,7,12,اتاه,آتاه
5224,65,الطلاق,7,18,الا,إلا
5224,65,الطلاق,7,20,اتاها,آتاها
5225,65,الطلاق,8,1,وكاين,وكأين
5225,65,الطلاق,8,3,قريه,قرية
5225,65,الطلاق,8,6,امر,أمر
5226,65,الطلاق,9,3,امرها,أمرها
5226,65,الطلاق,9,5,عاقبه,عاقبة
5226,65,الطلاق,9,6,امرها,أمرها
5227,65,الطلاق,10,1,اعد,أعد
5227,65,الطلاق,10,9,اولي,أولي
5227,65,الطلاق,10,10,الالباب,الألباب
5227,65,الطلاق,10,12,امنوا,آمنوا
5227,65,الطلاق,10,14,انزل,أنزل
5227,65,الطلاق,10,16,اليكم,إليكم
5228,65,الطلاق,11,4,ايات,آيات
5228,65,الطلاق,11,9,امنوا,آمنوا
5228,65,الطلاق,11,14,الي,إلى
5228,65,الطلاق,11,17,يومن,يؤمن
5228,65,الطلاق,11,26,الانهار,الأنهار
5228,65,الطلاق,11,29,ابدا,أبدا
5228,65,الطلاق,11,31,احسن,أحسن
5229,65,الطلاق,12,7,الارض,الأرض
5229,65,الطلاق,12,10,الامر,الأمر
5229,65,الطلاق,12,13,ان,أن
5229,65,الطلاق,12,15,علي,على
5229,65,الطلاق,12,19,وان,وأن
5229,65,الطلاق,12,22,احاط,أحاط
5230,66,التحريم,1,6,ايها,أيها
5230,66,التحريم,1,11,احل,أحل
5230,66,التحريم,1,16,ازواجك,أزواجك
5231,66,التحريم,2,5,تحله,تحلة
5231,66,التحريم,2,6,ايمانكم,أيمانكم
5232,66,التحريم,3,1,واذ,وإذ
5232,66,التحريم,3,2,اسر,أسر
5232,66,التحريم,3,4,الي,إلى
5232,66,التحريم,3,6,ازواجه,أزواجه
5232,66,التحريم,3,9,نبات,نبأت
5232,66,التحريم,3,11,واظهره,وأظهره
5232,66,التحريم,3,16,واعرض,وأعرض
5232,66,التحريم,3,20,نباها,نبأها
5232,66,التحريم,3,24,انباك,أنبأك
5232,66,التحريم,3,27,نباني,نبأني
5233,66,التحريم,4,1,ان,إن
5233,66,التحريم,4,3,الي,إلى
5233,66,التحريم,4,8,وان,وإن
5233,66,التحريم,4,11,فان,فإن
5233,66,التحريم,4,17,المومنين,المؤمنين
5233,66,التحريم,4,18,والملايكه,والملائكة
5234,66,التحريم,5,1,عسي,عسى
5234,66,التحريم,5,3,ان,إن
5234,66,التحريم,5,5,ان,أن
5234,66,التحريم,5,7,ازواجا,أزواجا
5234,66,التحريم,5,11,مومنات,مؤمنات
5234,66,التحريم,5,13,تايبات,تائبات
5234,66,التحريم,5,15,سايحات,سائحات
5234,66,التحريم,5,17,وابكارا,وأبكارا
5235,66,التحريم,6,2,ايها,أيها
5235,66,التحريم,6,4,امنوا,آمنوا
5235,66,التحريم,6,6,انفسكم,أنفسكم
5235,66,التحريم,6,7,واهليكم,وأهليكم
5235,66,التحريم,6,11,والحجاره,والحجارة
5235,66,التحريم,6,13,ملايكه,ملائكة
5235,66,التحريم,6,20,امرهم,أمرهم
5235,66,التحريم,6,23,يومرون,يؤمرون
5236,66,التحريم,7,2,ايها,أيها
5236,66,التحريم,7,8,انما,إنما
5237,66,التحريم,8,2,ايها,أيها
5237,66,التحريم,8,4,امنوا,آمنوا
5237,66,التحريم,8,6,الي,إلى
5237,66,التحريم,8,8,توبه,توبة
5237,66,التحريم,8,10,عسي,عسى
5237,66,التحريم,8,12,ان,أن
5237,66,التحريم,8,15,سيياتكم,سيئاتكم
5237,66,التحريم,8,21,الانهار,الأنهار
5237,66,التحريم,8,28,امنوا,آمنوا
5237,66,التحريم,8,31,يسعي,يسعى
5237,66,التحريم,8,33,ايديهم,أيديهم
5237,66,التحريم,8,34,وبايمانهم,وبأيمانهم
5237,66,التحريم,8,37,اتمم,أتمم
5237,66,التحريم,8,42,انك,إنك
5237,66,التحريم,8,43,علي,على
5238,66,التحريم,9,2,ايها,أيها
5238,66,التحريم,9,9,وماواهم,ومأواهم
5238,66,التحريم,9,11,وبيس,وبئس
5239,66,التحريم,10,6,امرات,امرأت
5239,66,التحريم,10,8,وامرات,وامرأت
5239,66,التحريم,10,22,شييا,شيئا
5240,66,التحريم,11,5,امنوا,آمنوا
5240,66,التحريم,11,6,امرات,امرأت
5240,66,التحريم,11,8,اذ,إذ
5240,66,التحريم,11,16,الجنه,الجنة
5241,66,التحريم,12,5,احصنت,أحصنت
5242,67,الملك,1,10,علي,على
5243,67,الملك,2,4,والحياه,والحياة
5243,67,الملك,2,6,ايكم,أيكم
5243,67,الملك,2,7,احسن,أحسن
5244,67,الملك,3,7,تري,ترى
5244,67,الملك,3,16,تري,ترى
5245,67,الملك,4,6,اليك,إليك
5245,67,الملك,4,8,خاسيا,خاسئا
5246,67,الملك,5,9,واعتدنا,وأعتدنا
5247,67,الملك,6,6,وبيس,وبئس
5248,67,الملك,7,1,اذا,إذا
5248,67,الملك,7,2,القوا,ألقوا
5249,67,الملك,8,6,القي,ألقي
5249,67,الملك,8,9,سالهم,سألهم
5249,67,الملك,8,11,الم,ألم
5249,67,الملك,8,12,ياتكم,يأتكم
5250,67,الملك,9,2,بلي,بلى
5250,67,الملك,9,13,ان,إن
5250,67,الملك,9,14,انتم,أنتم
5250,67,الملك,9,15,الا,إلا
5251,67,الملك,10,5,او,أو
5251,67,الملك,10,10,اصحاب,أصحاب
5252,67,الملك,11,4,لاصحاب,لأصحاب
5253,67,الملك,12,1,ان,إن
5253,67,الملك,12,7,مغفره,مغفرة
5253,67,الملك,12,8,واجر,وأجر
5254,67,الملك,13,1,واسروا,وأسروا
5254,67,الملك,13,3,او,أو
5254,67,الملك,13,6,انه,إنه
5255,67,الملك,14,1,الا,ألا
5256,67,الملك,15,5,الارض,الأرض
5256,67,الملك,15,13,واليه,وإليه
5257,67,الملك,16,1,اامنتم,أأمنتم
5257,67,الملك,16,5,ان,أن
5257,67,الملك,16,8,الارض,الأرض
5257,67,الملك,16,9,فاذا,فإذا
5258,67,الملك,17,1,ام,أم
5258,67,الملك,17,2,امنتم,أمنتم
5258,67,الملك,17,6,ان,أن
5260,67,الملك,19,1,اولم,أولم
5260,67,الملك,19,3,الي,إلى
5260,67,الملك,19,10,الا,إلا
5260,67,الملك,19,12,انه,إنه
5261,67,الملك,20,1,امن,أمن
5261,67,الملك,20,11,ان,إن
5261,67,الملك,20,13,الا,إلا
5262,67,الملك,21,1,امن,أمن
5262,67,الملك,21,5,ان,إن
5262,67,الملك,21,6,امسك,أمسك
5263,67,الملك,22,1,افمن,أفمن
5263,67,الملك,22,4,علي,على
5263,67,الملك,22,6,اهدي,أهدى
5263,67,الملك,22,7,امن,أمن
5263,67,الملك,22,10,علي,على
5264,67,الملك,23,4,انشاكم,أنشأكم
5264,67,الملك,23,8,والابصار,والأبصار
5264,67,الملك,23,9,والافيده,والأفئدة
5265,67,الملك,24,4,ذراكم,ذرأكم
5265,67,الملك,24,6,الارض,الأرض
5265,67,الملك,24,7,واليه,وإليه
5266,67,الملك,25,2,متي,متى
5266,67,الملك,25,5,ان,إن
5267,67,الملك,26,2,انما,إنما
5267,67,الملك,26,6,وانما,وإنما
5267,67,الملك,26,7,انا,أنا
5268,67,الملك,27,2,راوه,رأوه
5268,67,الملك,27,3,زلفه,زلفة
5268,67,الملك,27,4,سييت,سيئت
5269,67,الملك,28,2,ارايتم,أرأيتم
5269,67,الملك,28,3,ان,إن
5269,67,الملك,28,4,اهلكني,أهلكني
5269,67,الملك,28,8,او,أو
5269,67,الملك,28,15,اليم,أليم
5270,67,الملك,29,4,امنا,آمنا
5271,67,الملك,30,2,ارايتم,أرأيتم
5271,67,الملك,30,3,ان,إن
5271,67,الملك,30,4,اصبح,أصبح
5271,67,الملك,30,5,ماوكم,ماؤكم
5271,67,الملك,30,8,ياتيكم,يأتيكم
5273,68,القلم,2,2,انت,أنت
5273,68,القلم,2,3,بنعمه,بنعمة
5274,68,القلم,3,1,وان,وإن
5274,68,القلم,3,3,لاجرا,لأجرا
5275,68,القلم,4,1,وانك,وإنك
5275,68,القلم,4,2,لعلي,لعلى
5277,68,القلم,6,1,باييكم,بأييكم
5278,68,القلم,7,1,ان,إن
5278,68,القلم,7,4,اعلم,أعلم
5278,68,القلم,7,10,اعلم,أعلم
5283,68,القلم,12,4,اثيم,أثيم
5285,68,القلم,14,1,ان,أن
5286,68,القلم,15,1,اذا,إذا
5286,68,القلم,15,2,تتلي,تتلى
5286,68,القلم,15,4,اياتنا,آياتنا
5286,68,القلم,15,6,اساطير,أساطير
5286,68,القلم,15,7,الاولين,الأولين
5287,68,القلم,16,2,علي,على
5288,68,القلم,17,1,انا,إنا
5288,68,القلم,17,5,اصحاب,أصحاب
5288,68,القلم,17,6,الجنه,الجنة
5288,68,القلم,17,7,اذ,إذ
5288,68,القلم,17,8,اقسموا,أقسموا
5290,68,القلم,19,3,طايف,طائف
5290,68,القلم,19,7,نايمون,نائمون
5291,68,القلم,20,1,فاصبحت,فأصبحت
5293,68,القلم,22,1,ان,أن
5293,68,القلم,22,3,علي,على
5293,68,القلم,22,5,ان,إن
5295,68,القلم,24,1,ان,أن
5296,68,القلم,25,2,علي,على
5297,68,القلم,26,2,راوها,رأوها
5297,68,القلم,26,4,انا,إنا
5299,68,القلم,28,2,اوسطهم,أوسطهم
5299,68,القلم,28,3,الم,ألم
5299,68,القلم,28,4,اقل,أقل
5300,68,القلم,29,4,انا,إنا
5301,68,القلم,30,1,فاقبل,فأقبل
5301,68,القلم,30,3,علي,على
5302,68,القلم,31,4,انا,إنا
5303,68,القلم,32,1,عسي,عسى
5303,68,القلم,32,3,ان,أن
5303,68,القلم,32,7,انا,إنا
5303,68,القلم,32,8,الي,إلى
5304,68,القلم,33,4,الاخره,الآخرة
5304,68,القلم,33,5,اكبر,أكبر
5305,68,القلم,34,1,ان,إن
5306,68,القلم,35,1,افنجعل,أفنجعل
5308,68,القلم,37,1,ام,أم
5309,68,القلم,38,1,ان,إن
5310,68,القلم,39,1,ام,أم
5310,68,القلم,39,3,ايمان,أيمان
5310,68,القلم,39,5,بالغه,بالغة
5310,68,القلم,39,6,الي,إلى
5310,68,القلم,39,8,القيامه,القيامة
5310,68,القلم,39,9,ان,إن
5311,68,القلم,40,2,ايهم,أيهم
5312,68,القلم,41,1,ام,أم
5312,68,القلم,41,4,فلياتوا,فليأتوا
5312,68,القلم,41,5,بشركايهم,بشركائهم
5312,68,القلم,41,6,ان,إن
5313,68,القلم,42,6,الي,إلى
5314,68,القلم,43,1,خاشعه,خاشعة
5314,68,القلم,43,2,ابصارهم,أبصارهم
5314,68,القلم,43,4,ذله,ذلة
5314,68,القلم,43,8,الي,إلى
5316,68,القلم,45,1,واملي,وأملي
5316,68,القلم,45,3,ان,إن
5317,68,القلم,46,1,ام,أم
5317,68,القلم,46,2,تسالهم,تسألهم
5317,68,القلم,46,3,اجرا,أجرا
5318,68,القلم,47,1,ام,أم
5319,68,القلم,48,8,اذ,إذ
5319,68,القلم,48,9,نادي,نادى
5320,68,القلم,49,2,ان,أن
5320,68,القلم,49,4,نعمه,نعمة
5322,68,القلم,51,1,وان,وإن
5322,68,القلم,51,6,بابصارهم,بأبصارهم
5322,68,القلم,51,11,انه,إنه
5323,68,القلم,52,3,الا,إلا
5324,69,الحاقة,1,5,الحاقه,الحاقة
5325,69,الحاقة,2,2,الحاقه,الحاقة
5326,69,الحاقة,3,2,ادراك,أدراك
5326,69,الحاقة,3,4,الحاقه,الحاقة
5327,69,الحاقة,4,4,بالقارعه,بالقارعة
5328,69,الحاقة,5,1,فاما,فأما
5328,69,الحاقة,5,3,فاهلكوا,فأهلكوا
5328,69,الحاقة,5,4,بالطاغيه,بالطاغية
5329,69,الحاقة,6,1,واما,وأما
5329,69,الحاقة,6,3,فاهلكوا,فأهلكوا
5329,69,الحاقة,6,6,عاتيه,عاتية
5330,69,الحاقة,7,5,وثمانيه,وثمانية
5330,69,الحاقة,7,6,ايام,أيام
5330,69,الحاقة,7,8,فتري,فترى
5330,69,الحاقة,7,11,صرعي,صرعى
5330,69,الحاقة,7,12,كانهم,كأنهم
5330,69,الحاقة,7,13,اعجاز,أعجاز
5330,69,الحاقة,7,15,خاويه,خاوية
5331,69,الحاقة,8,2,تري,ترى
5331,69,الحاقة,8,5,باقيه,باقية
5332,69,الحاقة,9,5,والموتفكات,والمؤتفكات
5332,69,الحاقة,9,6,بالخاطيه,بالخاطئة
5333,69,الحاقة,10,4,فاخذهم,فأخذهم
5333,69,الحاقة,10,5,اخذه,أخذة
5333,69,الحاقة,10,6,رابيه,رابية
5334,69,الحاقة,11,1,انا,إنا
5334,69,الحاقة,11,3,طغي,طغى
5334,69,الحاقة,11,7,الجاريه,الجارية
5335,69,الحاقة,12,3,تذكره,تذكرة
5335,69,الحاقة,12,5,اذن,أذن
5335,69,الحاقة,12,6,واعيه,واعية
5336,69,الحاقة,13,1,فاذا,فإذا
5336,69,الحاقة,13,5,نفخه,نفخة
5336,69,الحاقة,13,6,واحده,واحدة
5337,69,الحاقة,14,2,الارض,الأرض
5337,69,الحاقة,14,5,دكه,دكة
5337,69,الحاقة,14,6,واحده,واحدة
5338,69,الحاقة,15,1,فيوميذ,فيومئذ
5338,69,الحاقة,15,3,الواقعه,الواقعة
5339,69,الحاقة,16,4,يوميذ,يومئذ
5339,69,الحاقة,16,5,واهيه,واهية
5340,69,الحاقة,17,2,علي,على
5340,69,الحاقة,17,3,ارجايها,أرجائها
5340,69,الحاقة,17,8,يوميذ,يومئذ
5340,69,الحاقة,17,9,ثمانيه,ثمانية
5341,69,الحاقة,18,1,يوميذ,يومئذ
5341,69,الحاقة,18,4,تخفي,تخفى
5341,69,الحاقة,18,6,خافيه,خافية
5342,69,الحاقة,19,1,فاما,فأما
5342,69,الحاقة,19,3,اوتي,أوتي
5342,69,الحاقة,19,7,هاوم,هاؤم
5343,69,الحاقة,20,1,اني,إني
5343,69,الحاقة,20,3,اني,أني
5344,69,الحاقة,21,3,عيشه,عيشة
5344,69,الحاقة,21,4,راضيه,راضية
5345,69,الحاقة,22,2,جنه,جنة
5345,69,الحاقة,22,3,عاليه,عالية
5346,69,الحاقة,23,2,دانيه,دانية
5347,69,الحاقة,24,3,هنييا,هنيئا
5347,69,الحاقة,24,5,اسلفتم,أسلفتم
5347,69,الحاقة,24,7,الايام,الأيام
5347,69,الحاقة,24,8,الخاليه,الخالية
5348,69,الحاقة,25,1,واما,وأما
5348,69,الحاقة,25,3,اوتي,أوتي
5348,69,الحاقة,25,10,اوت,أوت
5349,69,الحاقة,26,2,ادر,أدر
5350,69,الحاقة,27,4,القاضيه,القاضية
5351,69,الحاقة,28,2,اغني,أغنى
5355,69,الحاقة,32,3,سلسله,سلسلة
5356,69,الحاقة,33,1,انه,إنه
5356,69,الحاقة,33,4,يومن,يؤمن
5357,69,الحاقة,34,3,علي,على
5359,69,الحاقة,36,3,الا,إلا
5360,69,الحاقة,37,2,ياكله,يأكله
5360,69,الحاقة,37,3,الا,إلا
5360,69,الحاقة,37,4,الخاطيون,الخاطئون
5361,69,الحاقة,38,2,اقسم,أقسم
5363,69,الحاقة,40,1,انه,إنه
5364,69,الحاقة,41,7,تومنون,تؤمنون
5367,69,الحاقة,44,5,الاقاويل,الأقاويل
5368,69,الحاقة,45,1,لاخذنا,لأخذنا
5370,69,الحاقة,47,4,احد,أحد
5371,69,الحاقة,48,1,وانه,وإنه
5371,69,الحاقة,48,2,لتذكره,لتذكرة
5372,69,الحاقة,49,1,وانا,وإنا
5372,69,الحاقة,49,3,ان,أن
5373,69,الحاقة,50,1,وانه,وإنه
5373,69,الحاقة,50,2,لحسره,لحسرة
5373,69,الحاقة,50,3,علي,على
5374,69,الحاقة,51,1,وانه,وإنه
5376,70,المعارج,1,5,سال,سأل
5376,70,المعارج,1,6,سايل,سائل
5379,70,المعارج,4,2,الملايكه,الملائكة
5379,70,المعارج,4,4,اليه,إليه
5379,70,المعارج,4,10,الف,ألف
5379,70,المعارج,4,11,سنه,سنة
5381,70,المعارج,6,1,انهم,إنهم
5385,70,المعارج,10,2,يسال,يسأل
5386,70,المعارج,11,8,يوميذ,يومئذ
5387,70,المعارج,12,2,واخيه,وأخيه
5388,70,المعارج,13,3,توويه,تؤويه
5389,70,المعارج,14,3,الارض,الأرض
5390,70,المعارج,15,2,انها,إنها
5390,70,المعارج,15,3,لظي,لظى
5391,70,المعارج,16,1,نزاعه,نزاعة
5391,70,المعارج,16,2,للشوي,للشوى
5392,70,المعارج,17,3,ادبر,أدبر
5392,70,المعارج,17,4,وتولي,وتولى
5393,70,المعارج,18,2,فاوعي,فأوعى
5394,70,المعارج,19,1,ان,إن
5394,70,المعارج,19,2,الانسان,الإنسان
5395,70,المعارج,20,1,اذا,إذا
5396,70,المعارج,21,1,واذا,وإذا
5397,70,المعارج,22,1,الا,إلا
5398,70,المعارج,23,3,علي,على
5398,70,المعارج,23,5,دايمون,دائمون
5399,70,المعارج,24,3,اموالهم,أموالهم
5400,70,المعارج,25,1,للسايل,للسائل
5403,70,المعارج,28,1,ان,إن
5403,70,المعارج,28,5,مامون,مأمون
5405,70,المعارج,30,1,الا,إلا
5405,70,المعارج,30,2,علي,على
5405,70,المعارج,30,3,ازواجهم,أزواجهم
5405,70,المعارج,30,4,او,أو
5405,70,المعارج,30,7,ايمانهم,أيمانهم
5405,70,المعارج,30,8,فانهم,فإنهم
5406,70,المعارج,31,2,ابتغي,ابتغى
5406,70,المعارج,31,5,فاوليك,فأولئك
5407,70,المعارج,32,3,لاماناتهم,لأماناتهم
5408,70,المعارج,33,4,قايمون,قائمون
5409,70,المعارج,34,3,علي,على
5410,70,المعارج,35,1,اوليك,أولئك
5413,70,المعارج,38,1,ايطمع,أيطمع
5413,70,المعارج,38,3,امري,امرئ
5413,70,المعارج,38,5,ان,أن
5413,70,المعارج,38,7,جنه,جنة
5414,70,المعارج,39,2,انا,إنا
5415,70,المعارج,40,2,اقسم,أقسم
5415,70,المعارج,40,6,انا,إنا
5416,70,المعارج,41,1,علي,على
5416,70,المعارج,41,2,ان,أن
5417,70,المعارج,42,4,حتي,حتى
5418,70,المعارج,43,4,الاجداث,الأجداث
5418,70,المعارج,43,6,كانهم,كأنهم
5418,70,المعارج,43,7,الي,إلى
5419,70,المعارج,44,1,خاشعه,خاشعة
5419,70,المعارج,44,2,ابصارهم,أبصارهم
5419,70,المعارج,44,4,ذله,ذلة
5420,71,نوح,1,5,انا,إنا
5420,71,نوح,1,6,ارسلنا,أرسلنا
5420,71,نوح,1,8,الي,إلى
5420,71,نوح,1,10,ان,أن
5420,71,نوح,1,11,انذر,أنذر
5420,71,نوح,1,15,ان,أن
5420,71,نوح,1,16,ياتيهم,يأتيهم
5420,71,نوح,1,18,اليم,أليم
5421,71,نوح,2,4,اني,إني
5422,71,نوح,3,1,ان,أن
5422,71,نوح,3,5,واطيعون,وأطيعون
5423,71,نوح,4,5,ويوخركم,ويؤخركم
5423,71,نوح,4,6,الي,إلى
5423,71,نوح,4,7,اجل,أجل
5423,71,نوح,4,8,مسمي,مسمى
5423,71,نوح,4,9,ان,إن
5423,71,نوح,4,10,اجل,أجل
5423,71,نوح,4,12,اذا,إذا
5423,71,نوح,4,15,يوخر,يؤخر
5424,71,نوح,5,3,اني,إني
5425,71,نوح,6,3,دعايي,دعائي
5425,71,نوح,6,4,الا,إلا
5426,71,نوح,7,1,واني,وإني
5426,71,نوح,7,7,اصابعهم,أصابعهم
5426,71,نوح,7,9,اذانهم,آذانهم
5426,71,نوح,7,12,واصروا,وأصروا
5427,71,نوح,8,2,اني,إني
5428,71,نوح,9,2,اني,إني
5428,71,نوح,9,3,اعلنت,أعلنت
5428,71,نوح,9,5,واسررت,وأسررت
5428,71,نوح,9,7,اسرارا,إسرارا
5429,71,نوح,10,4,انه,إنه
5431,71,نوح,12,2,باموال,بأموال
5431,71,نوح,12,9,انهارا,أنهارا
5433,71,نوح,14,3,اطوارا,أطوارا
5434,71,نوح,15,1,الم,ألم
5436,71,نوح,17,2,انبتكم,أنبتكم
5436,71,نوح,17,4,الارض,الأرض
5437,71,نوح,18,5,اخراجا,إخراجا
5438,71,نوح,19,4,الارض,الأرض
5440,71,نوح,21,4,انهم,إنهم
5440,71,نوح,21,12,الا,إلا
5442,71,نوح,23,4,الهتكم,آلهتكم
5443,71,نوح,24,2,اضلوا,أضلوا
5443,71,نوح,24,7,الا,إلا
5444,71,نوح,25,2,خطيياتهم,خطيئاتهم
5444,71,نوح,25,3,اغرقوا,أغرقوا
5444,71,نوح,25,4,فادخلوا,فأدخلوا
5444,71,نوح,25,12,انصارا,أنصارا
5445,71,نوح,26,6,علي,على
5445,71,نوح,26,7,الارض,الأرض
5446,71,نوح,27,1,انك,إنك
5446,71,نوح,27,2,ان,إن
5446,71,نوح,27,8,الا,إلا
5447,71,نوح,28,8,مومنا,مؤمنا
5447,71,نوح,28,9,وللمومنين,وللمؤمنين
5447,71,نوح,28,10,والمومنات,والمؤمنات
5447,71,نوح,28,14,الا,إلا
5448,72,الجن,1,6,اوحي,أوحي
5448,72,الجن,1,7,الي,إلي
5448,72,الجن,1,8,انه,أنه
5448,72,الجن,1,14,انا,إنا
5448,72,الجن,1,16,قرانا,قرآنا
5449,72,الجن,2,2,الي,إلى
5449,72,الجن,2,4,فامنا,فآمنا
5449,72,الجن,2,9,احدا,أحدا
5450,72,الجن,3,1,وانه,وأنه
5450,72,الجن,3,2,تعالي,تعالى
5450,72,الجن,3,7,صاحبه,صاحبة
5451,72,الجن,4,1,وانه,وأنه
5451,72,الجن,4,5,علي,على
5452,72,الجن,5,1,وانا,وأنا
5452,72,الجن,5,3,ان,أن
5452,72,الجن,5,6,الانس,الإنس
5452,72,الجن,5,8,علي,على
5453,72,الجن,6,1,وانه,وأنه
5453,72,الجن,6,5,الانس,الإنس
5454,72,الجن,7,1,وانهم,وأنهم
5454,72,الجن,7,5,ان,أن
5454,72,الجن,7,9,احدا,أحدا
5455,72,الجن,8,1,وانا,وأنا
5455,72,الجن,8,5,مليت,ملئت
5456,72,الجن,9,1,وانا,وأنا
5456,72,الجن,9,9,الان,الآن
5457,72,الجن,10,1,وانا,وأنا
5457,72,الجن,10,4,اشر,أشر
5457,72,الجن,10,5,اريد,أريد
5457,72,الجن,10,8,الارض,الأرض
5457,72,الجن,10,9,ام,أم
5457,72,الجن,10,10,اراد,أراد
5458,72,الجن,11,1,وانا,وأنا
5458,72,الجن,11,8,طرايق,طرائق
5459,72,الجن,12,1,وانا,وأنا
5459,72,الجن,12,3,ان,أن
5459,72,الجن,12,8,الارض,الأرض
5460,72,الجن,13,1,وانا,وأنا
5460,72,الجن,13,4,الهدي,الهدى
5460,72,الجن,13,5,امنا,آمنا
5460,72,الجن,13,8,يومن,يؤمن
5461,72,الجن,14,1,وانا,وأنا
5461,72,الجن,14,7,اسلم,أسلم
5461,72,الجن,14,8,فاوليك,فأولئك
5462,72,الجن,15,1,واما,وأما
5463,72,الجن,16,1,وان,وأن
5463,72,الجن,16,4,علي,على
5463,72,الجن,16,5,الطريقه,الطريقة
5463,72,الجن,16,6,لاسقيناهم,لأسقيناهم
5465,72,الجن,18,1,وان,وأن
5465,72,الجن,18,8,احدا,أحدا
5466,72,الجن,19,1,وانه,وأنه
5467,72,الجن,20,2,انما,إنما
5467,72,الجن,20,3,ادعو,أدعو
5467,72,الجن,20,6,اشرك,أشرك
5467,72,الجن,20,8,احدا,أحدا
5468,72,الجن,21,2,اني,إني
5468,72,الجن,21,4,املك,أملك
5469,72,الجن,22,2,اني,إني
5469,72,الجن,22,7,احد,أحد
5469,72,الجن,22,9,اجد,أجد
5470,72,الجن,23,1,الا,إلا
5470,72,الجن,23,10,فان,فإن
5470,72,الجن,23,16,ابدا,أبدا
5471,72,الجن,24,1,حتي,حتى
5471,72,الجن,24,2,اذا,إذا
5471,72,الجن,24,3,راوا,رأوا
5471,72,الجن,24,8,اضعف,أضعف
5471,72,الجن,24,10,واقل,وأقل
5472,72,الجن,25,2,ان,إن
5472,72,الجن,25,3,ادري,أدري
5472,72,الجن,25,4,اقريب,أقريب
5472,72,الجن,25,7,ام,أم
5472,72,الجن,25,11,امدا,أمدا
5473,72,الجن,26,5,علي,على
5473,72,الجن,26,7,احدا,أحدا
5474,72,الجن,27,1,الا,إلا
5474,72,الجن,27,3,ارتضي,ارتضى
5474,72,الجن,27,6,فانه,فإنه
5475,72,الجن,28,2,ان,أن
5475,72,الجن,28,4,ابلغوا,أبلغوا
5475,72,الجن,28,7,واحاط,وأحاط
5475,72,الجن,28,10,واحصي,وأحصى
5476,73,المزمل,1,6,ايها,أيها
5477,73,المزمل,2,3,الا,إلا
5478,73,المزمل,3,2,او,أو
5479,73,المزمل,4,1,او,أو
5479,73,المزمل,4,5,القران,القرآن
5480,73,المزمل,5,1,انا,إنا
5481,73,المزمل,6,1,ان,إن
5481,73,المزمل,6,2,ناشيه,ناشئة
5481,73,المزمل,6,5,اشد,أشد
5481,73,المزمل,6,6,وطيا,وطئا
5481,73,المزمل,6,7,واقوم,وأقوم
5482,73,المزمل,7,1,ان,إن
5483,73,المزمل,8,5,اليه,إليه
5484,73,المزمل,9,5,اله,إله
5484,73,المزمل,9,6,الا,إلا
5485,73,المزمل,10,2,علي,على
5486,73,المزمل,11,3,اولي,أولي
5486,73,المزمل,11,4,النعمه,النعمة
5487,73,المزمل,12,1,ان,إن
5487,73,المزمل,12,3,انكالا,أنكالا
5488,73,المزمل,13,3,غصه,غصة
5488,73,المزمل,13,5,اليما,أليما
5489,73,المزمل,14,3,الارض,الأرض
5490,73,المزمل,15,1,انا,إنا
5490,73,المزمل,15,2,ارسلنا,أرسلنا
5490,73,المزمل,15,3,اليكم,إليكم
5490,73,المزمل,15,8,ارسلنا,أرسلنا
5490,73,المزمل,15,9,الي,إلى
5491,73,المزمل,16,1,فعصي,فعصى
5491,73,المزمل,16,4,فاخذناه,فأخذناه
5491,73,المزمل,16,5,اخذا,أخذا
5492,73,المزمل,17,3,ان,إن
5494,73,المزمل,19,1,ان,إن
5494,73,المزمل,19,3,تذكره,تذكرة
5494,73,المزمل,19,7,الي,إلى
5495,73,المزمل,20,1,ان,إن
5495,73,المزمل,20,4,انك,أنك
5495,73,المزمل,20,6,ادني,أدنى
5495,73,المزمل,20,12,وطايفه,وطائفة
5495,73,المزمل,20,21,ان,أن
5495,73,المزمل,20,30,القران,القرآن
5495,73,المزمل,20,32,ان,أن
5495,73,المزمل,20,35,مرضي,مرضى
5495,73,المزمل,20,36,واخرون,وآخرون
5495,73,المزمل,20,39,الارض,الأرض
5495,73,المزمل,20,44,واخرون,وآخرون
5495,73,المزمل,20,53,واقيموا,وأقيموا
5495,73,المزمل,20,54,الصلاه,الصلاة
5495,73,المزمل,20,55,واتوا,وآتوا
5495,73,المزمل,20,56,الزكاه,الزكاة
5495,73,المزمل,20,57,واقرضوا,وأقرضوا
5495,73,المزمل,20,63,لانفسكم,لأنفسكم
5495,73,المزمل,20,71,واعظم,وأعظم
5495,73,المزمل,20,72,اجرا,أجرا
5495,73,المزمل,20,75,ان,إن
5496,74,المدثر,1,6,ايها,أيها
5497,74,المدثر,2,2,فانذر,فأنذر
5503,74,المدثر,8,1,فاذا,فإذا
5504,74,المدثر,9,2,يوميذ,يومئذ
5505,74,المدثر,10,1,علي,على
5510,74,المدثر,15,3,ان,أن
5510,74,المدثر,15,4,ازيد,أزيد
5511,74,المدثر,16,2,انه,إنه
5511,74,المدثر,16,4,لاياتنا,لآياتنا
5512,74,المدثر,17,1,سارهقه,سأرهقه
5513,74,المدثر,18,1,انه,إنه
5518,74,المدثر,23,2,ادبر,أدبر
5519,74,المدثر,24,2,ان,إن
5519,74,المدثر,24,4,الا,إلا
5519,74,المدثر,24,6,يوثر,يؤثر
5520,74,المدثر,25,1,ان,إن
5520,74,المدثر,25,3,الا,إلا
5521,74,المدثر,26,1,ساصليه,سأصليه
5522,74,المدثر,27,2,ادراك,أدراك
5524,74,المدثر,29,1,لواحه,لواحة
5525,74,المدثر,30,2,تسعه,تسعة
5526,74,المدثر,31,3,اصحاب,أصحاب
5526,74,المدثر,31,5,الا,إلا
5526,74,المدثر,31,6,ملايكه,ملائكة
5526,74,المدثر,31,10,الا,إلا
5526,74,المدثر,31,11,فتنه,فتنة
5526,74,المدثر,31,16,اوتوا,أوتوا
5526,74,المدثر,31,20,امنوا,آمنوا
5526,74,المدثر,31,21,ايمانا,إيمانا
5526,74,المدثر,31,25,اوتوا,أوتوا
5526,74,المدثر,31,27,والمومنون,والمؤمنون
5526,74,المدثر,31,35,اراد,أراد
5526,74,المدثر,31,51,الا,إلا
5526,74,المدثر,31,55,الا,إلا
5526,74,المدثر,31,56,ذكري,ذكرى
5528,74,المدثر,33,2,اذ,إذ
5528,74,المدثر,33,3,ادبر,أدبر
5529,74,المدثر,34,2,اذا,إذا
5529,74,المدثر,34,3,اسفر,أسفر
5530,74,المدثر,35,1,انها,إنها
5530,74,المدثر,35,2,لاحدي,لإحدى
5532,74,المدثر,37,4,ان,أن
5532,74,المدثر,37,6,او,أو
5532,74,المدثر,37,7,يتاخر,يتأخر
5533,74,المدثر,38,5,رهينه,رهينة
5534,74,المدثر,39,1,الا,إلا
5534,74,المدثر,39,2,اصحاب,أصحاب
5540,74,المدثر,45,4,الخايضين,الخائضين
5542,74,المدثر,47,1,حتي,حتى
5542,74,المدثر,47,2,اتانا,أتانا
5543,74,المدثر,48,3,شفاعه,شفاعة
5544,74,المدثر,49,4,التذكره,التذكرة
5545,74,المدثر,50,1,كانهم,كأنهم
5545,74,المدثر,50,3,مستنفره,مستنفرة
5546,74,المدثر,51,3,قسوره,قسورة
5547,74,المدثر,52,4,امري,امرئ
5547,74,المدثر,52,6,ان,أن
5547,74,المدثر,52,7,يوتي,يؤتى
5547,74,المدثر,52,9,منشره,منشرة
5548,74,المدثر,53,5,الاخره,الآخرة
5549,74,المدثر,54,2,انه,إنه
5549,74,المدثر,54,3,تذكره,تذكرة
5551,74,المدثر,56,3,الا,إلا
5551,74,المدثر,56,4,ان,أن
5551,74,المدثر,56,8,اهل,أهل
5551,74,المدثر,56,9,التقوي,التقوى
5551,74,المدثر,56,10,واهل,وأهل
5551,74,المدثر,56,11,المغفره,المغفرة
5552,75,القيامة,1,6,اقسم,أقسم
5552,75,القيامة,1,8,القيامه,القيامة
5553,75,القيامة,2,2,اقسم,أقسم
5553,75,القيامة,2,4,اللوامه,اللوامة
5554,75,القيامة,3,1,ايحسب,أيحسب
5554,75,القيامة,3,2,الانسان,الإنسان
5554,75,القيامة,3,3,الن,ألن
5555,75,القيامة,4,1,بلي,بلى
5555,75,القيامة,4,3,علي,على
5555,75,القيامة,4,4,ان,أن
5556,75,القيامة,5,3,الانسان,الإنسان
5556,75,القيامة,5,5,امامه,أمامه
5557,75,القيامة,6,1,يسال,يسأل
5557,75,القيامة,6,2,ايان,أيان
5557,75,القيامة,6,4,القيامه,القيامة
5558,75,القيامة,7,1,فاذا,فإذا
5561,75,القيامة,10,2,الانسان,الإنسان
5561,75,القيامة,10,3,يوميذ,يومئذ
5561,75,القيامة,10,4,اين,أين
5563,75,القيامة,12,1,الي,إلى
5563,75,القيامة,12,3,يوميذ,يومئذ
5564,75,القيامة,13,1,ينبا,ينبأ
5564,75,القيامة,13,2,الانسان,الإنسان
5564,75,القيامة,13,3,يوميذ,يومئذ
5564,75,القيامة,13,6,واخر,وأخر
5565,75,القيامة,14,2,الانسان,الإنسان
5565,75,القيامة,14,3,علي,على
5565,75,القيامة,14,5,بصيره,بصيرة
5566,75,القيامة,15,2,القي,ألقى
5568,75,القيامة,17,1,ان,إن
5568,75,القيامة,17,4,وقرانه,وقرآنه
5569,75,القيامة,18,1,فاذا,فإذا
5569,75,القيامة,18,2,قراناه,قرأناه
5569,75,القيامة,18,4,قرانه,قرآنه
5570,75,القيامة,19,2,ان,إن
5571,75,القيامة,20,4,العاجله,العاجلة
5572,75,القيامة,21,2,الاخره,الآخرة
5573,75,القيامة,22,2,يوميذ,يومئذ
5573,75,القيامة,22,3,ناضره,ناضرة
5574,75,القيامة,23,1,الي,إلى
5574,75,القيامة,23,3,ناظره,ناظرة
5575,75,القيامة,24,2,يوميذ,يومئذ
5575,75,القيامة,24,3,باسره,باسرة
5576,75,القيامة,25,2,ان,أن
5576,75,القيامة,25,5,فاقره,فاقرة
5577,75,القيامة,26,2,اذا,إذا
5579,75,القيامة,28,2,انه,أنه
5581,75,القيامة,30,1,الي,إلى
5581,75,القيامة,30,3,يوميذ,يومئذ
5582,75,القيامة,31,4,صلي,صلى
5583,75,القيامة,32,3,وتولي,وتولى
5584,75,القيامة,33,3,الي,إلى
5584,75,القيامة,33,4,اهله,أهله
5584,75,القيامة,33,5,يتمطي,يتمطى
5585,75,القيامة,34,1,اولي,أولى
5585,75,القيامة,34,3,فاولي,فأولى
5586,75,القيامة,35,2,اولي,أولى
5586,75,القيامة,35,4,فاولي,فأولى
5587,75,القيامة,36,1,ايحسب,أيحسب
5587,75,القيامة,36,2,الانسان,الإنسان
5587,75,القيامة,36,3,ان,أن
5587,75,القيامة,36,5,سدي,سدى
5588,75,القيامة,37,1,الم,ألم
5588,75,القيامة,37,3,نطفه,نطفة
5588,75,القيامة,37,6,يمني,يمنى
5589,75,القيامة,38,3,علقه,علقة
5589,75,القيامة,38,5,فسوي,فسوى
5590,75,القيامة,39,5,والانثي,والأنثى
5591,75,القيامة,40,1,اليس,أليس
5591,75,القيامة,40,4,علي,على
5591,75,القيامة,40,5,ان,أن
5591,75,القيامة,40,7,الموتي,الموتى
5592,76,الانسان,1,6,اتي,أتى
5592,76,الانسان,1,7,علي,على
5592,76,الانسان,1,8,الانسان,الإنسان
5592,76,الانسان,1,14,شييا,شيئا
5593,76,الانسان,2,1,انا,إنا
5593,76,الانسان,2,3,الانسان,الإنسان
5593,76,الانسان,2,5,نطفه,نطفة
5593,76,الانسان,2,6,امشاج,أمشاج
5594,76,الانسان,3,1,انا,إنا
5594,76,الانسان,3,4,اما,إما
5594,76,الانسان,3,6,واما,وإما
5595,76,الانسان,4,1,انا,إنا
5595,76,الانسان,4,2,اعتدنا,أعتدنا
5595,76,الانسان,4,5,واغلالا,وأغلالا
5596,76,الانسان,5,1,ان,إن
5596,76,الانسان,5,2,الابرار,الأبرار
5596,76,الانسان,5,5,كاس,كأس
5599,76,الانسان,8,3,علي,على
5599,76,الانسان,8,7,واسيرا,وأسيرا
5600,76,الانسان,9,1,انما,إنما
5601,76,الانسان,10,1,انا,إنا
5602,76,الانسان,11,7,نضره,نضرة
5603,76,الانسان,12,4,جنه,جنة
5604,76,الانسان,13,1,متكيين,متكئين
5604,76,الانسان,13,3,علي,على
5604,76,الانسان,13,4,الارايك,الأرائك
5605,76,الانسان,14,1,ودانيه,ودانية
5606,76,الانسان,15,3,بانيه,بآنية
5606,76,الانسان,15,5,فضه,فضة
5606,76,الانسان,15,6,واكواب,وأكواب
5607,76,الانسان,16,3,فضه,فضة
5608,76,الانسان,17,3,كاسا,كأسا
5609,76,الانسان,18,3,تسمي,تسمى
5610,76,الانسان,19,5,اذا,إذا
5610,76,الانسان,19,6,رايتهم,رأيتهم
5610,76,الانسان,19,8,لولوا,لؤلؤا
5611,76,الانسان,20,1,واذا,وإذا
5611,76,الانسان,20,2,رايت,رأيت
5611,76,الانسان,20,4,رايت,رأيت
5612,76,الانسان,21,5,واستبرق,وإستبرق
5612,76,الانسان,21,7,اساور,أساور
5612,76,الانسان,21,9,فضه,فضة
5613,76,الانسان,22,1,ان,إن
5614,76,الانسان,23,1,انا,إنا
5614,76,الانسان,23,5,القران,القرآن
5615,76,الانسان,24,7,اثما,آثما
5615,76,الانسان,24,8,او,أو
5616,76,الانسان,25,4,بكره,بكرة
5616,76,الانسان,25,5,واصيلا,وأصيلا
5618,76,الانسان,27,1,ان,إن
5618,76,الانسان,27,2,هولاء,هؤلاء
5618,76,الانسان,27,4,العاجله,العاجلة
5619,76,الانسان,28,4,اسرهم,أسرهم
5619,76,الانسان,28,5,واذا,وإذا
5619,76,الانسان,28,6,شينا,شئنا
5619,76,الانسان,28,8,امثالهم,أمثالهم
5620,76,الانسان,29,1,ان,إن
5620,76,الانسان,29,3,تذكره,تذكرة
5620,76,الانسان,29,7,الي,إلى
5621,76,الانسان,30,3,الا,إلا
5621,76,الانسان,30,4,ان,أن
5621,76,الانسان,30,7,ان,إن
5622,76,الانسان,31,7,اعد,أعد
5622,76,الانسان,31,10,اليما,أليما
5628,77,المرسلات,6,2,او,أو
5629,77,المرسلات,7,1,انما,إنما
5630,77,المرسلات,8,1,فاذا,فإذا
5631,77,المرسلات,9,1,واذا,وإذا
5632,77,المرسلات,10,1,واذا,وإذا
5633,77,المرسلات,11,1,واذا,وإذا
5633,77,المرسلات,11,3,اقتت,أقتت
5634,77,المرسلات,12,1,لاي,لأي
5634,77,المرسلات,12,3,اجلت,أجلت
5636,77,المرسلات,14,2,ادراك,أدراك
5637,77,المرسلات,15,2,يوميذ,يومئذ
5638,77,المرسلات,16,1,الم,ألم
5638,77,المرسلات,16,3,الاولين,الأولين
5639,77,المرسلات,17,3,الاخرين,الآخرين
5641,77,المرسلات,19,2,يوميذ,يومئذ
5642,77,المرسلات,20,1,الم,ألم
5644,77,المرسلات,22,1,الي,إلى
5646,77,المرسلات,24,2,يوميذ,يومئذ
5647,77,المرسلات,25,1,الم,ألم
5647,77,المرسلات,25,3,الارض,الأرض
5648,77,المرسلات,26,1,احياء,أحياء
5648,77,المرسلات,26,2,وامواتا,وأمواتا
5649,77,المرسلات,27,5,واسقيناكم,وأسقيناكم
5650,77,المرسلات,28,2,يوميذ,يومئذ
5651,77,المرسلات,29,2,الي,إلى
5652,77,المرسلات,30,2,الي,إلى
5654,77,المرسلات,32,1,انها,إنها
5655,77,المرسلات,33,1,كانه,كأنه
5656,77,المرسلات,34,2,يوميذ,يومئذ
5658,77,المرسلات,36,2,يوذن,يؤذن
5659,77,المرسلات,37,2,يوميذ,يومئذ
5660,77,المرسلات,38,5,والاولين,والأولين
5661,77,المرسلات,39,1,فان,فإن
5662,77,المرسلات,40,2,يوميذ,يومئذ
5663,77,المرسلات,41,1,ان,إن
5665,77,المرسلات,43,3,هنييا,هنيئا
5666,77,المرسلات,44,1,انا,إنا
5667,77,المرسلات,45,2,يوميذ,يومئذ
5668,77,المرسلات,46,4,انكم,إنكم
5669,77,المرسلات,47,2,يوميذ,يومئذ
5670,77,المرسلات,48,1,واذا,وإذا
5671,77,المرسلات,49,2,يوميذ,يومئذ
5672,77,المرسلات,50,1,فباي,فبأي
5672,77,المرسلات,50,4,يومنون,يؤمنون
5674,78,النبإ,2,2,النبا,النبإ
5678,78,النبإ,6,1,الم,ألم
5678,78,النبإ,6,3,الارض,الأرض
5679,78,النبإ,7,2,اوتادا,أوتادا
5680,78,النبإ,8,2,ازواجا,أزواجا
5686,78,النبإ,14,1,وانزلنا,وأنزلنا
5688,78,النبإ,16,2,الفافا,ألفافا
5689,78,النبإ,17,1,ان,إن
5690,78,النبإ,18,5,فتاتون,فتأتون
5690,78,النبإ,18,6,افواجا,أفواجا
5691,78,النبإ,19,4,ابوابا,أبوابا
5693,78,النبإ,21,1,ان,إن
5694,78,النبإ,22,2,مابا,مآبا
5695,78,النبإ,23,3,احقابا,أحقابا
5697,78,النبإ,25,1,الا,إلا
5699,78,النبإ,27,1,انهم,إنهم
5700,78,النبإ,28,2,باياتنا,بآياتنا
5701,78,النبإ,29,3,احصيناه,أحصيناه
5702,78,النبإ,30,4,الا,إلا
5703,78,النبإ,31,1,ان,إن
5704,78,النبإ,32,1,حدايق,حدائق
5704,78,النبإ,32,2,واعنابا,وأعنابا
5705,78,النبإ,33,2,اترابا,أترابا
5706,78,النبإ,34,1,وكاسا,وكأسا
5709,78,النبإ,37,3,والارض,والأرض
5710,78,النبإ,38,4,والملايكه,والملائكة
5710,78,النبإ,38,8,الا,إلا
5710,78,النبإ,38,10,اذن,أذن
5711,78,النبإ,39,7,الي,إلى
5711,78,النبإ,39,9,مابا,مآبا
5712,78,النبإ,40,1,انا,إنا
5712,78,النبإ,40,2,انذرناكم,أنذرناكم
5717,79,النازعات,5,2,امرا,أمرا
5718,79,النازعات,6,3,الراجفه,الراجفة
5719,79,النازعات,7,2,الرادفه,الرادفة
5720,79,النازعات,8,2,يوميذ,يومئذ
5720,79,النازعات,8,3,واجفه,واجفة
5721,79,النازعات,9,1,ابصارها,أبصارها
5721,79,النازعات,9,2,خاشعه,خاشعة
5722,79,النازعات,10,2,اانا,أإنا
5722,79,النازعات,10,5,الحافره,الحافرة
5723,79,النازعات,11,1,ااذا,أإذا
5723,79,النازعات,11,4,نخره,نخرة
5724,79,النازعات,12,3,اذا,إذا
5724,79,النازعات,12,4,كره,كرة
5724,79,النازعات,12,5,خاسره,خاسرة
5725,79,النازعات,13,1,فانما,فإنما
5725,79,النازعات,13,3,زجره,زجرة
5725,79,النازعات,13,4,واحده,واحدة
5726,79,النازعات,14,1,فاذا,فإذا
5726,79,النازعات,14,3,بالساهره,بالساهرة
5727,79,النازعات,15,2,اتاك,أتاك
5727,79,النازعات,15,4,موسي,موسى
5728,79,النازعات,16,1,اذ,إذ
5728,79,النازعات,16,6,طوي,طوى
5729,79,النازعات,17,2,الي,إلى
5729,79,النازعات,17,4,انه,إنه
5729,79,النازعات,17,5,طغي,طغى
5730,79,النازعات,18,4,الي,إلى
5730,79,النازعات,18,5,ان,أن
5730,79,النازعات,18,6,تزكي,تزكى
5731,79,النازعات,19,1,واهديك,وأهديك
5731,79,النازعات,19,2,الي,إلى
5731,79,النازعات,19,4,فتخشي,فتخشى
5732,79,النازعات,20,1,فاراه,فأراه
5732,79,النازعات,20,2,الايه,الآية
5732,79,النازعات,20,3,الكبري,الكبرى
5733,79,النازعات,21,2,وعصي,وعصى
5734,79,النازعات,22,2,ادبر,أدبر
5734,79,النازعات,22,3,يسعي,يسعى
5735,79,النازعات,23,2,فنادي,فنادى
5736,79,النازعات,24,2,انا,أنا
5736,79,النازعات,24,4,الاعلي,الأعلى
5737,79,النازعات,25,1,فاخذه,فأخذه
5737,79,النازعات,25,4,الاخره,الآخرة
5737,79,النازعات,25,5,والاولي,والأولى
5738,79,النازعات,26,1,ان,إن
5738,79,النازعات,26,4,لعبره,لعبرة
5738,79,النازعات,26,6,يخشي,يخشى
5739,79,النازعات,27,1,اانتم,أأنتم
5739,79,النازعات,27,2,اشد,أشد
5739,79,النازعات,27,4,ام,أم
5741,79,النازعات,29,1,واغطش,وأغطش
5741,79,النازعات,29,3,واخرج,وأخرج
5742,79,النازعات,30,1,والارض,والأرض
5743,79,النازعات,31,1,اخرج,أخرج
5744,79,النازعات,32,2,ارساها,أرساها
5745,79,النازعات,33,3,ولانعامكم,ولأنعامكم
5746,79,النازعات,34,1,فاذا,فإذا
5746,79,النازعات,34,3,الطامه,الطامة
5746,79,النازعات,34,4,الكبري,الكبرى
5747,79,النازعات,35,3,الانسان,الإنسان
5747,79,النازعات,35,5,سعي,سعى
5748,79,النازعات,36,4,يري,يرى
5749,79,النازعات,37,1,فاما,فأما
5749,79,النازعات,37,3,طغي,طغى
5750,79,النازعات,38,1,واثر,وآثر
5750,79,النازعات,38,2,الحياه,الحياة
5751,79,النازعات,39,1,فان,فإن
5751,79,النازعات,39,4,الماوي,المأوى
5752,79,النازعات,40,1,واما,وأما
5752,79,النازعات,40,6,ونهي,ونهى
5752,79,النازعات,40,9,الهوي,الهوى
5753,79,النازعات,41,1,فان,فإن
5753,79,النازعات,41,2,الجنه,الجنة
5753,79,النازعات,41,4,الماوي,المأوى
5754,79,النازعات,42,1,يسالونك,يسألونك
5754,79,النازعات,42,3,الساعه,الساعة
5754,79,النازعات,42,4,ايان,أيان
5755,79,النازعات,43,2,انت,أنت
5756,79,النازعات,44,1,الي,إلى
5757,79,النازعات,45,1,انما,إنما
5757,79,النازعات,45,2,انت,أنت
5758,79,النازعات,46,1,كانهم,كأنهم
5758,79,النازعات,46,6,الا,إلا
5758,79,النازعات,46,7,عشيه,عشية
5758,79,النازعات,46,8,او,أو
5759,80,عبس,1,6,وتولي,وتولى
5760,80,عبس,2,1,ان,أن
5760,80,عبس,2,3,الاعمي,الأعمى
5761,80,عبس,3,4,يزكي,يزكى
5762,80,عبس,4,1,او,أو
5762,80,عبس,4,4,الذكري,الذكرى
5763,80,عبس,5,1,اما,أما
5763,80,عبس,5,3,استغني,استغنى
5764,80,عبس,6,1,فانت,فأنت
5764,80,عبس,6,3,تصدي,تصدى
5765,80,عبس,7,3,الا,ألا
5765,80,عبس,7,4,يزكي,يزكى
5766,80,عبس,8,1,واما,وأما
5766,80,عبس,8,4,يسعي,يسعى
5767,80,عبس,9,2,يخشي,يخشى
5768,80,عبس,10,1,فانت,فأنت
5768,80,عبس,10,3,تلهي,تلهى
5769,80,عبس,11,2,انها,إنها
5769,80,عبس,11,3,تذكره,تذكرة
5771,80,عبس,13,3,مكرمه,مكرمة
5772,80,عبس,14,1,مرفوعه,مرفوعة
5772,80,عبس,14,2,مطهره,مطهرة
5773,80,عبس,15,1,بايدي,بأيدي
5773,80,عبس,15,2,سفره,سفرة
5774,80,عبس,16,2,برره,بررة
5775,80,عبس,17,2,الانسان,الإنسان
5775,80,عبس,17,4,اكفره,أكفره
5776,80,عبس,18,2,اي,أي
5777,80,عبس,19,2,نطفه,نطفة
5779,80,عبس,21,2,اماته,أماته
5779,80,عبس,21,3,فاقبره,فأقبره
5780,80,عبس,22,2,اذا,إذا
5780,80,عبس,22,4,انشره,أنشره
5781,80,عبس,23,5,امره,أمره
5782,80,عبس,24,2,الانسان,الإنسان
5782,80,عبس,24,3,الي,إلى
5783,80,عبس,25,1,انا,أنا
5784,80,عبس,26,3,الارض,الأرض
5785,80,عبس,27,1,فانبتنا,فأنبتنا
5788,80,عبس,30,1,وحدايق,وحدائق
5789,80,عبس,31,1,وفاكهه,وفاكهة
5789,80,عبس,31,2,وابا,وأبا
5790,80,عبس,32,3,ولانعامكم,ولأنعامكم
5791,80,عبس,33,1,فاذا,فإذا
5791,80,عبس,33,3,الصاخه,الصاخة
5792,80,عبس,34,5,اخيه,أخيه
5793,80,عبس,35,1,وامه,وأمه
5793,80,عبس,35,2,وابيه,وأبيه
5795,80,عبس,37,2,امري,امرئ
5795,80,عبس,37,4,يوميذ,يومئذ
5795,80,عبس,37,5,شان,شأن
5796,80,عبس,38,2,يوميذ,يومئذ
5796,80,عبس,38,3,مسفره,مسفرة
5797,80,عبس,39,1,ضاحكه,ضاحكة
5797,80,عبس,39,2,مستبشره,مستبشرة
5798,80,عبس,40,2,يوميذ,يومئذ
5798,80,عبس,40,4,غبره,غبرة
5799,80,عبس,41,2,قتره,قترة
5800,80,عبس,42,1,اوليك,أولئك
5800,80,عبس,42,3,الكفره,الكفرة
5800,80,عبس,42,4,الفجره,الفجرة
5801,81,التكوير,1,5,اذا,إذا
5802,81,التكوير,2,1,واذا,وإذا
5803,81,التكوير,3,1,واذا,وإذا
5804,81,التكوير,4,1,واذا,وإذا
5805,81,التكوير,5,1,واذا,وإذا
5806,81,التكوير,6,1,واذا,وإذا
5807,81,التكوير,7,1,واذا,وإذا
5808,81,التكوير,8,1,واذا,وإذا
5808,81,التكوير,8,2,الموءوده,الموءودة
5808,81,التكوير,8,3,سيلت,سئلت
5809,81,التكوير,9,1,باي,بأي
5810,81,التكوير,10,1,واذا,وإذا
5811,81,التكوير,11,1,واذا,وإذا
5812,81,التكوير,12,1,واذا,وإذا
5813,81,التكوير,13,1,واذا,وإذا
5813,81,التكوير,13,2,الجنه,الجنة
5813,81,التكوير,13,3,ازلفت,أزلفت
5814,81,التكوير,14,4,احضرت,أحضرت
5815,81,التكوير,15,2,اقسم,أقسم
5817,81,التكوير,17,2,اذا,إذا
5818,81,التكوير,18,2,اذا,إذا
5819,81,التكوير,19,1,انه,إنه
5820,81,التكوير,20,2,قوه,قوة
5821,81,التكوير,21,3,امين,أمين
5823,81,التكوير,23,2,راه,رآه
5823,81,التكوير,23,3,بالافق,بالأفق
5824,81,التكوير,24,3,علي,على
5826,81,التكوير,26,1,فاين,فأين
5827,81,التكوير,27,1,ان,إن
5827,81,التكوير,27,3,الا,إلا
5828,81,التكوير,28,4,ان,أن
5829,81,التكوير,29,3,الا,إلا
5829,81,التكوير,29,4,ان,أن
5830,82,الإنفطار,1,5,اذا,إذا
5831,82,الإنفطار,2,1,واذا,وإذا
5832,82,الإنفطار,3,1,واذا,وإذا
5833,82,الإنفطار,4,1,واذا,وإذا
5834,82,الإنفطار,5,5,واخرت,وأخرت
5835,82,الإنفطار,6,2,ايها,أيها
5835,82,الإنفطار,6,3,الانسان,الإنسان
5837,82,الإنفطار,8,2,اي,أي
5837,82,الإنفطار,8,3,صوره,صورة
5839,82,الإنفطار,10,1,وان,وإن
5842,82,الإنفطار,13,1,ان,إن
5842,82,الإنفطار,13,2,الابرار,الأبرار
5843,82,الإنفطار,14,1,وان,وإن
5845,82,الإنفطار,16,4,بغايبين,بغائبين
5846,82,الإنفطار,17,2,ادراك,أدراك
5847,82,الإنفطار,18,3,ادراك,أدراك
5848,82,الإنفطار,19,6,شييا,شيئا
5848,82,الإنفطار,19,7,والامر,والأمر
5848,82,الإنفطار,19,8,يوميذ,يومئذ
5850,83,المطففين,2,2,اذا,إذا
5850,83,المطففين,2,4,علي,على
5851,83,المطففين,3,1,واذا,وإذا
5851,83,المطففين,3,3,او,أو
5852,83,المطففين,4,1,الا,ألا
5852,83,المطففين,4,3,اوليك,أولئك
5852,83,المطففين,4,4,انهم,أنهم
5855,83,المطففين,7,2,ان,إن
5856,83,المطففين,8,2,ادراك,أدراك
5858,83,المطففين,10,2,يوميذ,يومئذ
5860,83,المطففين,12,4,الا,إلا
5860,83,المطففين,12,7,اثيم,أثيم
5861,83,المطففين,13,1,اذا,إذا
5861,83,المطففين,13,2,تتلي,تتلى
5861,83,المطففين,13,4,اياتنا,آياتنا
5861,83,المطففين,13,6,اساطير,أساطير
5861,83,المطففين,13,7,الاولين,الأولين
5862,83,المطففين,14,4,علي,على
5863,83,المطففين,15,2,انهم,إنهم
5863,83,المطففين,15,5,يوميذ,يومئذ
5864,83,المطففين,16,2,انهم,إنهم
5866,83,المطففين,18,2,ان,إن
5866,83,المطففين,18,4,الابرار,الأبرار
5867,83,المطففين,19,2,ادراك,أدراك
5870,83,المطففين,22,1,ان,إن
5870,83,المطففين,22,2,الابرار,الأبرار
5871,83,المطففين,23,1,علي,على
5871,83,المطففين,23,2,الارايك,الأرائك
5872,83,المطففين,24,4,نضره,نضرة
5877,83,المطففين,29,1,ان,إن
5877,83,المطففين,29,3,اجرموا,أجرموا
5877,83,المطففين,29,7,امنوا,آمنوا
5878,83,المطففين,30,1,واذا,وإذا
5879,83,المطففين,31,1,واذا,وإذا
5879,83,المطففين,31,3,الي,إلى
5879,83,المطففين,31,4,اهلهم,أهلهم
5880,83,المطففين,32,1,واذا,وإذا
5880,83,المطففين,32,2,راوهم,رأوهم
5880,83,المطففين,32,4,ان,إن
5880,83,المطففين,32,5,هولاء,هؤلاء
5881,83,المطففين,33,2,ارسلوا,أرسلوا
5882,83,المطففين,34,3,امنوا,آمنوا
5883,83,المطففين,35,1,علي,على
5883,83,المطففين,35,2,الارايك,الأرائك
5885,84,الإنشقاق,1,5,اذا,إذا
5886,84,الإنشقاق,2,1,واذنت,وأذنت
5887,84,الإنشقاق,3,1,واذا,وإذا
5887,84,الإنشقاق,3,2,الارض,الأرض
5888,84,الإنشقاق,4,1,والقت,وألقت
5889,84,الإنشقاق,5,1,واذنت,وأذنت
5890,84,الإنشقاق,6,2,ايها,أيها
5890,84,الإنشقاق,6,3,الانسان,الإنسان
5890,84,الإنشقاق,6,4,انك,إنك
5890,84,الإنشقاق,6,6,الي,إلى
5891,84,الإنشقاق,7,1,فاما,فأما
5891,84,الإنشقاق,7,3,اوتي,أوتي
5893,84,الإنشقاق,9,2,الي,إلى
5893,84,الإنشقاق,9,3,اهله,أهله
5894,84,الإنشقاق,10,1,واما,وأما
5894,84,الإنشقاق,10,3,اوتي,أوتي
5896,84,الإنشقاق,12,1,ويصلي,ويصلى
5897,84,الإنشقاق,13,1,انه,إنه
5897,84,الإنشقاق,13,4,اهله,أهله
5898,84,الإنشقاق,14,1,انه,إنه
5898,84,الإنشقاق,14,3,ان,أن
5899,84,الإنشقاق,15,1,بلي,بلى
5899,84,الإنشقاق,15,2,ان,إن
5900,84,الإنشقاق,16,2,اقسم,أقسم
5902,84,الإنشقاق,18,2,اذا,إذا
5904,84,الإنشقاق,20,4,يومنون,يؤمنون
5905,84,الإنشقاق,21,1,واذا,وإذا
5905,84,الإنشقاق,21,2,قري,قرئ
5905,84,الإنشقاق,21,4,القران,القرآن
5907,84,الإنشقاق,23,2,اعلم,أعلم
5908,84,الإنشقاق,24,3,اليم,أليم
5909,84,الإنشقاق,25,1,الا,إلا
5909,84,الإنشقاق,25,3,امنوا,آمنوا
5909,84,الإنشقاق,25,7,اجر,أجر
5913,85,البروج,4,2,اصحاب,أصحاب
5913,85,البروج,4,3,الاخدود,الأخدود
5915,85,البروج,6,1,اذ,إذ
5916,85,البروج,7,2,علي,على
5916,85,البروج,7,5,بالمومنين,بالمؤمنين
5917,85,البروج,8,4,الا,إلا
5917,85,البروج,8,5,ان,أن
5917,85,البروج,8,6,يومنوا,يؤمنوا
5918,85,البروج,9,5,والارض,والأرض
5918,85,البروج,9,7,علي,على
5919,85,البروج,10,1,ان,إن
5919,85,البروج,10,4,المومنين,المؤمنين
5919,85,البروج,10,5,والمومنات,والمؤمنات
5920,85,البروج,11,1,ان,إن
5920,85,البروج,11,3,امنوا,آمنوا
5920,85,البروج,11,11,الانهار,الأنهار
5921,85,البروج,12,1,ان,إن
5922,85,البروج,13,1,انه,إنه
5922,85,البروج,13,3,يبدي,يبدئ
5926,85,البروج,17,2,اتاك,أتاك
5929,85,البروج,20,3,ورايهم,ورائهم
5930,85,البروج,21,3,قران,قرآن
5933,86,الطارق,2,2,ادراك,أدراك
5935,86,الطارق,4,1,ان,إن
5936,86,الطارق,5,2,الانسان,الإنسان
5938,86,الطارق,7,5,والترايب,والترائب
5939,86,الطارق,8,1,انه,إنه
5939,86,الطارق,8,2,علي,على
5940,86,الطارق,9,2,تبلي,تبلى
5940,86,الطارق,9,3,السراير,السرائر
5941,86,الطارق,10,4,قوه,قوة
5943,86,الطارق,12,1,والارض,والأرض
5944,86,الطارق,13,1,انه,إنه
5946,86,الطارق,15,1,انهم,إنهم
5947,86,الطارق,16,1,واكيد,وأكيد
5948,86,الطارق,17,3,امهلهم,أمهلهم
5949,87,الأعلى,1,8,الاعلي,الأعلى
5950,87,الأعلى,2,3,فسوي,فسوى
5951,87,الأعلى,3,3,فهدي,فهدى
5952,87,الأعلى,4,2,اخرج,أخرج
5952,87,الأعلى,4,3,المرعي,المرعى
5953,87,الأعلى,5,3,احوي,أحوى
5954,87,الأعلى,6,1,سنقريك,سنقرئك
5954,87,الأعلى,6,3,تنسي,تنسى
5955,87,الأعلى,7,1,الا,إلا
5955,87,الأعلى,7,5,انه,إنه
5955,87,الأعلى,7,9,يخفي,يخفى
5956,87,الأعلى,8,2,لليسري,لليسرى
5957,87,الأعلى,9,2,ان,إن
5957,87,الأعلى,9,4,الذكري,الذكرى
5958,87,الأعلى,10,3,يخشي,يخشى
5959,87,الأعلى,11,2,الاشقي,الأشقى
5960,87,الأعلى,12,2,يصلي,يصلى
5960,87,الأعلى,12,4,الكبري,الكبرى
5961,87,الأعلى,13,6,يحيي,يحيى
5962,87,الأعلى,14,2,افلح,أفلح
5962,87,الأعلى,14,4,تزكي,تزكى
5963,87,الأعلى,15,4,فصلي,فصلى
5964,87,الأعلى,16,2,توثرون,تؤثرون
5964,87,الأعلى,16,3,الحياه,الحياة
5965,87,الأعلى,17,1,والاخره,والآخرة
5965,87,الأعلى,17,3,وابقي,وأبقى
5966,87,الأعلى,18,1,ان,إن
5966,87,الأعلى,18,5,الاولي,الأولى
5967,87,الأعلى,19,2,ابراهيم,إبراهيم
5967,87,الأعلى,19,3,وموسي,وموسى
5968,88,الغاشية,1,6,اتاك,أتاك
5968,88,الغاشية,1,8,الغاشيه,الغاشية
5969,88,الغاشية,2,2,يوميذ,يومئذ
5969,88,الغاشية,2,3,خاشعه,خاشعة
5970,88,الغاشية,3,1,عامله,عاملة
5970,88,الغاشية,3,2,ناصبه,ناصبة
5971,88,الغاشية,4,1,تصلي,تصلى
5971,88,الغاشية,4,3,حاميه,حامية
5972,88,الغاشية,5,1,تسقي,تسقى
5972,88,الغاشية,5,4,انيه,آنية
5973,88,الغاشية,6,4,الا,إلا
5975,88,الغاشية,8,2,يوميذ,يومئذ
5975,88,الغاشية,8,3,ناعمه,ناعمة
5976,88,الغاشية,9,2,راضيه,راضية
5977,88,الغاشية,10,2,جنه,جنة
5977,88,الغاشية,10,3,عاليه,عالية
5978,88,الغاشية,11,4,لاغيه,لاغية
5979,88,الغاشية,12,3,جاريه,جارية
5980,88,الغاشية,13,3,مرفوعه,مرفوعة
5981,88,الغاشية,14,1,واكواب,وأكواب
5981,88,الغاشية,14,2,موضوعه,موضوعة
5982,88,الغاشية,15,2,مصفوفه,مصفوفة
5983,88,الغاشية,16,2,مبثوثه,مبثوثة
5984,88,الغاشية,17,1,افلا,أفلا
5984,88,الغاشية,17,3,الي,إلى
5984,88,الغاشية,17,4,الابل,الإبل
5985,88,الغاشية,18,1,والي,وإلى
5986,88,الغاشية,19,1,والي,وإلى
5987,88,الغاشية,20,1,والي,وإلى
5987,88,الغاشية,20,2,الارض,الأرض
5988,88,الغاشية,21,2,انما,إنما
5988,88,الغاشية,21,3,انت,أنت
5990,88,الغاشية,23,1,الا,إلا
5990,88,الغاشية,23,3,تولي,تولى
5991,88,الغاشية,24,4,الاكبر,الأكبر
5992,88,الغاشية,25,1,ان,إن
5992,88,الغاشية,25,2,الينا,إلينا
5992,88,الغاشية,25,3,ايابهم,إيابهم
5993,88,الغاشية,26,2,ان,إن
5997,89,الفجر,4,2,اذا,إذا
5999,89,الفجر,6,1,الم,ألم
6000,89,الفجر,7,1,ارم,إرم
6003,89,الفجر,10,3,الاوتاد,الأوتاد
6005,89,الفجر,12,1,فاكثروا,فأكثروا
6007,89,الفجر,14,1,ان,إن
6008,89,الفجر,15,1,فاما,فأما
6008,89,الفجر,15,2,الانسان,الإنسان
6008,89,الفجر,15,3,اذا,إذا
6008,89,الفجر,15,7,فاكرمه,فأكرمه
6008,89,الفجر,15,11,اكرمن,أكرمن
6009,89,الفجر,16,1,واما,وأما
6009,89,الفجر,16,2,اذا,إذا
6009,89,الفجر,16,10,اهانن,أهانن
6011,89,الفجر,18,3,علي,على
6012,89,الفجر,19,1,وتاكلون,وتأكلون
6012,89,الفجر,19,3,اكلا,أكلا
6014,89,الفجر,21,2,اذا,إذا
6014,89,الفجر,21,4,الارض,الأرض
6016,89,الفجر,23,2,يوميذ,يومئذ
6016,89,الفجر,23,4,يوميذ,يومئذ
6016,89,الفجر,23,6,الانسان,الإنسان
6016,89,الفجر,23,7,واني,وأنى
6016,89,الفجر,23,9,الذكري,الذكرى
6018,89,الفجر,25,1,فيوميذ,فيومئذ
6018,89,الفجر,25,5,احد,أحد
6019,89,الفجر,26,4,احد,أحد
6020,89,الفجر,27,2,ايتها,أيتها
6020,89,الفجر,27,4,المطمينه,المطمئنة
6021,89,الفجر,28,2,الي,إلى
6021,89,الفجر,28,4,راضيه,راضية
6021,89,الفجر,28,5,مرضيه,مرضية
6024,90,البلد,1,6,اقسم,أقسم
6025,90,البلد,2,1,وانت,وأنت
6027,90,البلد,4,3,الانسان,الإنسان
6028,90,البلد,5,1,ايحسب,أيحسب
6028,90,البلد,5,2,ان,أن
6028,90,البلد,5,6,احد,أحد
6029,90,البلد,6,2,اهلكت,أهلكت
6030,90,البلد,7,1,ايحسب,أيحسب
6030,90,البلد,7,2,ان,أن
6030,90,البلد,7,5,احد,أحد
6031,90,البلد,8,1,الم,ألم
6034,90,البلد,11,3,العقبه,العقبة
6035,90,البلد,12,2,ادراك,أدراك
6035,90,البلد,12,4,العقبه,العقبة
6036,90,البلد,13,2,رقبه,رقبة
6037,90,البلد,14,1,او,أو
6037,90,البلد,14,2,اطعام,إطعام
6037,90,البلد,14,6,مسغبه,مسغبة
6038,90,البلد,15,3,مقربه,مقربة
6039,90,البلد,16,1,او,أو
6039,90,البلد,16,4,متربه,متربة
6040,90,البلد,17,5,امنوا,آمنوا
6040,90,البلد,17,9,بالمرحمه,بالمرحمة
6041,90,البلد,18,1,اوليك,أولئك
6041,90,البلد,18,2,اصحاب,أصحاب
6041,90,البلد,18,3,الميمنه,الميمنة
6042,90,البلد,19,3,باياتنا,بآياتنا
6042,90,البلد,19,5,اصحاب,أصحاب
6042,90,البلد,19,6,المشامه,المشأمة
6043,90,البلد,20,3,موصده,مؤصدة
6045,91,الشمس,2,2,اذا,إذا
6046,91,الشمس,3,2,اذا,إذا
6047,91,الشمس,4,2,اذا,إذا
6049,91,الشمس,6,1,والارض,والأرض
6051,91,الشمس,8,1,فالهمها,فألهمها
6052,91,الشمس,9,2,افلح,أفلح
6055,91,الشمس,12,1,اذ,إذ
6055,91,الشمس,12,3,اشقاها,أشقاها
6056,91,الشمس,13,5,ناقه,ناقة
6059,92,الليل,1,6,اذا,إذا
6059,92,الليل,1,7,يغشي,يغشى
6060,92,الليل,2,2,اذا,إذا
6060,92,الليل,2,3,تجلي,تجلى
6061,92,الليل,3,4,والانثي,والأنثى
6062,92,الليل,4,1,ان,إن
6062,92,الليل,4,3,لشتي,لشتى
6063,92,الليل,5,1,فاما,فأما
6063,92,الليل,5,3,اعطي,أعطى
6063,92,الليل,5,4,واتقي,واتقى
6064,92,الليل,6,2,بالحسني,بالحسنى
6065,92,الليل,7,2,لليسري,لليسرى
6066,92,الليل,8,1,واما,وأما
6066,92,الليل,8,4,واستغني,واستغنى
6067,92,الليل,9,2,بالحسني,بالحسنى
6068,92,الليل,10,2,للعسري,للعسرى
6069,92,الليل,11,5,اذا,إذا
6069,92,الليل,11,6,تردي,تردى
6070,92,الليل,12,1,ان,إن
6070,92,الليل,12,3,للهدي,للهدى
6071,92,الليل,13,1,وان,وإن
6071,92,الليل,13,3,للاخره,للآخرة
6071,92,الليل,13,4,والاولي,والأولى
6072,92,الليل,14,1,فانذرتكم,فأنذرتكم
6072,92,الليل,14,3,تلظي,تلظى
6073,92,الليل,15,3,الا,إلا
6073,92,الليل,15,4,الاشقي,الأشقى
6074,92,الليل,16,3,وتولي,وتولى
6075,92,الليل,17,2,الاتقي,الأتقى
6076,92,الليل,18,2,يوتي,يؤتي
6076,92,الليل,18,4,يتزكي,يتزكى
6077,92,الليل,19,2,لاحد,لأحد
6077,92,الليل,19,5,نعمه,نعمة
6077,92,الليل,19,6,تجزي,تجزى
6078,92,الليل,20,1,الا,إلا
6078,92,الليل,20,5,الاعلي,الأعلى
6079,92,الليل,21,2,يرضي,يرضى
6080,93,الضحى,1,5,والضحي,والضحى
6081,93,الضحى,2,2,اذا,إذا
6081,93,الضحى,2,3,سجي,سجى
6082,93,الضحى,3,5,قلي,قلى
6083,93,الضحى,4,1,وللاخره,وللآخرة
6083,93,الضحى,4,5,الاولي,الأولى
6084,93,الضحى,5,4,فترضي,فترضى
6085,93,الضحى,6,1,الم,ألم
6085,93,الضحى,6,4,فاوي,فآوى
6086,93,الضحى,7,3,فهدي,فهدى
6087,93,الضحى,8,2,عايلا,عائلا
6087,93,الضحى,8,3,فاغني,فأغنى
6088,93,الضحى,9,1,فاما,فأما
6089,93,الضحى,10,1,واما,وأما
6089,93,الضحى,10,2,السايل,السائل
6090,93,الضحى,11,1,واما,وأما
6090,93,الضحى,11,2,بنعمه,بنعمة
6091,94,الشرح,1,5,الم,ألم
6093,94,الشرح,3,2,انقض,أنقض
6095,94,الشرح,5,1,فان,فإن
6096,94,الشرح,6,1,ان,إن
6097,94,الشرح,7,1,فاذا,فإذا
6098,94,الشرح,8,1,والي,وإلى
6101,95,التين,3,3,الامين,الأمين
6102,95,التين,4,3,الانسان,الإنسان
6102,95,التين,4,5,احسن,أحسن
6103,95,التين,5,3,اسفل,أسفل
6104,95,التين,6,1,الا,إلا
6104,95,التين,6,3,امنوا,آمنوا
6104,95,التين,6,7,اجر,أجر
6106,95,التين,8,1,اليس,أليس
6106,95,التين,8,3,باحكم,بأحكم
6107,96,العلق,1,5,اقرا,اقرأ
6108,96,العلق,2,2,الانسان,الإنسان
6109,96,العلق,3,1,اقرا,اقرأ
6109,96,العلق,3,3,الاكرم,الأكرم
6111,96,العلق,5,2,الانسان,الإنسان
6112,96,العلق,6,2,ان,إن
6112,96,العلق,6,3,الانسان,الإنسان
6112,96,العلق,6,4,ليطغي,ليطغى
6113,96,العلق,7,1,ان,أن
6113,96,العلق,7,2,راه,رآه
6113,96,العلق,7,3,استغني,استغنى
6114,96,العلق,8,1,ان,إن
6114,96,العلق,8,2,الي,إلى
6114,96,العلق,8,4,الرجعي,الرجعى
6115,96,العلق,9,1,ارايت,أرأيت
6115,96,العلق,9,3,ينهي,ينهى
6116,96,العلق,10,2,اذا,إذا
6116,96,العلق,10,3,صلي,صلى
6117,96,العلق,11,1,ارايت,أرأيت
6117,96,العلق,11,2,ان,إن
6117,96,العلق,11,4,علي,على
6117,96,العلق,11,5,الهدي,الهدى
6118,96,العلق,12,1,او,أو
6118,96,العلق,12,2,امر,أمر
6118,96,العلق,12,3,بالتقوي,بالتقوى
6119,96,العلق,13,1,ارايت,أرأيت
6119,96,العلق,13,2,ان,إن
6119,96,العلق,13,4,وتولي,وتولى
6120,96,العلق,14,1,الم,ألم
6120,96,العلق,14,3,بان,بأن
6120,96,العلق,14,5,يري,يرى
6121,96,العلق,15,2,لين,لئن
6121,96,العلق,15,6,بالناصيه,بالناصية
6122,96,العلق,16,1,ناصيه,ناصية
6122,96,العلق,16,2,كاذبه,كاذبة
6122,96,العلق,16,3,خاطيه,خاطئة
6124,96,العلق,18,2,الزبانيه,الزبانية
6126,97,القدر,1,5,انا,إنا
6126,97,القدر,1,6,انزلناه,أنزلناه
6126,97,القدر,1,8,ليله,ليلة
6127,97,القدر,2,2,ادراك,أدراك
6127,97,القدر,2,4,ليله,ليلة
6128,97,القدر,3,1,ليله,ليلة
6128,97,القدر,3,5,الف,ألف
6129,97,القدر,4,2,الملايكه,الملائكة
6129,97,القدر,4,5,باذن,بإذن
6129,97,القدر,4,9,امر,أمر
6130,97,القدر,5,3,حتي,حتى
6131,98,البينة,1,10,اهل,أهل
6131,98,البينة,1,14,حتي,حتى
6131,98,البينة,1,15,تاتيهم,تأتيهم
6131,98,البينة,1,16,البينه,البينة
6132,98,البينة,2,6,مطهره,مطهرة
6133,98,البينة,3,3,قيمه,قيمة
6134,98,البينة,4,4,اوتوا,أوتوا
6134,98,البينة,4,6,الا,إلا
6134,98,البينة,4,11,البينه,البينة
6135,98,البينة,5,2,امروا,أمروا
6135,98,البينة,5,3,الا,إلا
6135,98,البينة,5,11,الصلاه,الصلاة
6135,98,البينة,5,12,ويوتوا,ويؤتوا
6135,98,البينة,5,13,الزكاه,الزكاة
6135,98,البينة,5,16,القيمه,القيمة
6136,98,البينة,6,1,ان,إن
6136,98,البينة,6,5,اهل,أهل
6136,98,البينة,6,13,اوليك,أولئك
6136,98,البينة,6,16,البريه,البرية
6137,98,البينة,7,1,ان,إن
6137,98,البينة,7,3,امنوا,آمنوا
6137,98,البينة,7,6,اوليك,أولئك
6137,98,البينة,7,9,البريه,البرية
6138,98,البينة,8,1,جزاوهم,جزاؤهم
6138,98,البينة,8,9,الانهار,الأنهار
6138,98,البينة,8,12,ابدا,أبدا
6139,99,الزلزلة,1,5,اذا,إذا
6139,99,الزلزلة,1,7,الارض,الأرض
6140,99,الزلزلة,2,1,واخرجت,وأخرجت
6140,99,الزلزلة,2,2,الارض,الأرض
6140,99,الزلزلة,2,3,اثقالها,أثقالها
6141,99,الزلزلة,3,2,الانسان,الإنسان
6142,99,الزلزلة,4,1,يوميذ,يومئذ
6142,99,الزلزلة,4,3,اخبارها,أخبارها
6143,99,الزلزلة,5,1,بان,بأن
6143,99,الزلزلة,5,3,اوحي,أوحى
6144,99,الزلزلة,6,1,يوميذ,يومئذ
6144,99,الزلزلة,6,4,اشتاتا,أشتاتا
6144,99,الزلزلة,6,6,اعمالهم,أعمالهم
6145,99,الزلزلة,7,4,ذره,ذرة
6146,99,الزلزلة,8,4,ذره,ذرة
6150,100,العاديات,4,1,فاثرن,فأثرن
6152,100,العاديات,6,1,ان,إن
6152,100,العاديات,6,2,الانسان,الإنسان
6153,100,العاديات,7,1,وانه,وإنه
6153,100,العاديات,7,2,علي,على
6154,100,العاديات,8,1,وانه,وإنه
6155,100,العاديات,9,1,افلا,أفلا
6155,100,العاديات,9,3,اذا,إذا
6157,100,العاديات,11,1,ان,إن
6157,100,العاديات,11,4,يوميذ,يومئذ
6158,101,القارعة,1,5,القارعه,القارعة
6159,101,القارعة,2,2,القارعه,القارعة
6160,101,القارعة,3,2,ادراك,أدراك
6160,101,القارعة,3,4,القارعه,القارعة
6163,101,القارعة,6,1,فاما,فأما
6164,101,القارعة,7,3,عيشه,عيشة
6164,101,القارعة,7,4,راضيه,راضية
6165,101,القارعة,8,1,واما,وأما
6166,101,القارعة,9,1,فامه,فأمه
6166,101,القارعة,9,2,هاويه,هاوية
6167,101,القارعة,10,2,ادراك,أدراك
6168,101,القارعة,11,2,حاميه,حامية
6169,102,التكاثر,1,5,الهاكم,ألهاكم
6170,102,التكاثر,2,1,حتي,حتى
6176,102,التكاثر,8,2,لتسالن,لتسألن
6176,102,التكاثر,8,3,يوميذ,يومئذ
6178,103,العصر,2,1,ان,إن
6178,103,العصر,2,2,الانسان,الإنسان
6179,103,العصر,3,1,الا,إلا
6179,103,العصر,3,3,امنوا,آمنوا
6180,104,الهمزة,1,7,همزه,همزة
6180,104,الهمزة,1,8,لمزه,لمزة
6182,104,الهمزة,3,2,ان,أن
6182,104,الهمزة,3,4,اخلده,أخلده
6183,104,الهمزة,4,4,الحطمه,الحطمة
6184,104,الهمزة,5,2,ادراك,أدراك
6184,104,الهمزة,5,4,الحطمه,الحطمة
6185,104,الهمزة,6,3,الموقده,الموقدة
6186,104,الهمزة,7,3,علي,على
6186,104,الهمزة,7,4,الافيده,الأفئدة
6187,104,الهمزة,8,1,انها,إنها
6187,104,الهمزة,8,3,موصده,مؤصدة
6188,104,الهمزة,9,3,ممدده,ممددة
6189,105,الفيل,1,5,الم,ألم
6189,105,الفيل,1,10,باصحاب,بأصحاب
6190,105,الفيل,2,1,الم,ألم
6191,105,الفيل,3,1,وارسل,وأرسل
6191,105,الفيل,3,4,ابابيل,أبابيل
6192,105,الفيل,4,2,بحجاره,بحجارة
6193,105,الفيل,5,3,ماكول,مأكول
6194,106,قريش,1,5,لايلاف,لإيلاف
6195,106,قريش,2,1,ايلافهم,إيلافهم
6195,106,قريش,2,2,رحله,رحلة
6197,106,قريش,4,2,اطعمهم,أطعمهم
6197,106,قريش,4,5,وامنهم,وآمنهم
6198,107,الماعون,1,5,ارايت,أرأيت
6200,107,الماعون,3,3,علي,على
6205,108,الكوثر,1,5,انا,إنا
6205,108,الكوثر,1,6,اعطيناك,أعطيناك
6207,108,الكوثر,3,1,ان,إن
6207,108,الكوثر,3,2,شانيك,شانئك
6207,108,الكوثر,3,4,الابتر,الأبتر
6208,109,الكافرون,1,7,ايها,أيها
6209,109,الكافرون,2,2,اعبد,أعبد
6210,109,الكافرون,3,2,انتم,أنتم
6210,109,الكافرون,3,5,اعبد,أعبد
6211,109,الكافرون,4,2,انا,أنا
6212,109,الكافرون,5,2,انتم,أنتم
6212,109,الكافرون,5,5,اعبد,أعبد
6214,110,النصر,1,5,اذا,إذا
6215,110,النصر,2,1,ورايت,ورأيت
6215,110,النصر,2,7,افواجا,أفواجا
6216,110,النصر,3,5,انه,إنه
6217,111,المسد,1,7,ابي,أبي
6218,111,المسد,2,2,اغني,أغنى
6219,111,المسد,3,1,سيصلي,سيصلى
6220,111,المسد,4,1,وامراته,وامرأته
6220,111,المسد,4,2,حماله,حمالة
6222,112,الإخلاص,1,8,احد,أحد
6225,112,الإخلاص,4,5,احد,أحد
6226,113,الفلق,1,6,اعوذ,أعوذ
6228,113,الفلق,3,4,اذا,إذا
6230,113,الفلق,5,4,اذا,إذا
6231,114,الناس,1,6,اعوذ,أعوذ
6233,114,الناس,3,1,اله,إله
6236,114,الناس,6,2,الجنه,الجنة
